x,y,vx,vy,nativeX,nativeY,nativeVX,nativeVY,contacts
0.100000,1.160000,-4.000000,2.000000,0.042210273,1.189719915,2.503051281,-0.448632538,top-left-22;top-left-23;top-left-24
0.100000,1.160000,-4.000000,6.000000,0.078075245,1.228374720,4.331089020,0.126574755,top-left-19;top-left-20;top-left-21
0.100000,1.160000,-4.000000,10.000000,0.118294641,1.252912998,6.579380035,0.811258018,top-left-18;top-left-19;top-left-20
0.100000,1.160000,-2.000000,2.000000,0.066666663,1.193001151,-2.000000000,1.980074286,none
0.100000,1.160000,-2.000000,6.000000,0.074180059,1.252637506,3.888907671,0.293597549,top-left-17;top-left-18;top-left-19
0.100000,1.160000,-2.000000,10.000000,0.117414258,1.269270658,6.339033127,0.555490136,top-left-16;top-left-17;top-left-18
0.100000,1.160000,0.000000,2.000000,0.100000001,1.193001151,0.000000000,1.980074286,none
0.100000,1.160000,0.000000,6.000000,0.100000001,1.259667873,0.000000000,5.980074406,none
0.100000,1.160000,0.000000,10.000000,0.122601792,1.292289972,6.298648834,0.377572477,top-left-14;top-left-15;top-left-16
0.100000,1.160000,2.000000,2.000000,0.133333340,1.193001151,2.000000000,1.980074286,none
0.100000,1.160000,2.000000,6.000000,0.133333340,1.259667873,2.000000000,5.980074406,none
0.100000,1.160000,2.000000,10.000000,0.136573255,1.319318295,6.448896885,-0.457023323,top-left-11;top-left-12;top-left-13
0.100000,1.160000,4.000000,2.000000,0.166666672,1.193001151,4.000000000,1.980074286,none
0.100000,1.160000,4.000000,6.000000,0.166666672,1.259667873,4.000000000,5.980074406,none
0.100000,1.160000,4.000000,10.000000,0.166666672,1.326334596,4.000000000,9.980073929,none
0.100000,1.230000,-4.000000,2.000000,0.082403578,1.234772086,2.040576458,-1.491515398,top-left-18;top-left-19;top-left-20
0.100000,1.230000,-4.000000,6.000000,0.121839702,1.250337005,4.036878109,-1.233392477,top-left-16;top-left-17;top-left-18
0.100000,1.230000,-4.000000,10.000000,0.164425924,1.264412165,6.487481594,-0.588317692,top-left-16;top-left-17;top-left-18
0.100000,1.230000,-2.000000,2.000000,0.077072829,1.255301714,1.490725994,-0.621159852,top-left-17;top-left-18;top-left-19
0.100000,1.230000,-2.000000,6.000000,0.120710932,1.266109109,3.807570934,-0.877341390,top-left-15;top-left-16;top-left-17
0.100000,1.230000,-2.000000,10.000000,0.163720652,1.278504014,6.300518990,-0.119806290,top-left-15;top-left-16;top-left-17
0.100000,1.230000,0.000000,2.000000,0.100000001,1.263001204,0.000000000,1.980074286,none
0.100000,1.230000,0.000000,6.000000,0.124705553,1.292415977,3.774159670,0.226242065,top-left-14;top-left-15;top-left-16
0.100000,1.230000,0.000000,10.000000,0.166702911,1.294929147,6.294502258,0.373639226,top-left-14;top-left-15;top-left-16
0.100000,1.230000,2.000000,2.000000,0.133333340,1.263001204,2.000000000,1.980074286,none
0.100000,1.230000,2.000000,6.000000,0.137934774,1.318037152,4.135089874,0.214192793,top-left-11;top-left-12;top-left-13
0.100000,1.230000,2.000000,10.000000,0.170469508,1.291531920,6.058767796,-1.593041658,top-left-12;top-left-13;top-left-14;top-left-15
0.100000,1.230000,4.000000,2.000000,0.166666672,1.263001204,4.000000000,1.980074286,none
0.100000,1.230000,4.000000,6.000000,0.166666672,1.329667926,4.000000000,5.980074406,none
0.100000,1.230000,4.000000,10.000000,0.181549311,1.304421544,5.994476795,-2.732637882,top-left-10;top-left-11;top-left-12;top-left-13
0.100000,1.280000,-4.000000,2.000000,0.116247013,1.251639962,1.548843145,-2.120450497,top-left-15;top-left-16;top-left-17
0.100000,1.280000,-4.000000,6.000000,0.152187914,1.254249573,3.610928059,-2.056448698,top-left-14;top-left-15;top-left-16
0.100000,1.280000,-4.000000,10.000000,0.194287688,1.257135510,6.114248753,-1.918944597,top-left-14;top-left-15;top-left-16
0.100000,1.280000,-2.000000,2.000000,0.111204341,1.270179629,1.171437979,-1.070737004,top-left-14;top-left-15;top-left-16;top-left-17
0.100000,1.280000,-2.000000,6.000000,0.153922886,1.273922920,3.683698654,-0.920367420,top-left-14;top-left-15;top-left-16
0.100000,1.280000,-2.000000,10.000000,0.196291611,1.276884556,6.209397793,-0.767902970,top-left-14;top-left-15;top-left-16
0.100000,1.280000,0.000000,2.000000,0.114186808,1.291785479,1.249669313,0.074911349,top-left-14;top-left-15;top-left-16
0.100000,1.280000,0.000000,6.000000,0.156261638,1.294307590,3.774159670,0.226242065,top-left-14;top-left-15;top-left-16
0.100000,1.280000,0.000000,10.000000,0.198336452,1.296829820,6.298648357,0.377572000,top-left-14;top-left-15;top-left-16
0.100000,1.280000,2.000000,2.000000,0.133333340,1.313001156,2.000000000,1.980074286,none
0.100000,1.280000,2.000000,6.000000,0.165747449,1.314404368,4.316580772,1.269025087,top-left-13;top-left-14;top-left-15
0.100000,1.280000,2.000000,10.000000,0.204631761,1.320997596,6.649171352,1.770520806,top-left-14;top-left-15;top-left-16
0.100000,1.280000,4.000000,2.000000,0.166666672,1.313001156,4.000000000,1.980074286,none
0.100000,1.280000,4.000000,6.000000,0.183358818,1.338831782,5.408949375,2.465732098,top-left-12;top-left-13;top-left-14
0.100000,1.280000,4.000000,10.000000,0.219325066,1.338752151,7.535214424,2.714286327,top-left-13;top-left-14;top-left-15
0.100000,1.320000,-4.000000,2.000000,0.040402677,1.363812685,-1.239122152,-1.590304613,ceiling;top-left-12;top-left-13;top-left-14;top-left-15
0.100000,1.320000,-4.000000,6.000000,0.029797673,1.341288805,1.679731011,-2.591350555,ceiling;left-wall;top-left-12;top-left-13;top-left-14;top-left-15
0.100000,1.320000,-4.000000,10.000000,0.046196349,1.336953878,2.639282942,-2.884205341,ceiling;left-wall;top-left-12;top-left-13;top-left-14;top-left-15
0.100000,1.320000,-2.000000,2.000000,0.038569458,1.371837139,-1.316089034,-1.108841658,ceiling;top-left-12;top-left-13;top-left-14;top-left-15
0.100000,1.320000,-2.000000,6.000000,0.024541436,1.358978629,1.398519874,-2.021344185,ceiling;left-wall;top-left-12;top-left-13;top-left-14;top-left-15
0.100000,1.320000,-2.000000,10.000000,0.027503705,1.352794051,-2.172468662,-2.251418352,ceiling;top-left-12;top-left-13;top-left-14;top-left-15
0.100000,1.320000,0.000000,2.000000,0.067255042,1.354184031,-0.124233022,0.163425580,top-left-12;top-left-13;top-left-14;top-left-15
0.100000,1.320000,0.000000,6.000000,0.066309333,1.355428100,-0.180975676,0.238069057,top-left-12;top-left-13;top-left-14;top-left-15
0.100000,1.320000,0.000000,10.000000,0.067281924,1.354148626,-0.122620389,0.161304757,top-left-12;top-left-13;top-left-14;top-left-15
0.100000,1.320000,2.000000,2.000000,0.068461359,1.352597117,-0.051854230,0.068212844,top-left-12;top-left-13;top-left-14;top-left-15
0.100000,1.320000,2.000000,6.000000,0.067737333,1.353549600,-0.095295623,0.125358298,top-left-12;top-left-13;top-left-14;top-left-15
0.100000,1.320000,2.000000,10.000000,0.067076378,1.354418993,-0.134952933,0.177526861,top-left-12;top-left-13;top-left-14;top-left-15
0.100000,1.320000,4.000000,2.000000,0.067997277,1.353207707,-0.079699039,0.104842469,top-left-12;top-left-13;top-left-14;top-left-15
0.100000,1.320000,4.000000,6.000000,0.067218550,1.354232073,-0.126422882,0.166306406,top-left-12;top-left-13;top-left-14;top-left-15
0.100000,1.320000,4.000000,10.000000,0.066476695,1.355207920,-0.170934111,0.224859998,top-left-12;top-left-13;top-left-14;top-left-15
0.100000,1.350000,-4.000000,2.000000,0.035981305,1.372654796,-3.126322508,-1.108841658,ceiling
0.100000,1.350000,-4.000000,6.000000,0.049954824,1.335321665,-2.632165194,-3.348841190,ceiling
0.100000,1.350000,-4.000000,10.000000,0.052429873,1.297988176,-2.632178068,-5.588841915,ceiling
0.100000,1.350000,-2.000000,2.000000,0.068739489,1.372654796,-1.316089034,-1.108841658,ceiling
0.100000,1.350000,-2.000000,6.000000,0.074977413,1.335321665,-1.316082597,-3.348841190,ceiling
0.100000,1.350000,-2.000000,10.000000,0.063998446,1.324106693,-3.611541748,-0.563943267,ceiling;top-left-13;top-left-14;top-left-15
0.100000,1.350000,0.000000,2.000000,0.100000001,1.372654796,0.000000000,-1.108841658,ceiling
0.100000,1.350000,0.000000,6.000000,0.095577888,1.343007803,-2.030117273,0.332091898,ceiling;top-left-12;top-left-13;top-left-14
0.100000,1.350000,0.000000,10.000000,0.072945498,1.346709847,-3.388071060,0.554212451,ceiling;top-left-12;top-left-13;top-left-14
0.100000,1.350000,2.000000,2.000000,0.131260514,1.372654796,1.316089034,-1.108841658,ceiling
0.100000,1.350000,2.000000,6.000000,0.108030781,1.364661455,-1.556517839,1.650840044,ceiling;top-left-10;top-left-11;top-left-12;top-left-13
0.100000,1.350000,2.000000,10.000000,0.077200331,1.362537146,-3.577360868,1.203954458,ceiling;top-left-11;top-left-12;top-left-13
0.100000,1.350000,4.000000,2.000000,0.147656083,1.373998880,-0.383860677,-0.721124768,ceiling;top-left-10;top-left-11;top-left-8;top-left-9
0.100000,1.350000,4.000000,6.000000,0.119647250,1.373972178,-0.736875415,-1.181594491,ceiling;top-left-10;top-left-11;top-left-12
0.100000,1.350000,4.000000,10.000000,0.084058583,1.376994610,-3.351455688,1.856820107,ceiling;top-left-10;top-left-11;top-left-12
0.100000,1.370000,-4.000000,2.000000,0.044805977,1.361454964,-3.126322508,-1.108841658,ceiling
0.100000,1.370000,-4.000000,6.000000,0.054529261,1.324121594,-2.632178068,-3.348841190,ceiling
0.100000,1.370000,-4.000000,10.000000,0.048219986,1.301673293,-4.353371143,-1.753214598,ceiling;top-left-15;top-left-16;top-left-17
0.100000,1.370000,-2.000000,2.000000,0.075647488,1.361454964,-1.316082597,-1.108841658,ceiling
0.100000,1.370000,-2.000000,6.000000,0.077264622,1.324121594,-1.316089034,-3.348841190,ceiling
0.100000,1.370000,-2.000000,10.000000,0.059704088,1.330864191,-3.497658491,-0.127648637,ceiling;top-left-13;top-left-14;top-left-15
0.100000,1.370000,0.000000,2.000000,0.100000001,1.361454964,0.000000000,-1.108841658,ceiling
0.100000,1.370000,0.000000,6.000000,0.088788107,1.344118357,-2.030131817,0.332086504,ceiling;top-left-12;top-left-13;top-left-14
0.100000,1.370000,0.000000,10.000000,0.066155806,1.347820520,-3.388071060,0.554212451,ceiling;top-left-12;top-left-13;top-left-14
0.100000,1.370000,2.000000,2.000000,0.124352515,1.361454964,1.316082597,-1.108841658,ceiling
0.100000,1.370000,2.000000,6.000000,0.093852252,1.358962178,-2.194032907,0.887462616,ceiling;top-left-11;top-left-12;top-left-13
0.100000,1.370000,2.000000,10.000000,0.072745539,1.365010142,-3.169539452,1.480465293,ceiling;top-left-11;top-left-12;top-left-13
0.100000,1.370000,4.000000,2.000000,0.136604145,1.374661922,-0.186256066,-1.032558084,ceiling;top-left-10;top-left-11;top-left-9
0.100000,1.370000,4.000000,6.000000,0.100170732,1.372478247,-1.960284233,1.545659661,ceiling;top-left-10;top-left-11;top-left-12
0.100000,1.370000,4.000000,10.000000,0.082874067,1.374089718,-1.703757882,-1.294253707,ceiling;top-left-11;top-left-12;top-left-13
0.150000,1.160000,-4.000000,2.000000,0.083333328,1.193001151,-4.000000000,1.980074286,none
0.150000,1.160000,-4.000000,6.000000,0.083333328,1.259667873,-4.000000000,5.980074406,none
0.150000,1.160000,-4.000000,10.000000,0.121226653,1.281881690,6.110579491,-1.922432899,top-left-14;top-left-15;top-left-16
0.150000,1.160000,-2.000000,2.000000,0.116666660,1.193001151,-2.000000000,1.980074286,none
0.150000,1.160000,-2.000000,6.000000,0.116666660,1.259667873,-2.000000000,5.980074406,none
0.150000,1.160000,-2.000000,10.000000,0.129736975,1.306433082,5.798484325,-2.032346964,top-left-12;top-left-13;top-left-14
0.150000,1.160000,0.000000,2.000000,0.150000006,1.193001151,0.000000000,1.980074286,none
0.150000,1.160000,0.000000,6.000000,0.150000006,1.259667873,0.000000000,5.980074406,none
0.150000,1.160000,0.000000,10.000000,0.150000006,1.326334596,0.000000000,9.980073929,none
0.150000,1.160000,2.000000,2.000000,0.183333337,1.193001151,2.000000000,1.980074286,none
0.150000,1.160000,2.000000,6.000000,0.183333337,1.259667873,2.000000000,5.980074406,none
0.150000,1.160000,2.000000,10.000000,0.183333337,1.326334596,2.000000000,9.980073929,none
0.150000,1.160000,4.000000,2.000000,0.216666669,1.193001151,4.000000000,1.980074286,none
0.150000,1.160000,4.000000,6.000000,0.216666669,1.259667873,4.000000000,5.980074406,none
0.150000,1.160000,4.000000,10.000000,0.216666669,1.326334596,4.000000000,9.980073929,none
0.150000,1.230000,-4.000000,2.000000,0.083333328,1.263001204,-4.000000000,1.980074286,none
0.150000,1.230000,-4.000000,6.000000,0.123987414,1.282362938,3.319944859,-2.552466154,top-left-13;top-left-14;top-left-15
0.150000,1.230000,-4.000000,10.000000,0.166644245,1.280937910,5.461487293,-3.139934063,top-left-12;top-left-13;top-left-14
0.150000,1.230000,-2.000000,2.000000,0.116666660,1.263001204,-2.000000000,1.980074286,none
0.150000,1.230000,-2.000000,6.000000,0.132524818,1.307096481,3.334713459,-1.665260673,top-left-12;top-left-13;top-left-14
0.150000,1.230000,-2.000000,10.000000,0.174378067,1.299396276,5.489102840,-2.626507282,top-left-11;top-left-12;top-left-13
0.150000,1.230000,0.000000,2.000000,0.150000006,1.263001204,0.000000000,1.980074286,none
0.150000,1.230000,0.000000,6.000000,0.150000006,1.329667926,0.000000000,5.980074406,none
0.150000,1.230000,0.000000,10.000000,0.176114351,1.303127050,4.027577400,-4.571168900,top-left-10;top-left-11;top-left-12;top-left-9
0.150000,1.230000,2.000000,2.000000,0.183333337,1.263001204,2.000000000,1.980074286,none
0.150000,1.230000,2.000000,6.000000,0.183333337,1.329667926,2.000000000,5.980074406,none
0.150000,1.230000,2.000000,10.000000,0.203078538,1.333697796,5.855068207,-2.361837387,top-left-10;top-left-8;top-left-9
0.150000,1.230000,4.000000,2.000000,0.216666669,1.263001204,4.000000000,1.980074286,none
0.150000,1.230000,4.000000,6.000000,0.216666669,1.329667926,4.000000000,5.980074406,none
0.150000,1.230000,4.000000,10.000000,0.225045726,1.347794890,6.147165298,-2.762874603,top-left-6;top-left-7;top-left-8
0.150000,1.280000,-4.000000,2.000000,0.115670167,1.284231663,0.982717991,-2.436138391,top-left-13;top-left-14;top-left-15
0.150000,1.280000,-4.000000,6.000000,0.156889990,1.281733990,2.820894241,-3.109000683,top-left-11;top-left-12;top-left-13;top-left-14
0.150000,1.280000,-4.000000,10.000000,0.197199136,1.274349928,5.043217659,-3.688209534,top-left-11;top-left-12;top-left-13
0.150000,1.280000,-2.000000,2.000000,0.121456876,1.307564378,0.911355376,-1.306479931,top-left-12;top-left-13;top-left-14
0.150000,1.280000,-2.000000,6.000000,0.165653929,1.303272963,3.108401775,-2.000674009,top-left-11;top-left-12;top-left-13
0.150000,1.280000,-2.000000,10.000000,0.202738434,1.287750483,5.130928040,-3.175547600,top-left-10;top-left-11;top-left-12
0.150000,1.280000,0.000000,2.000000,0.150000006,1.313001156,0.000000000,1.980074286,none
0.150000,1.280000,0.000000,6.000000,0.169388279,1.310760856,2.413330078,-2.739050388,top-left-10;top-left-11;top-left-12;top-left-9
0.150000,1.280000,0.000000,10.000000,0.196292520,1.280225635,4.027585030,-4.571163654,top-left-10;top-left-11;top-left-12;top-left-9
0.150000,1.280000,2.000000,2.000000,0.183333337,1.313001156,2.000000000,1.980074286,none
0.150000,1.280000,2.000000,6.000000,0.194246083,1.338807821,3.840324402,-1.053941488,top-left-10;top-left-8;top-left-9
0.150000,1.280000,2.000000,10.000000,0.227527663,1.320822239,6.112926483,-1.754184365,top-left-10;top-left-11;top-left-9
0.150000,1.280000,4.000000,2.000000,0.216666669,1.313001156,4.000000000,1.980074286,none
0.150000,1.280000,4.000000,6.000000,0.212944195,1.347654223,2.783442974,-3.306521654,top-left-5;top-left-6;top-left-7;top-left-8
0.150000,1.280000,4.000000,10.000000,0.233113006,1.312208176,5.635257721,-3.614235401,top-left-10;top-left-7;top-left-8;top-left-9
0.150000,1.320000,-4.000000,2.000000,0.157865226,1.292043209,1.320626020,-2.346413612,top-left-10;top-left-11;top-left-12;top-left-13
0.150000,1.320000,-4.000000,6.000000,0.179249033,1.277743101,2.285893917,-3.321228027,top-left-10;top-left-11;top-left-12
0.150000,1.320000,-4.000000,10.000000,0.217923686,1.263848662,4.567332745,-4.188534737,top-left-10;top-left-11;top-left-12
0.150000,1.320000,-2.000000,2.000000,0.150528029,1.307716370,0.606196880,-1.499425530,top-left-10;top-left-11;top-left-12
0.150000,1.320000,-2.000000,6.000000,0.189455062,1.295350075,2.848213434,-2.309013367,top-left-10;top-left-11;top-left-12
0.150000,1.320000,-2.000000,10.000000,0.227827758,1.281296492,5.126903057,-3.177971601,top-left-10;top-left-11;top-left-12
0.150000,1.320000,0.000000,2.000000,0.158626691,1.322974920,0.799082339,-0.906932473,top-left-10;top-left-11;top-left-12;top-left-9
0.150000,1.320000,0.000000,6.000000,0.185530812,1.292439699,2.413330078,-2.739050388,top-left-10;top-left-11;top-left-12;top-left-9
0.150000,1.320000,0.000000,10.000000,0.212435454,1.261904716,4.027610779,-4.571147442,top-left-10;top-left-11;top-left-12;top-left-9
0.150000,1.320000,2.000000,2.000000,0.184090301,1.349187851,2.212186098,0.218822524,top-left-7;top-left-8;top-left-9
0.150000,1.320000,2.000000,6.000000,0.211258322,1.326370358,3.966756821,-0.652006984,top-left-10;top-left-11;top-left-9
0.150000,1.320000,2.000000,10.000000,0.246740609,1.307600975,6.143420219,-1.738006592,top-left-10;top-left-11;top-left-9
0.150000,1.320000,4.000000,2.000000,0.216666669,1.353001356,4.000000000,1.980074286,none
0.150000,1.320000,4.000000,6.000000,0.222521424,1.326446414,4.413439751,-1.103047132,top-left-10;top-left-11;top-left-8;top-left-9
0.150000,1.320000,4.000000,10.000000,0.259849161,1.324853659,6.855055332,-0.766948819,top-left-10;top-left-11;top-left-9
0.150000,1.350000,-4.000000,2.000000,0.156513110,1.333352685,0.069819272,-0.146657392,top-left-10;top-left-11;top-left-12;top-left-8;top-left-9
0.150000,1.350000,-4.000000,6.000000,0.158987939,1.328154206,0.218309164,-0.458564103,top-left-10;top-left-11;top-left-12;top-left-8;top-left-9
0.150000,1.350000,-4.000000,10.000000,0.158292443,1.329615116,0.176578909,-0.370909035,top-left-10;top-left-11;top-left-12;top-left-8;top-left-9
0.150000,1.350000,-2.000000,2.000000,0.157135323,1.332045674,0.107151546,-0.225074843,top-left-10;top-left-11;top-left-12;top-left-8;top-left-9
0.150000,1.350000,-2.000000,6.000000,0.155917764,1.334603190,0.034098051,-0.071624100,top-left-10;top-left-11;top-left-12;top-left-8;top-left-9
0.150000,1.350000,-2.000000,10.000000,0.155363515,1.335767388,0.000843143,-0.001771641,top-left-10;top-left-11;top-left-12;top-left-8;top-left-9
0.150000,1.350000,0.000000,2.000000,0.155354515,1.335786343,0.000303102,-0.000636613,top-left-10;top-left-11;top-left-12;top-left-8;top-left-9
0.150000,1.350000,0.000000,6.000000,0.155355126,1.335785031,0.000340080,-0.000714970,top-left-10;top-left-11;top-left-12;top-left-8;top-left-9
0.150000,1.350000,0.000000,10.000000,0.155358970,1.335777044,0.000570774,-0.001198530,top-left-10;top-left-11;top-left-12;top-left-8;top-left-9
0.150000,1.350000,2.000000,2.000000,0.155355066,1.335785151,0.000336170,-0.000705910,top-left-10;top-left-11;top-left-12;top-left-8;top-left-9
0.150000,1.350000,2.000000,6.000000,0.155357629,1.335779786,0.000490379,-0.001030397,top-left-10;top-left-11;top-left-12;top-left-8;top-left-9
0.150000,1.350000,2.000000,10.000000,0.155358896,1.335777044,0.000566292,-0.001191616,top-left-10;top-left-11;top-left-12;top-left-8;top-left-9
0.150000,1.350000,4.000000,2.000000,0.155482277,1.335517883,0.007969570,-0.016741037,top-left-10;top-left-11;top-left-12;top-left-8;top-left-9
0.150000,1.350000,4.000000,6.000000,0.155362889,1.335768700,0.000805855,-0.001693249,top-left-10;top-left-11;top-left-12;top-left-8;top-left-9
0.150000,1.350000,4.000000,10.000000,0.155362815,1.335768819,0.000801086,-0.001685238,top-left-10;top-left-11;top-left-12;top-left-8;top-left-9
0.150000,1.370000,-4.000000,2.000000,0.095558889,1.358175874,-3.126322508,-1.108841658,ceiling;top-left-10;top-left-11;top-left-8;top-left-9
0.150000,1.370000,-4.000000,6.000000,0.102875575,1.374199510,-2.567123175,-0.273754358,ceiling;top-left-10;top-left-11;top-left-8;top-left-9
0.150000,1.370000,-4.000000,10.000000,0.123140022,1.364557505,-1.413824916,-0.386804700,ceiling;top-left-10;top-left-11;top-left-8;top-left-9
0.150000,1.370000,-2.000000,2.000000,0.124238096,1.364290595,-1.439893961,-0.533170164,ceiling;top-left-10;top-left-11;top-left-8;top-left-9
0.150000,1.370000,-2.000000,6.000000,0.137300700,1.373410344,-0.558201253,0.156593531,ceiling;top-left-10;top-left-11;top-left-8;top-left-9
0.150000,1.370000,-2.000000,10.000000,0.139907926,1.372258902,-0.267302155,-0.442333758,ceiling;top-left-10;top-left-11;top-left-8;top-left-9
0.150000,1.370000,0.000000,2.000000,0.139167234,1.374792337,-0.522189438,-0.156166390,ceiling;top-left-10;top-left-11;top-left-8;top-left-9
0.150000,1.370000,0.000000,6.000000,0.121585920,1.369534135,-1.577071905,-0.471644104,ceiling;top-left-10;top-left-11;top-left-8;top-left-9
0.150000,1.370000,0.000000,10.000000,0.104004264,1.364276528,-2.631964445,-0.787118137,ceiling;top-left-10;top-left-11;top-left-8;top-left-9
0.150000,1.370000,2.000000,2.000000,0.143344730,1.374761343,-0.385951877,-0.036896534,ceiling;top-left-10;top-left-11;top-left-8;top-left-9
0.150000,1.370000,2.000000,6.000000,0.128383085,1.364846110,-1.210176706,-0.737252831,ceiling;top-left-10;top-left-11;top-left-8;top-left-9
0.150000,1.370000,2.000000,10.000000,0.109943412,1.359824181,-2.302832603,-1.043639183,ceiling;top-left-10;top-left-11;top-left-8;top-left-9
0.150000,1.370000,4.000000,2.000000,0.140915558,1.372867346,-0.480481386,0.019454196,ceiling;top-left-10;top-left-11;top-left-8;top-left-9
0.150000,1.370000,4.000000,6.000000,0.140984267,1.373863935,-0.273471177,-0.301656663,ceiling;top-left-10;top-left-11;top-left-8;top-left-9
0.150000,1.370000,4.000000,10.000000,0.122721851,1.369656682,-1.564327121,-0.209456593,ceiling;top-left-10;top-left-11;top-left-8;top-left-9
0.200000,1.160000,-4.000000,2.000000,0.133333325,1.193001151,-4.000000000,1.980074286,none
0.200000,1.160000,-4.000000,6.000000,0.133333325,1.259667873,-4.000000000,5.980074406,none
0.200000,1.160000,-4.000000,10.000000,0.137430757,1.320250034,5.041075706,-3.689667940,top-left-11;top-left-12;top-left-13
0.200000,1.160000,-2.000000,2.000000,0.166666657,1.193001151,-2.000000000,1.980074286,none
0.200000,1.160000,-2.000000,6.000000,0.166666657,1.259667873,-2.000000000,5.980074406,none
0.200000,1.160000,-2.000000,10.000000,0.166666657,1.326334596,-2.000000000,9.980073929,none
0.200000,1.160000,0.000000,2.000000,0.200000003,1.193001151,0.000000000,1.980074286,none
0.200000,1.160000,0.000000,6.000000,0.200000003,1.259667873,0.000000000,5.980074406,none
0.200000,1.160000,0.000000,10.000000,0.200000003,1.326334596,0.000000000,9.980073929,none
0.200000,1.160000,2.000000,2.000000,0.233333319,1.193001151,2.000000000,1.980074286,none
0.200000,1.160000,2.000000,6.000000,0.233333319,1.259667873,2.000000000,5.980074406,none
0.200000,1.160000,2.000000,10.000000,0.233333319,1.326334596,2.000000000,9.980073929,none
0.200000,1.160000,4.000000,2.000000,0.266666681,1.193001151,4.000000000,1.980074286,none
0.200000,1.160000,4.000000,6.000000,0.266666681,1.259667873,4.000000000,5.980074406,none
0.200000,1.160000,4.000000,10.000000,0.266666681,1.326334596,4.000000000,9.980073929,none
0.200000,1.230000,-4.000000,2.000000,0.133333325,1.263001204,-4.000000000,1.980074286,none
0.200000,1.230000,-4.000000,6.000000,0.140133023,1.320460081,2.666439295,-3.059709072,top-left-11;top-left-12;top-left-13
0.200000,1.230000,-4.000000,10.000000,0.181447327,1.308961987,4.040499687,-4.634278297,top-left-10;top-left-11;top-left-9
0.200000,1.230000,-2.000000,2.000000,0.166666657,1.263001204,-2.000000000,1.980074286,none
0.200000,1.230000,-2.000000,6.000000,0.166666657,1.329667926,-2.000000000,5.980074406,none
0.200000,1.230000,-2.000000,10.000000,0.192464828,1.321679831,3.230624676,-5.246091366,top-left-10;top-left-7;top-left-8;top-left-9
0.200000,1.230000,0.000000,2.000000,0.200000003,1.263001204,0.000000000,1.980074286,none
0.200000,1.230000,0.000000,6.000000,0.200000003,1.329667926,0.000000000,5.980074406,none
0.200000,1.230000,0.000000,10.000000,0.216172770,1.341465592,4.151736736,-4.189957619,top-left-6;top-left-7;top-left-8
0.200000,1.230000,2.000000,2.000000,0.233333319,1.263001204,2.000000000,1.980074286,none
0.200000,1.230000,2.000000,6.000000,0.233333319,1.329667926,2.000000000,5.980074406,none
0.200000,1.230000,2.000000,10.000000,0.240014315,1.353586793,4.210232735,-4.415566921,top-left-4;top-left-5;top-left-6
0.200000,1.230000,4.000000,2.000000,0.266666681,1.263001204,4.000000000,1.980074286,none
0.200000,1.230000,4.000000,6.000000,0.266666681,1.329667926,4.000000000,5.980074406,none
0.200000,1.230000,4.000000,10.000000,0.267594993,1.361749172,4.339829445,-4.873242378,top-left-2;top-left-3;top-left-4
0.200000,1.280000,-4.000000,2.000000,0.133333325,1.313001156,-4.000000000,1.980074286,none
0.200000,1.280000,-4.000000,6.000000,0.173701450,1.314267635,1.901927948,-3.578060150,top-left-10;top-left-11;top-left-9
0.200000,1.280000,-4.000000,10.000000,0.208547741,1.295280576,3.467055559,-5.021143913,top-left-10;top-left-8;top-left-9
0.200000,1.280000,-2.000000,2.000000,0.166666657,1.313001156,-2.000000000,1.980074286,none
0.200000,1.280000,-2.000000,6.000000,0.186843008,1.330713630,1.773871183,-3.202332258,top-left-10;top-left-7;top-left-8;top-left-9
0.200000,1.280000,-2.000000,10.000000,0.221133351,1.308530092,3.735574007,-4.546703815,top-left-7;top-left-8;top-left-9
0.200000,1.280000,0.000000,2.000000,0.200000003,1.313001156,0.000000000,1.980074286,none
0.200000,1.280000,0.000000,6.000000,0.209239289,1.348462820,2.487726688,-2.510628223,top-left-6;top-left-7;top-left-8
0.200000,1.280000,0.000000,10.000000,0.236972779,1.320474029,4.151736736,-4.189957619,top-left-6;top-left-7;top-left-8
0.200000,1.280000,2.000000,2.000000,0.233333319,1.313001156,2.000000000,1.980074286,none
0.200000,1.280000,2.000000,6.000000,0.235518068,1.362137556,2.980321407,-2.446290970,top-left-4;top-left-5;top-left-6
0.200000,1.280000,2.000000,10.000000,0.255770177,1.330708742,4.692767143,-3.974935532,top-left-5;top-left-6;top-left-7
0.200000,1.280000,4.000000,2.000000,0.266666681,1.313001156,4.000000000,1.980074286,none
0.200000,1.280000,4.000000,6.000000,0.265566587,1.370559931,2.554960489,-3.703277588,top-left-1;top-left-2;top-left-3;top-left-4
0.200000,1.280000,4.000000,10.000000,0.273776591,1.334571600,4.896512508,-4.418873787,top-left-3;top-left-4;top-left-5
0.200000,1.320000,-4.000000,2.000000,0.160239682,1.320029497,-0.137738079,-2.720982075,top-left-10;top-left-11;top-left-9
0.200000,1.320000,-4.000000,6.000000,0.192994013,1.302454352,1.067823052,-3.970289946,top-left-7;top-left-8;top-left-9
0.200000,1.320000,-4.000000,10.000000,0.225438312,1.280532479,2.856874466,-5.343057156,top-left-7;top-left-8;top-left-9
0.200000,1.320000,-2.000000,2.000000,0.174689040,1.340118766,0.266830891,-1.622175217,top-left-10;top-left-8;top-left-9
0.200000,1.320000,-2.000000,6.000000,0.209920019,1.319286466,1.886240602,-3.043543816,top-left-7;top-left-8;top-left-9
0.200000,1.320000,-2.000000,10.000000,0.234988958,1.290460944,3.184220314,-4.893324375,top-left-6;top-left-7;top-left-8
0.200000,1.320000,0.000000,2.000000,0.200000003,1.353001356,0.000000000,1.980074286,none
0.200000,1.320000,0.000000,6.000000,0.225879475,1.331669450,2.487726688,-2.510628223,top-left-6;top-left-7;top-left-8
0.200000,1.320000,0.000000,10.000000,0.253612995,1.303680658,4.151736736,-4.189957619,top-left-6;top-left-7;top-left-8
0.200000,1.320000,2.000000,2.000000,0.233333319,1.353001356,2.000000000,1.980074286,none
0.200000,1.320000,2.000000,6.000000,0.245377153,1.342566013,3.250596523,-2.135350227,top-left-5;top-left-6;top-left-7
0.200000,1.320000,2.000000,10.000000,0.267622560,1.310827732,4.715013504,-3.968764067,top-left-5;top-left-6;top-left-7
0.200000,1.320000,4.000000,2.000000,0.266666681,1.353001356,4.000000000,1.980074286,none
0.200000,1.320000,4.000000,6.000000,0.252596974,1.337341547,2.317130327,-3.581682205,top-left-3;top-left-4;top-left-5;top-left-6
0.200000,1.320000,4.000000,10.000000,0.251774043,1.294546843,2.753809452,-5.671531677,top-left-4;top-left-5;top-left-6;top-left-7
0.200000,1.350000,-4.000000,2.000000,0.196150869,1.316042304,0.356002450,-2.627199650,top-left-6;top-left-7;top-left-8;top-left-9
0.200000,1.350000,-4.000000,6.000000,0.205655903,1.291889310,0.622691751,-4.097087383,top-left-6;top-left-7;top-left-8
0.200000,1.350000,-4.000000,10.000000,0.232828408,1.266974807,2.216413260,-5.599753857,top-left-6;top-left-7;top-left-8
0.200000,1.350000,-2.000000,2.000000,0.193116516,1.332259417,-0.090250157,-1.668762922,top-left-6;top-left-7;top-left-8
0.200000,1.350000,-2.000000,6.000000,0.221342161,1.306864738,1.519387126,-3.214272738,top-left-6;top-left-7;top-left-8
0.200000,1.350000,-2.000000,10.000000,0.249381632,1.279066443,3.182539701,-4.893890858,top-left-6;top-left-7;top-left-8
0.200000,1.350000,0.000000,2.000000,0.210626036,1.347063303,0.823716283,-0.831299007,top-left-6;top-left-7;top-left-8
0.200000,1.350000,0.000000,6.000000,0.238359645,1.319074392,2.487732887,-2.510626316,top-left-6;top-left-7;top-left-8
0.200000,1.350000,0.000000,10.000000,0.266093194,1.291085720,4.151746750,-4.189952850,top-left-6;top-left-7;top-left-8
0.200000,1.350000,2.000000,2.000000,0.234122902,1.359802246,2.047160864,-0.229483694,top-left-5;top-left-6;top-left-7
0.200000,1.350000,2.000000,6.000000,0.229560569,1.308488131,1.726043344,-3.335076809,top-left-5;top-left-6;top-left-7;top-left-8
0.200000,1.350000,2.000000,10.000000,0.283138394,1.303322315,5.138175011,-3.480223894,top-left-6;top-left-7;top-left-8
0.200000,1.350000,4.000000,2.000000,0.265436053,1.369202018,3.763544083,-0.124611571,top-left-3;top-left-4;top-left-5
0.200000,1.350000,4.000000,6.000000,0.272352874,1.337767839,4.363229752,-1.515461922,top-left-5;top-left-6;top-left-7
0.200000,1.350000,4.000000,10.000000,0.264412105,1.276984930,3.833560228,-5.233205318,top-left-5;top-left-6;top-left-7;top-left-8
0.200000,1.370000,-4.000000,2.000000,0.237259820,1.330126047,1.957486749,-1.509657145,top-left-5;top-left-6;top-left-7;top-left-8
0.200000,1.370000,-4.000000,6.000000,0.242609859,1.298978329,2.278490305,-3.378526211,top-left-5;top-left-6;top-left-7;top-left-8
0.200000,1.370000,-4.000000,10.000000,0.242450863,1.261767626,2.268950462,-5.611168861,top-left-5;top-left-6;top-left-7;top-left-8
0.200000,1.370000,-2.000000,2.000000,0.223485500,1.336664677,1.131028175,-1.117346525,top-left-5;top-left-6;top-left-7;top-left-8
0.200000,1.370000,-2.000000,6.000000,0.223764092,1.299116373,1.147744298,-3.370238543,top-left-5;top-left-6;top-left-7;top-left-8
0.200000,1.370000,-2.000000,10.000000,0.224635601,1.261111021,1.200034618,-5.650566101,top-left-5;top-left-6;top-left-7;top-left-8
0.200000,1.370000,0.000000,2.000000,0.204703614,1.336753488,0.004115014,-1.112015009,top-left-5;top-left-6;top-left-7;top-left-8
0.200000,1.370000,0.000000,6.000000,0.204842165,1.299313307,0.012427967,-3.358426332,top-left-5;top-left-6;top-left-7;top-left-8
0.200000,1.370000,0.000000,10.000000,0.204980701,1.261873126,0.020740341,-5.604836464,top-left-5;top-left-6;top-left-7;top-left-8
0.200000,1.370000,2.000000,2.000000,0.194012314,1.331197619,-0.637362659,-1.445368528,top-left-5;top-left-6;top-left-7;top-left-8
0.200000,1.370000,2.000000,6.000000,0.186052233,1.299408317,-1.114967585,-3.352722883,top-left-5;top-left-6;top-left-7;top-left-8
0.200000,1.370000,2.000000,10.000000,0.186321467,1.261867285,-1.098813295,-5.605181694,top-left-5;top-left-6;top-left-7;top-left-8
0.200000,1.370000,4.000000,2.000000,0.193684340,1.316459417,-0.657041192,-2.329655409,top-left-5;top-left-6;top-left-7;top-left-8
0.200000,1.370000,4.000000,6.000000,0.182932869,1.295286059,-1.302129745,-3.600060940,top-left-5;top-left-6;top-left-7;top-left-8
0.200000,1.370000,4.000000,10.000000,0.166485161,1.262769461,-2.288991451,-5.551060200,top-left-5;top-left-6;top-left-7;top-left-8
0.250000,1.160000,-4.000000,2.000000,0.183333322,1.193001151,-4.000000000,1.980074286,none
0.250000,1.160000,-4.000000,6.000000,0.183333322,1.259667873,-4.000000000,5.980074406,none
0.250000,1.160000,-4.000000,10.000000,0.183333322,1.326334596,-4.000000000,9.980073929,none
0.250000,1.160000,-2.000000,2.000000,0.216666669,1.193001151,-2.000000000,1.980074286,none
0.250000,1.160000,-2.000000,6.000000,0.216666669,1.259667873,-2.000000000,5.980074406,none
0.250000,1.160000,-2.000000,10.000000,0.216666669,1.326334596,-2.000000000,9.980073929,none
0.250000,1.160000,0.000000,2.000000,0.250000000,1.193001151,0.000000000,1.980074286,none
0.250000,1.160000,0.000000,6.000000,0.250000000,1.259667873,0.000000000,5.980074406,none
0.250000,1.160000,0.000000,10.000000,0.250000000,1.326334596,0.000000000,9.980073929,none
0.250000,1.160000,2.000000,2.000000,0.283333331,1.193001151,2.000000000,1.980074286,none
0.250000,1.160000,2.000000,6.000000,0.283333331,1.259667873,2.000000000,5.980074406,none
0.250000,1.160000,2.000000,10.000000,0.283333331,1.326334596,2.000000000,9.980073929,none
0.250000,1.160000,4.000000,2.000000,0.316666663,1.193001151,4.000000000,1.980074286,none
0.250000,1.160000,4.000000,6.000000,0.316666663,1.259667873,4.000000000,5.980074406,none
0.250000,1.160000,4.000000,10.000000,0.316666663,1.326334596,4.000000000,9.980073929,none
0.250000,1.230000,-4.000000,2.000000,0.183333322,1.263001204,-4.000000000,1.980074286,none
0.250000,1.230000,-4.000000,6.000000,0.183333322,1.329667926,-4.000000000,5.980074406,none
0.250000,1.230000,-4.000000,10.000000,0.207657695,1.335370898,2.216431618,-5.599745750,top-left-6;top-left-7;top-left-8
0.250000,1.230000,-2.000000,2.000000,0.216666669,1.263001204,-2.000000000,1.980074286,none
0.250000,1.230000,-2.000000,6.000000,0.216666669,1.329667926,-2.000000000,5.980074406,none
0.250000,1.230000,-2.000000,10.000000,0.229006916,1.348723650,1.980377793,-5.399459839,top-left-4;top-left-5;top-left-6
0.250000,1.230000,0.000000,2.000000,0.250000000,1.263001204,0.000000000,1.980074286,none
0.250000,1.230000,0.000000,6.000000,0.250000000,1.329667926,0.000000000,5.980074406,none
0.250000,1.230000,0.000000,10.000000,0.254655004,1.358613253,1.881886721,-5.418099880,top-left-2;top-left-3;top-left-4
0.250000,1.230000,2.000000,2.000000,0.283333331,1.263001204,2.000000000,1.980074286,none
0.250000,1.230000,2.000000,6.000000,0.283333331,1.329667926,2.000000000,5.980074406,none
0.250000,1.230000,2.000000,10.000000,0.282974333,1.363801360,1.792173743,-5.734190464,ceiling;top-left-0;top-left-1;top-left-2
0.250000,1.230000,4.000000,2.000000,0.316666663,1.263001204,4.000000000,1.980074286,none
0.250000,1.230000,4.000000,6.000000,0.316666663,1.329667926,4.000000000,5.980074406,none
0.250000,1.230000,4.000000,10.000000,0.314018220,1.365176439,2.632955551,-5.588841915,ceiling;top-left-0;top-left-1
0.250000,1.280000,-4.000000,2.000000,0.183333322,1.313001156,-4.000000000,1.980074286,none
0.250000,1.280000,-4.000000,6.000000,0.200766951,1.341558814,0.623293519,-4.096810341,top-left-6;top-left-7;top-left-8
0.250000,1.280000,-4.000000,10.000000,0.229568392,1.314948320,1.574328661,-5.854069710,top-left-5;top-left-6;top-left-7
0.250000,1.280000,-2.000000,2.000000,0.216666669,1.313001156,-2.000000000,1.980074286,none
0.250000,1.280000,-2.000000,6.000000,0.223381191,1.356579185,0.752383471,-3.472705841,top-left-4;top-left-5;top-left-6
0.250000,1.280000,-2.000000,10.000000,0.245179206,1.323914647,1.631088257,-5.628734112,top-left-3;top-left-4;top-left-5;top-left-6
0.250000,1.280000,0.000000,2.000000,0.250000000,1.313001156,0.000000000,1.980074286,none
0.250000,1.280000,0.000000,6.000000,0.251512736,1.367642641,1.127464056,-3.246783733,top-left-2;top-left-3;top-left-4
0.250000,1.280000,0.000000,10.000000,0.264081895,1.331447124,1.881616950,-5.418517113,top-left-2;top-left-3;top-left-4
0.250000,1.280000,2.000000,2.000000,0.283333331,1.313001156,2.000000000,1.980074286,none
0.250000,1.280000,2.000000,6.000000,0.283182174,1.373682857,1.632135987,-3.348841429,ceiling;top-left-0;top-left-1;top-left-2
0.250000,1.280000,2.000000,10.000000,0.287097305,1.335901141,2.513673067,-5.391831398,top-left-1;top-left-2;top-left-3
0.250000,1.280000,4.000000,2.000000,0.316666663,1.313001156,4.000000000,1.980074286,none
0.250000,1.280000,4.000000,6.000000,0.316056788,1.374509931,2.632955551,-3.348841429,ceiling;top-left-0
0.250000,1.280000,4.000000,10.000000,0.310686886,1.336911798,3.134734631,-5.588841438,ceiling;top-left-0;top-left-1;top-left-2
0.250000,1.320000,-4.000000,2.000000,0.185261637,1.349958181,-0.717826068,-2.676981449,top-left-7;top-left-8;top-left-9
0.250000,1.320000,-4.000000,6.000000,0.228576019,1.325052142,0.937975705,-4.305444241,top-left-4;top-left-5;top-left-6;top-left-7
0.250000,1.320000,-4.000000,10.000000,0.241673902,1.295856237,0.908559442,-6.037455559,top-left-4;top-left-5;top-left-6
0.250000,1.320000,-2.000000,2.000000,0.216666669,1.353001356,-2.000000000,1.980074286,none
0.250000,1.320000,-2.000000,6.000000,0.239673704,1.337532878,0.690392017,-3.604419231,top-left-3;top-left-4;top-left-5;top-left-6
0.250000,1.320000,-2.000000,10.000000,0.255735129,1.304947019,1.344997406,-5.551955223,top-left-3;top-left-4;top-left-5
0.250000,1.320000,0.000000,2.000000,0.250000000,1.353001356,0.000000000,1.980074286,none
0.250000,1.320000,0.000000,6.000000,0.259054959,1.345945835,1.127639413,-3.246529818,top-left-2;top-left-3;top-left-4
0.250000,1.320000,0.000000,10.000000,0.271626025,1.309753180,1.881904006,-5.418095589,top-left-2;top-left-3;top-left-4
0.250000,1.320000,2.000000,2.000000,0.283333331,1.353001356,2.000000000,1.980074286,none
0.250000,1.320000,2.000000,6.000000,0.283444077,1.350629687,2.001259565,-3.179609299,top-left-1;top-left-2;top-left-3
0.250000,1.320000,2.000000,10.000000,0.295929730,1.315744042,3.108559132,-5.128960133,top-left-2;top-left-3;top-left-4
0.250000,1.320000,4.000000,2.000000,0.316666663,1.353001356,4.000000000,1.980074286,none
0.250000,1.320000,4.000000,6.000000,0.308877468,1.351785064,2.907526493,-3.348841429,ceiling;top-left-0;top-left-1;top-left-2
0.250000,1.320000,4.000000,10.000000,0.311504543,1.312687755,3.525538683,-5.588841438,ceiling;top-left-1;top-left-2;top-left-3
0.250000,1.350000,-4.000000,2.000000,0.220456839,1.340443373,0.080401316,-2.627914429,top-left-4;top-left-5;top-left-6;top-left-7
0.250000,1.350000,-4.000000,6.000000,0.226943061,1.312917471,-0.753297448,-4.179927826,top-left-3;top-left-4;top-left-5
0.250000,1.350000,-4.000000,10.000000,0.245194986,1.280224919,0.228101730,-6.147441387,top-left-3;top-left-4;top-left-5
0.250000,1.350000,-2.000000,2.000000,0.228958011,1.355033398,-0.364258230,-1.693236113,top-left-4;top-left-5;top-left-6
0.250000,1.350000,-2.000000,6.000000,0.247850493,1.323314428,0.356620640,-3.560792446,top-left-3;top-left-4;top-left-5
0.250000,1.350000,-2.000000,10.000000,0.265352577,1.290250063,1.344808340,-5.551986217,top-left-3;top-left-4;top-left-5
0.250000,1.350000,0.000000,2.000000,0.252140790,1.365851879,0.373371392,-1.074965954,top-left-2;top-left-3;top-left-4
0.250000,1.350000,0.000000,6.000000,0.264711916,1.329659104,1.127639532,-3.246530533,top-left-2;top-left-3;top-left-4
0.250000,1.350000,0.000000,10.000000,0.277282894,1.293466330,1.881901503,-5.418099403,top-left-2;top-left-3;top-left-4
0.250000,1.350000,2.000000,2.000000,0.278586209,1.369593620,0.618372977,-1.567650557,ceiling;top-left-0;top-left-1;top-left-2;top-left-3
0.250000,1.350000,2.000000,6.000000,0.287917733,1.335184813,2.349425316,-2.971518278,top-left-2;top-left-3;top-left-4
0.250000,1.350000,2.000000,10.000000,0.299386084,1.298814774,3.109211206,-5.128887177,top-left-2;top-left-3;top-left-4
0.250000,1.350000,4.000000,2.000000,0.314018667,1.372643232,3.126322508,-1.108841658,ceiling;top-left-0;top-left-1
0.250000,1.350000,4.000000,6.000000,0.307835251,1.336012125,3.284313679,-3.049325705,top-left-1;top-left-2;top-left-3
0.250000,1.350000,4.000000,10.000000,0.321530133,1.303665638,4.330631733,-4.874242306,top-left-2;top-left-3;top-left-4
0.250000,1.370000,-4.000000,2.000000,0.223353982,1.332477570,-1.471628428,-2.437725544,top-left-3;top-left-4;top-left-5
0.250000,1.370000,-4.000000,6.000000,0.254526913,1.300104141,0.360210508,-4.370004177,top-left-2;top-left-3;top-left-4;top-left-5
0.250000,1.370000,-4.000000,10.000000,0.264866829,1.267008066,0.952004552,-6.352477074,top-left-2;top-left-3;top-left-4;top-left-5
0.250000,1.370000,-2.000000,2.000000,0.246474788,1.344653845,-0.098154046,-1.701324463,top-left-2;top-left-3;top-left-4;top-left-5
0.250000,1.370000,-2.000000,6.000000,0.248641282,1.312756658,-0.044847928,-3.605244160,top-left-2;top-left-3;top-left-4
0.250000,1.370000,-2.000000,10.000000,0.261245191,1.278173804,0.704314649,-5.680341244,top-left-2;top-left-3;top-left-4
0.250000,1.370000,0.000000,2.000000,0.255912066,1.354994059,0.373371512,-1.074966073,top-left-2;top-left-3;top-left-4
0.250000,1.370000,0.000000,6.000000,0.268483192,1.318801165,1.127637029,-3.246534824,top-left-2;top-left-3;top-left-4
0.250000,1.370000,0.000000,10.000000,0.281054318,1.282608628,1.881904006,-5.418095589,top-left-2;top-left-3;top-left-4
0.250000,1.370000,2.000000,2.000000,0.277882397,1.359754801,1.629764199,-0.809788585,top-left-2;top-left-3;top-left-4
0.250000,1.370000,2.000000,6.000000,0.289356709,1.323517084,2.361559391,-2.970198631,top-left-2;top-left-3;top-left-4
0.250000,1.370000,2.000000,10.000000,0.301735550,1.287494540,3.111887455,-5.128596306,top-left-2;top-left-3;top-left-4
0.250000,1.370000,4.000000,2.000000,0.311069667,1.365831017,3.611005306,-0.472506702,top-left-2;top-left-3;top-left-4
0.250000,1.370000,4.000000,6.000000,0.310547352,1.327947497,3.612715960,-2.712321043,top-left-2;top-left-3;top-left-4
0.250000,1.370000,4.000000,10.000000,0.322657257,1.291853547,4.355761528,-4.871511936,top-left-2;top-left-3;top-left-4
0.300000,1.160000,-4.000000,2.000000,0.233333319,1.193001151,-4.000000000,1.980074286,none
0.300000,1.160000,-4.000000,6.000000,0.233333319,1.259667873,-4.000000000,5.980074406,none
0.300000,1.160000,-4.000000,10.000000,0.233333319,1.326334596,-4.000000000,9.980073929,none
0.300000,1.160000,-2.000000,2.000000,0.266666681,1.193001151,-2.000000000,1.980074286,none
0.300000,1.160000,-2.000000,6.000000,0.266666681,1.259667873,-2.000000000,5.980074406,none
0.300000,1.160000,-2.000000,10.000000,0.266666681,1.326334596,-2.000000000,9.980073929,none
0.300000,1.160000,0.000000,2.000000,0.300000012,1.193001151,0.000000000,1.980074286,none
0.300000,1.160000,0.000000,6.000000,0.300000012,1.259667873,0.000000000,5.980074406,none
0.300000,1.160000,0.000000,10.000000,0.300000012,1.326334596,0.000000000,9.980073929,none
0.300000,1.160000,2.000000,2.000000,0.333333313,1.193001151,2.000000000,1.980074286,none
0.300000,1.160000,2.000000,6.000000,0.333333313,1.259667873,2.000000000,5.980074406,none
0.300000,1.160000,2.000000,10.000000,0.333333313,1.326334596,2.000000000,9.980073929,none
0.300000,1.160000,4.000000,2.000000,0.366666675,1.193001151,4.000000000,1.980074286,none
0.300000,1.160000,4.000000,6.000000,0.366666675,1.259667873,4.000000000,5.980074406,none
0.300000,1.160000,4.000000,10.000000,0.366666675,1.326334596,4.000000000,9.980073929,none
0.300000,1.230000,-4.000000,2.000000,0.233333319,1.263001204,-4.000000000,1.980074286,none
0.300000,1.230000,-4.000000,6.000000,0.233333319,1.329667926,-4.000000000,5.980074406,none
0.300000,1.230000,-4.000000,10.000000,0.244192392,1.354761839,0.227737114,-6.147545338,top-left-3;top-left-4;top-left-5
0.300000,1.230000,-2.000000,2.000000,0.266666681,1.263001204,-2.000000000,1.980074286,none
0.300000,1.230000,-2.000000,6.000000,0.266666681,1.329667926,-2.000000000,5.980074406,none
0.300000,1.230000,-2.000000,10.000000,0.271068215,1.362478256,0.056203939,-5.763242245,top-left-1;top-left-2;top-left-3
0.300000,1.230000,0.000000,2.000000,0.300000012,1.263001204,0.000000000,1.980074286,none
0.300000,1.230000,0.000000,6.000000,0.300000012,1.329667926,0.000000000,5.980074406,none
0.300000,1.230000,0.000000,10.000000,0.300000012,1.365176439,0.000000000,-5.588841915,ceiling;top-left-0;top-left-1
0.300000,1.230000,2.000000,2.000000,0.333333313,1.263001204,2.000000000,1.980074286,none
0.300000,1.230000,2.000000,6.000000,0.333333313,1.329667926,2.000000000,5.980074406,none
0.300000,1.230000,2.000000,10.000000,0.332008362,1.365188122,1.316089034,-5.588841915,ceiling
0.300000,1.230000,4.000000,2.000000,0.366666675,1.263001204,4.000000000,1.980074286,none
0.300000,1.230000,4.000000,6.000000,0.366666675,1.329667926,4.000000000,5.980074406,none
0.300000,1.230000,4.000000,10.000000,0.364016742,1.365188122,2.632178068,-5.588841915,ceiling
0.300000,1.280000,-4.000000,2.000000,0.233333319,1.313001156,-4.000000000,1.980074286,none
0.300000,1.280000,-4.000000,6.000000,0.238610297,1.362843156,-0.755618513,-4.180568695,top-left-3;top-left-4;top-left-5
0.300000,1.280000,-4.000000,10.000000,0.262903661,1.327413678,0.086866893,-6.404783726,top-left-1;top-left-2;top-left-3;top-left-4
0.300000,1.280000,-2.000000,2.000000,0.266666681,1.313001156,-2.000000000,1.980074286,none
0.300000,1.280000,-2.000000,6.000000,0.267933816,1.371528387,-0.449421644,-3.606135130,top-left-1;top-left-2;top-left-3
0.300000,1.280000,-2.000000,10.000000,0.276561320,1.334914446,-0.596587241,-5.775531292,ceiling;top-left-0;top-left-1;top-left-2
0.300000,1.280000,0.000000,2.000000,0.300000012,1.313001156,0.000000000,1.980074286,none
0.300000,1.280000,0.000000,6.000000,0.300000012,1.374509931,-0.000000000,-3.348841429,ceiling;top-left-0;top-left-1
0.300000,1.280000,0.000000,10.000000,0.300000012,1.337176561,0.000000000,-5.588841915,ceiling;top-left-0;top-left-1
0.300000,1.280000,2.000000,2.000000,0.333333313,1.313001156,2.000000000,1.980074286,none
0.300000,1.280000,2.000000,6.000000,0.333028197,1.374521494,1.316089034,-3.348841190,ceiling
0.300000,1.280000,2.000000,10.000000,0.328584701,1.337176561,1.316477776,-5.588841915,ceiling;top-left-0
0.300000,1.280000,4.000000,2.000000,0.366666675,1.313001156,4.000000000,1.980074286,none
0.300000,1.280000,4.000000,6.000000,0.366056442,1.374521494,2.632178068,-3.348841190,ceiling
0.300000,1.280000,4.000000,10.000000,0.357163906,1.337188125,2.632165194,-5.588841915,ceiling
0.300000,1.320000,-4.000000,2.000000,0.233333319,1.353001356,-4.000000000,1.980074286,none
0.300000,1.320000,-4.000000,6.000000,0.263932258,1.340473771,0.050231121,-4.412816048,top-left-1;top-left-2;top-left-3;top-left-4
0.300000,1.320000,-4.000000,10.000000,0.274249583,1.303625822,-0.301603436,-6.484326363,ceiling;top-left-0;top-left-1;top-left-2;top-left-3
0.300000,1.320000,-2.000000,2.000000,0.266666681,1.353001356,-2.000000000,1.980074286,none
0.300000,1.320000,-2.000000,6.000000,0.275031418,1.349647403,-0.851712704,-3.563276768,ceiling;top-left-0;top-left-1;top-left-2
0.300000,1.320000,-2.000000,10.000000,0.282108426,1.312448382,-0.597662508,-5.775648594,ceiling;top-left-0;top-left-1;top-left-2
0.300000,1.320000,0.000000,2.000000,0.300000012,1.353001356,0.000000000,1.980074286,none
0.300000,1.320000,0.000000,6.000000,0.300000012,1.352109790,-0.000000000,-3.348841429,ceiling;top-left-0;top-left-1
0.300000,1.320000,0.000000,10.000000,0.300000012,1.314776421,0.000000000,-5.588841915,ceiling;top-left-0;top-left-1
0.300000,1.320000,2.000000,2.000000,0.333333313,1.353001356,2.000000000,1.980074286,none
0.300000,1.320000,2.000000,6.000000,0.328456402,1.352109790,1.316477776,-3.348841429,ceiling;top-left-0
0.300000,1.320000,2.000000,10.000000,0.325845182,1.314776421,1.316484213,-5.588841915,ceiling;top-left-0
0.300000,1.320000,4.000000,2.000000,0.366666675,1.353001356,4.000000000,1.980074286,none
0.300000,1.320000,4.000000,6.000000,0.356907219,1.352121472,2.632178068,-3.348841190,ceiling
0.300000,1.320000,4.000000,10.000000,0.351681620,1.314788103,2.632165194,-5.588841915,ceiling;top-left-0
0.300000,1.350000,-4.000000,2.000000,0.243426830,1.361813307,-2.021210670,-2.046808958,top-left-2;top-left-3;top-left-4
0.300000,1.350000,-4.000000,6.000000,0.256644100,1.328681707,-2.100506544,-3.820896864,ceiling;top-left-0;top-left-1;top-left-2
0.300000,1.350000,-4.000000,10.000000,0.263672173,1.291551828,-1.833096743,-6.031817913,ceiling;top-left-0;top-left-1;top-left-2
0.300000,1.350000,-2.000000,2.000000,0.270494372,1.369574070,-0.975182652,-1.452327967,ceiling;top-left-1;top-left-2;top-left-3
0.300000,1.350000,-2.000000,6.000000,0.282518297,1.331165314,-0.700618625,-3.680733204,ceiling;top-left-0;top-left-1;top-left-2
0.300000,1.350000,-2.000000,10.000000,0.277161032,1.296183825,-1.248324394,-5.717249393,ceiling;top-left-0;top-left-1
0.300000,1.350000,0.000000,2.000000,0.300000012,1.372643232,0.000000000,-1.108841658,ceiling;top-left-0;top-left-1
0.300000,1.350000,0.000000,6.000000,0.300000012,1.335309982,0.000000000,-3.348841429,ceiling;top-left-0;top-left-1
0.300000,1.350000,0.000000,10.000000,0.300000012,1.297976613,0.000000000,-5.588841915,ceiling;top-left-0;top-left-1
0.300000,1.350000,2.000000,2.000000,0.331260502,1.372654796,1.316089034,-1.108841658,ceiling
0.300000,1.350000,2.000000,6.000000,0.325027496,1.335309982,1.316484213,-3.348841429,ceiling;top-left-0;top-left-1
0.300000,1.350000,2.000000,10.000000,0.323790491,1.297976613,1.316477776,-5.588841915,ceiling;top-left-0;top-left-1
0.300000,1.350000,4.000000,2.000000,0.364018679,1.372654796,3.126322508,-1.108841658,ceiling
0.300000,1.350000,4.000000,6.000000,0.350054950,1.335309982,2.632968664,-3.348841429,ceiling;top-left-0
0.300000,1.350000,4.000000,10.000000,0.347580969,1.297976613,2.632955551,-5.588841915,ceiling;top-left-0
0.300000,1.370000,-4.000000,2.000000,0.251179159,1.353909850,-2.661544323,-1.641918421,ceiling;top-left-0;top-left-1;top-left-2
0.300000,1.370000,-4.000000,6.000000,0.256343156,1.320113301,-2.515381575,-3.606669903,ceiling;top-left-0;top-left-1
0.300000,1.370000,-4.000000,10.000000,0.257317215,1.282675505,-2.497747898,-5.845714092,ceiling;top-left-0;top-left-1
0.300000,1.370000,-2.000000,2.000000,0.287804335,1.354953766,-0.391006708,-1.602840424,ceiling;top-left-0;top-left-1;top-left-2
0.300000,1.370000,-2.000000,6.000000,0.278304636,1.322119474,-1.248976350,-3.477284193,ceiling;top-left-0;top-left-1
0.300000,1.370000,-2.000000,10.000000,0.278653920,1.284725785,-1.249166727,-5.717296124,ceiling;top-left-0;top-left-1
0.300000,1.370000,0.000000,2.000000,0.300000012,1.361443281,0.000000000,-1.108841658,ceiling;top-left-0;top-left-1
0.300000,1.370000,0.000000,6.000000,0.300000012,1.324109793,0.000000012,-3.348841429,ceiling;top-left-0;top-left-1
0.300000,1.370000,0.000000,10.000000,0.300000012,1.286776543,0.000000000,-5.588841915,ceiling;top-left-0;top-left-1
0.300000,1.370000,2.000000,2.000000,0.324357808,1.361443281,1.316484213,-1.108841658,ceiling;top-left-0;top-left-1
0.300000,1.370000,2.000000,6.000000,0.322741508,1.324109793,1.316484213,-3.348841429,ceiling;top-left-0;top-left-1
0.300000,1.370000,2.000000,10.000000,0.322420746,1.286776543,1.316477776,-5.588841915,ceiling;top-left-0;top-left-1
0.300000,1.370000,4.000000,2.000000,0.355194032,1.361443281,3.126322508,-1.108841658,ceiling;top-left-0
0.300000,1.370000,4.000000,6.000000,0.345483005,1.324109793,2.632968664,-3.348841429,ceiling;top-left-0;top-left-1
0.300000,1.370000,4.000000,10.000000,0.344841450,1.286776543,2.632955551,-5.588841915,ceiling;top-left-0;top-left-1
0.350000,1.160000,-4.000000,2.000000,0.283333331,1.193001151,-4.000000000,1.980074286,none
0.350000,1.160000,-4.000000,6.000000,0.283333331,1.259667873,-4.000000000,5.980074406,none
0.350000,1.160000,-4.000000,10.000000,0.283333331,1.326334596,-4.000000000,9.980073929,none
0.350000,1.160000,-2.000000,2.000000,0.316666663,1.193001151,-2.000000000,1.980074286,none
0.350000,1.160000,-2.000000,6.000000,0.316666663,1.259667873,-2.000000000,5.980074406,none
0.350000,1.160000,-2.000000,10.000000,0.316666663,1.326334596,-2.000000000,9.980073929,none
0.350000,1.160000,0.000000,2.000000,0.349999994,1.193001151,0.000000000,1.980074286,none
0.350000,1.160000,0.000000,6.000000,0.349999994,1.259667873,0.000000000,5.980074406,none
0.350000,1.160000,0.000000,10.000000,0.349999994,1.326334596,0.000000000,9.980073929,none
0.350000,1.160000,2.000000,2.000000,0.383333325,1.193001151,2.000000000,1.980074286,none
0.350000,1.160000,2.000000,6.000000,0.383333325,1.259667873,2.000000000,5.980074406,none
0.350000,1.160000,2.000000,10.000000,0.383333325,1.326334596,2.000000000,9.980073929,none
0.350000,1.160000,4.000000,2.000000,0.416666657,1.193001151,4.000000000,1.980074286,none
0.350000,1.160000,4.000000,6.000000,0.416666657,1.259667873,4.000000000,5.980074406,none
0.350000,1.160000,4.000000,10.000000,0.416666657,1.326334596,4.000000000,9.980073929,none
0.350000,1.230000,-4.000000,2.000000,0.283333331,1.263001204,-4.000000000,1.980074286,none
0.350000,1.230000,-4.000000,6.000000,0.283333331,1.329667926,-4.000000000,5.980074406,none
0.350000,1.230000,-4.000000,10.000000,0.288294107,1.363699675,-1.471919060,-6.297485352,ceiling;top-left-0;top-left-1;top-left-2
0.350000,1.230000,-2.000000,2.000000,0.316666663,1.263001204,-2.000000000,1.980074286,none
0.350000,1.230000,-2.000000,6.000000,0.316666663,1.329667926,-2.000000000,5.980074406,none
0.350000,1.230000,-2.000000,10.000000,0.318090588,1.364992380,-1.268978834,-5.688320160,ceiling;top-left-0
0.350000,1.230000,0.000000,2.000000,0.349999994,1.263001204,0.000000000,1.980074286,none
0.350000,1.230000,0.000000,6.000000,0.349999994,1.329667926,0.000000000,5.980074406,none
0.350000,1.230000,0.000000,10.000000,0.349999994,1.365188122,0.000000000,-5.588841915,ceiling
0.350000,1.230000,2.000000,2.000000,0.383333325,1.263001204,2.000000000,1.980074286,none
0.350000,1.230000,2.000000,6.000000,0.383333325,1.329667926,2.000000000,5.980074406,none
0.350000,1.230000,2.000000,10.000000,0.382008374,1.365188122,1.316089034,-5.588841915,ceiling
0.350000,1.230000,4.000000,2.000000,0.416666657,1.263001204,4.000000000,1.980074286,none
0.350000,1.230000,4.000000,6.000000,0.416666657,1.329667926,4.000000000,5.980074406,none
0.350000,1.230000,4.000000,10.000000,0.414016724,1.365188122,2.632178068,-5.588841915,ceiling
0.350000,1.280000,-4.000000,2.000000,0.283333331,1.313001156,-4.000000000,1.980074286,none
0.350000,1.280000,-4.000000,6.000000,0.284352541,1.373726487,-2.103609085,-3.821238756,ceiling;top-left-0;top-left-1;top-left-2
0.350000,1.280000,-4.000000,10.000000,0.292830586,1.337176561,-2.632955551,-5.588841915,ceiling;top-left-0
0.350000,1.280000,-2.000000,2.000000,0.316666663,1.313001156,-2.000000000,1.980074286,none
0.350000,1.280000,-2.000000,6.000000,0.316971600,1.374509931,-1.316477776,-3.348841429,ceiling;top-left-0
0.350000,1.280000,-2.000000,10.000000,0.321418047,1.337188125,-1.316082597,-5.588841915,ceiling
0.350000,1.280000,0.000000,2.000000,0.349999994,1.313001156,0.000000000,1.980074286,none
0.350000,1.280000,0.000000,6.000000,0.349999994,1.374521494,0.000000000,-3.348841190,ceiling
0.350000,1.280000,0.000000,10.000000,0.349999994,1.337188125,0.000000000,-5.588841915,ceiling
0.350000,1.280000,2.000000,2.000000,0.383333325,1.313001156,2.000000000,1.980074286,none
0.350000,1.280000,2.000000,6.000000,0.383028209,1.374521494,1.316089034,-3.348841190,ceiling
0.350000,1.280000,2.000000,10.000000,0.378581941,1.337188125,1.316082597,-5.588841915,ceiling
0.350000,1.280000,4.000000,2.000000,0.416666657,1.313001156,4.000000000,1.980074286,none
0.350000,1.280000,4.000000,6.000000,0.416056454,1.374521494,2.632178068,-3.348841190,ceiling
0.350000,1.280000,4.000000,10.000000,0.407163918,1.337188125,2.632165194,-5.588841915,ceiling
0.350000,1.320000,-4.000000,2.000000,0.283333331,1.353001356,-4.000000000,1.980074286,none
0.350000,1.320000,-4.000000,6.000000,0.293087244,1.352109790,-2.632955551,-3.348841429,ceiling;top-left-0
0.350000,1.320000,-4.000000,10.000000,0.298318356,1.314788103,-2.632165194,-5.588841915,ceiling
0.350000,1.320000,-2.000000,2.000000,0.316666663,1.353001356,-2.000000000,1.980074286,none
0.350000,1.320000,-2.000000,6.000000,0.321546406,1.352121472,-1.316089034,-3.348841190,ceiling
0.350000,1.320000,-2.000000,10.000000,0.324159205,1.314788103,-1.316082597,-5.588841915,ceiling
0.350000,1.320000,0.000000,2.000000,0.349999994,1.353001356,0.000000000,1.980074286,none
0.350000,1.320000,0.000000,6.000000,0.349999994,1.352121472,0.000000000,-3.348841190,ceiling
0.350000,1.320000,0.000000,10.000000,0.349999994,1.314788103,0.000000000,-5.588841915,ceiling
0.350000,1.320000,2.000000,2.000000,0.383333325,1.353001356,2.000000000,1.980074286,none
0.350000,1.320000,2.000000,6.000000,0.378453583,1.352121472,1.316089034,-3.348841190,ceiling
0.350000,1.320000,2.000000,10.000000,0.375840813,1.314788103,1.316082597,-5.588841915,ceiling
0.350000,1.320000,4.000000,2.000000,0.416666657,1.353001356,4.000000000,1.980074286,none
0.350000,1.320000,4.000000,6.000000,0.406907171,1.352121472,2.632178068,-3.348841190,ceiling
0.350000,1.320000,4.000000,10.000000,0.401681602,1.314788103,2.632165194,-5.588841915,ceiling
0.350000,1.350000,-4.000000,2.000000,0.286530405,1.371791124,-2.945155382,-1.389975309,ceiling;top-left-0;top-left-1
0.350000,1.350000,-4.000000,6.000000,0.299954832,1.335321665,-2.632165194,-3.348841190,ceiling
0.350000,1.350000,-4.000000,10.000000,0.302429855,1.297988176,-2.632178068,-5.588841915,ceiling
0.350000,1.350000,-2.000000,2.000000,0.320211232,1.371414185,-0.830496132,-1.518194914,ceiling;top-left-0
0.350000,1.350000,-2.000000,6.000000,0.324977428,1.335321665,-1.316082597,-3.348841190,ceiling
0.350000,1.350000,-2.000000,10.000000,0.326214939,1.297988176,-1.316089034,-5.588841915,ceiling
0.350000,1.350000,0.000000,2.000000,0.349999994,1.372654796,0.000000000,-1.108841658,ceiling
0.350000,1.350000,0.000000,6.000000,0.350000024,1.335321665,0.000000000,-3.348841190,ceiling
0.350000,1.350000,0.000000,10.000000,0.349999994,1.297988176,0.000000000,-5.588841915,ceiling
0.350000,1.350000,2.000000,2.000000,0.381260514,1.372654796,1.316089034,-1.108841658,ceiling
0.350000,1.350000,2.000000,6.000000,0.375022590,1.335321665,1.316082597,-3.348841190,ceiling
0.350000,1.350000,2.000000,10.000000,0.373785079,1.297988176,1.316089034,-5.588841915,ceiling
0.350000,1.350000,4.000000,2.000000,0.414018691,1.372654796,3.126322508,-1.108841658,ceiling
0.350000,1.350000,4.000000,6.000000,0.400045216,1.335321665,2.632165194,-3.348841190,ceiling
0.350000,1.350000,4.000000,10.000000,0.397570103,1.297988176,2.632178068,-5.588841915,ceiling
0.350000,1.370000,-4.000000,2.000000,0.294806004,1.361454964,-3.126322508,-1.108841658,ceiling
0.350000,1.370000,-4.000000,6.000000,0.304529250,1.324121594,-2.632178068,-3.348841190,ceiling
0.350000,1.370000,-4.000000,10.000000,0.305170983,1.286788225,-2.632178068,-5.588841915,ceiling
0.350000,1.370000,-2.000000,2.000000,0.325647533,1.361454964,-1.316082597,-1.108841658,ceiling
0.350000,1.370000,-2.000000,6.000000,0.327264607,1.324121594,-1.316089034,-3.348841190,ceiling
0.350000,1.370000,-2.000000,10.000000,0.327585518,1.286788225,-1.316089034,-5.588841915,ceiling
0.350000,1.370000,0.000000,2.000000,0.350000024,1.361454964,0.000000000,-1.108841658,ceiling
0.350000,1.370000,0.000000,6.000000,0.349999964,1.324121594,0.000000000,-3.348841190,ceiling
0.350000,1.370000,0.000000,10.000000,0.349999994,1.286788225,0.000000000,-5.588841915,ceiling
0.350000,1.370000,2.000000,2.000000,0.374352515,1.361454964,1.316082597,-1.108841658,ceiling
0.350000,1.370000,2.000000,6.000000,0.372735351,1.324121594,1.316089034,-3.348841190,ceiling
0.350000,1.370000,2.000000,10.000000,0.372414529,1.286788225,1.316089034,-5.588841915,ceiling
0.350000,1.370000,4.000000,2.000000,0.405194044,1.361454964,3.126322508,-1.108841658,ceiling
0.350000,1.370000,4.000000,6.000000,0.395470709,1.324121594,2.632178068,-3.348841190,ceiling
0.350000,1.370000,4.000000,10.000000,0.394829035,1.286788225,2.632178068,-5.588841915,ceiling
0.380000,1.160000,-4.000000,2.000000,0.313333333,1.193001151,-4.000000000,1.980074286,none
0.380000,1.160000,-4.000000,6.000000,0.313333333,1.259667873,-4.000000000,5.980074406,none
0.380000,1.160000,-4.000000,10.000000,0.313333333,1.326334596,-4.000000000,9.980073929,none
0.380000,1.160000,-2.000000,2.000000,0.346666664,1.193001151,-2.000000000,1.980074286,none
0.380000,1.160000,-2.000000,6.000000,0.346666664,1.259667873,-2.000000000,5.980074406,none
0.380000,1.160000,-2.000000,10.000000,0.346666664,1.326334596,-2.000000000,9.980073929,none
0.380000,1.160000,0.000000,2.000000,0.379999995,1.193001151,0.000000000,1.980074286,none
0.380000,1.160000,0.000000,6.000000,0.379999995,1.259667873,0.000000000,5.980074406,none
0.380000,1.160000,0.000000,10.000000,0.379999995,1.326334596,0.000000000,9.980073929,none
0.380000,1.160000,2.000000,2.000000,0.413333327,1.193001151,2.000000000,1.980074286,none
0.380000,1.160000,2.000000,6.000000,0.413333327,1.259667873,2.000000000,5.980074406,none
0.380000,1.160000,2.000000,10.000000,0.413333327,1.326334596,2.000000000,9.980073929,none
0.380000,1.160000,4.000000,2.000000,0.446666658,1.193001151,4.000000000,1.980074286,none
0.380000,1.160000,4.000000,6.000000,0.446666658,1.259667873,4.000000000,5.980074406,none
0.380000,1.160000,4.000000,10.000000,0.446666658,1.326334596,4.000000000,9.980073929,none
0.380000,1.230000,-4.000000,2.000000,0.313333333,1.263001204,-4.000000000,1.980074286,none
0.380000,1.230000,-4.000000,6.000000,0.313333333,1.329667926,-4.000000000,5.980074406,none
0.380000,1.230000,-4.000000,10.000000,0.316497922,1.364452004,-2.373188972,-5.973027706,ceiling;top-left-0
0.380000,1.230000,-2.000000,2.000000,0.346666664,1.263001204,-2.000000000,1.980074286,none
0.380000,1.230000,-2.000000,6.000000,0.346666664,1.329667926,-2.000000000,5.980074406,none
0.380000,1.230000,-2.000000,10.000000,0.347991645,1.365188122,-1.316089034,-5.588841915,ceiling
0.380000,1.230000,0.000000,2.000000,0.379999995,1.263001204,0.000000000,1.980074286,none
0.380000,1.230000,0.000000,6.000000,0.379999995,1.329667926,0.000000000,5.980074406,none
0.380000,1.230000,0.000000,10.000000,0.379999995,1.365188122,0.000000000,-5.588841915,ceiling
0.380000,1.230000,2.000000,2.000000,0.413333327,1.263001204,2.000000000,1.980074286,none
0.380000,1.230000,2.000000,6.000000,0.413333327,1.329667926,2.000000000,5.980074406,none
0.380000,1.230000,2.000000,10.000000,0.412008345,1.365188122,1.316089034,-5.588841915,ceiling
0.380000,1.230000,4.000000,2.000000,0.446666658,1.263001204,4.000000000,1.980074286,none
0.380000,1.230000,4.000000,6.000000,0.446666658,1.329667926,4.000000000,5.980074406,none
0.380000,1.230000,4.000000,10.000000,0.443502098,1.364452004,2.373202801,-5.973015785,ceiling;top-right-29
0.380000,1.280000,-4.000000,2.000000,0.313333333,1.313001156,-4.000000000,1.980074286,none
0.380000,1.280000,-4.000000,6.000000,0.313943207,1.374509931,-2.632955551,-3.348841429,ceiling;top-left-0
0.380000,1.280000,-4.000000,10.000000,0.322836071,1.337188125,-2.632165194,-5.588841915,ceiling
0.380000,1.280000,-2.000000,2.000000,0.346666664,1.313001156,-2.000000000,1.980074286,none
0.380000,1.280000,-2.000000,6.000000,0.346971780,1.374521494,-1.316089034,-3.348841190,ceiling
0.380000,1.280000,-2.000000,10.000000,0.351418048,1.337188125,-1.316082597,-5.588841915,ceiling
0.380000,1.280000,0.000000,2.000000,0.379999995,1.313001156,0.000000000,1.980074286,none
0.380000,1.280000,0.000000,6.000000,0.380000025,1.374521494,0.000000000,-3.348841190,ceiling
0.380000,1.280000,0.000000,10.000000,0.379999995,1.337188125,0.000000000,-5.588841915,ceiling
0.380000,1.280000,2.000000,2.000000,0.413333327,1.313001156,2.000000000,1.980074286,none
0.380000,1.280000,2.000000,6.000000,0.413028181,1.374521494,1.316089034,-3.348841190,ceiling
0.380000,1.280000,2.000000,10.000000,0.408581972,1.337188125,1.316082597,-5.588841915,ceiling
0.380000,1.280000,4.000000,2.000000,0.446666658,1.313001156,4.000000000,1.980074286,none
0.380000,1.280000,4.000000,6.000000,0.446056783,1.374509811,2.632968664,-3.348841429,ceiling;top-right-29
0.380000,1.280000,4.000000,10.000000,0.437163919,1.337188125,2.632165194,-5.588841915,ceiling
0.380000,1.320000,-4.000000,2.000000,0.313333333,1.353001356,-4.000000000,1.980074286,none
0.380000,1.320000,-4.000000,6.000000,0.323092759,1.352121472,-2.632178068,-3.348841190,ceiling
0.380000,1.320000,-4.000000,10.000000,0.328318357,1.314788103,-2.632165194,-5.588841915,ceiling
0.380000,1.320000,-2.000000,2.000000,0.346666664,1.353001356,-2.000000000,1.980074286,none
0.380000,1.320000,-2.000000,6.000000,0.351546407,1.352121472,-1.316089034,-3.348841190,ceiling
0.380000,1.320000,-2.000000,10.000000,0.354159176,1.314788103,-1.316082597,-5.588841915,ceiling
0.380000,1.320000,0.000000,2.000000,0.379999995,1.353001356,0.000000000,1.980074286,none
0.380000,1.320000,0.000000,6.000000,0.379999995,1.352121472,0.000000000,-3.348841190,ceiling
0.380000,1.320000,0.000000,10.000000,0.379999995,1.314788103,0.000000000,-5.588841915,ceiling
0.380000,1.320000,2.000000,2.000000,0.413333327,1.353001356,2.000000000,1.980074286,none
0.380000,1.320000,2.000000,6.000000,0.408453614,1.352121472,1.316089034,-3.348841190,ceiling
0.380000,1.320000,2.000000,10.000000,0.405840784,1.314788103,1.316082597,-5.588841915,ceiling
0.380000,1.320000,4.000000,2.000000,0.446666658,1.353001356,4.000000000,1.980074286,none
0.380000,1.320000,4.000000,6.000000,0.436907202,1.352121472,2.632178068,-3.348841190,ceiling
0.380000,1.320000,4.000000,10.000000,0.431681633,1.314788103,2.632165194,-5.588841915,ceiling
0.380000,1.350000,-4.000000,2.000000,0.322162122,1.368422270,-1.087011099,-2.505329847,ceiling;top-left-0
0.380000,1.350000,-4.000000,6.000000,0.329954803,1.335321665,-2.632165194,-3.348841190,ceiling
0.380000,1.350000,-4.000000,10.000000,0.332429886,1.297988176,-2.632178068,-5.588841915,ceiling
0.380000,1.350000,-2.000000,2.000000,0.348739505,1.372654796,-1.316089034,-1.108841658,ceiling
0.380000,1.350000,-2.000000,6.000000,0.354977429,1.335321665,-1.316082597,-3.348841190,ceiling
0.380000,1.350000,-2.000000,10.000000,0.356214941,1.297988176,-1.316089034,-5.588841915,ceiling
0.380000,1.350000,0.000000,2.000000,0.379999995,1.372654796,0.000000000,-1.108841658,ceiling
0.380000,1.350000,0.000000,6.000000,0.380000025,1.335321665,0.000000000,-3.348841190,ceiling
0.380000,1.350000,0.000000,10.000000,0.380000025,1.297988176,0.000000000,-5.588841915,ceiling
0.380000,1.350000,2.000000,2.000000,0.411260456,1.372654796,1.316089034,-1.108841658,ceiling
0.380000,1.350000,2.000000,6.000000,0.405022562,1.335321665,1.316082597,-3.348841190,ceiling
0.380000,1.350000,2.000000,10.000000,0.403785080,1.297988176,1.316089034,-5.588841915,ceiling
0.380000,1.350000,4.000000,2.000000,0.437837899,1.368422270,1.087013006,-2.505321264,ceiling;top-right-29
0.380000,1.350000,4.000000,6.000000,0.430045187,1.335321665,2.632165194,-3.348841190,ceiling
0.380000,1.350000,4.000000,10.000000,0.427570164,1.297988176,2.632178068,-5.588841915,ceiling
0.380000,1.370000,-4.000000,2.000000,0.324806005,1.361454964,-3.126322508,-1.108841658,ceiling
0.380000,1.370000,-4.000000,6.000000,0.334529251,1.324121594,-2.632178068,-3.348841190,ceiling
0.380000,1.370000,-4.000000,10.000000,0.335170954,1.286788225,-2.632178068,-5.588841915,ceiling
0.380000,1.370000,-2.000000,2.000000,0.355647504,1.361454964,-1.316082597,-1.108841658,ceiling
0.380000,1.370000,-2.000000,6.000000,0.357264608,1.324121594,-1.316089034,-3.348841190,ceiling
0.380000,1.370000,-2.000000,10.000000,0.357585490,1.286788225,-1.316089034,-5.588841915,ceiling
0.380000,1.370000,0.000000,2.000000,0.380000025,1.361454964,0.000000000,-1.108841658,ceiling
0.380000,1.370000,0.000000,6.000000,0.379999995,1.324121594,0.000000000,-3.348841190,ceiling
0.380000,1.370000,0.000000,10.000000,0.379999995,1.286788225,0.000000000,-5.588841915,ceiling
0.380000,1.370000,2.000000,2.000000,0.404352516,1.361454964,1.316082597,-1.108841658,ceiling
0.380000,1.370000,2.000000,6.000000,0.402735382,1.324121594,1.316089034,-3.348841190,ceiling
0.380000,1.370000,2.000000,10.000000,0.402414501,1.286788225,1.316089034,-5.588841915,ceiling
0.380000,1.370000,4.000000,2.000000,0.435194075,1.361454964,3.126322508,-1.108841658,ceiling
0.380000,1.370000,4.000000,6.000000,0.425470740,1.324121594,2.632178068,-3.348841190,ceiling
0.380000,1.370000,4.000000,10.000000,0.424829006,1.286788225,2.632178068,-5.588841915,ceiling
0.420000,1.160000,-4.000000,2.000000,0.353333294,1.193001151,-4.000000000,1.980074286,none
0.420000,1.160000,-4.000000,6.000000,0.353333294,1.259667873,-4.000000000,5.980074406,none
0.420000,1.160000,-4.000000,10.000000,0.353333294,1.326334596,-4.000000000,9.980073929,none
0.420000,1.160000,-2.000000,2.000000,0.386666656,1.193001151,-2.000000000,1.980074286,none
0.420000,1.160000,-2.000000,6.000000,0.386666656,1.259667873,-2.000000000,5.980074406,none
0.420000,1.160000,-2.000000,10.000000,0.386666656,1.326334596,-2.000000000,9.980073929,none
0.420000,1.160000,0.000000,2.000000,0.419999987,1.193001151,0.000000000,1.980074286,none
0.420000,1.160000,0.000000,6.000000,0.419999987,1.259667873,0.000000000,5.980074406,none
0.420000,1.160000,0.000000,10.000000,0.419999987,1.326334596,0.000000000,9.980073929,none
0.420000,1.160000,2.000000,2.000000,0.453333318,1.193001151,2.000000000,1.980074286,none
0.420000,1.160000,2.000000,6.000000,0.453333318,1.259667873,2.000000000,5.980074406,none
0.420000,1.160000,2.000000,10.000000,0.453333318,1.326334596,2.000000000,9.980073929,none
0.420000,1.160000,4.000000,2.000000,0.486666620,1.193001151,4.000000000,1.980074286,none
0.420000,1.160000,4.000000,6.000000,0.486666620,1.259667873,4.000000000,5.980074406,none
0.420000,1.160000,4.000000,10.000000,0.486666620,1.326334596,4.000000000,9.980073929,none
0.420000,1.230000,-4.000000,2.000000,0.353333294,1.263001204,-4.000000000,1.980074286,none
0.420000,1.230000,-4.000000,6.000000,0.353333294,1.329667926,-4.000000000,5.980074406,none
0.420000,1.230000,-4.000000,10.000000,0.355983227,1.365188122,-2.632178068,-5.588841915,ceiling
0.420000,1.230000,-2.000000,2.000000,0.386666656,1.263001204,-2.000000000,1.980074286,none
0.420000,1.230000,-2.000000,6.000000,0.386666656,1.329667926,-2.000000000,5.980074406,none
0.420000,1.230000,-2.000000,10.000000,0.387991607,1.365188122,-1.316089034,-5.588841915,ceiling
0.420000,1.230000,0.000000,2.000000,0.419999987,1.263001204,0.000000000,1.980074286,none
0.420000,1.230000,0.000000,6.000000,0.419999987,1.329667926,0.000000000,5.980074406,none
0.420000,1.230000,0.000000,10.000000,0.419999987,1.365188122,0.000000000,-5.588841915,ceiling
0.420000,1.230000,2.000000,2.000000,0.453333318,1.263001204,2.000000000,1.980074286,none
0.420000,1.230000,2.000000,6.000000,0.453333318,1.329667926,2.000000000,5.980074406,none
0.420000,1.230000,2.000000,10.000000,0.452009112,1.365176439,1.316484213,-5.588841915,ceiling;top-right-29
0.420000,1.230000,4.000000,2.000000,0.486666620,1.263001204,4.000000000,1.980074286,none
0.420000,1.230000,4.000000,6.000000,0.486666620,1.329667926,4.000000000,5.980074406,none
0.420000,1.230000,4.000000,10.000000,0.482277393,1.363399148,1.829708695,-6.031449795,ceiling;top-right-27;top-right-28;top-right-29
0.420000,1.280000,-4.000000,2.000000,0.353333294,1.313001156,-4.000000000,1.980074286,none
0.420000,1.280000,-4.000000,6.000000,0.353943527,1.374521494,-2.632178068,-3.348841190,ceiling
0.420000,1.280000,-4.000000,10.000000,0.362836063,1.337188125,-2.632165194,-5.588841915,ceiling
0.420000,1.280000,-2.000000,2.000000,0.386666656,1.313001156,-2.000000000,1.980074286,none
0.420000,1.280000,-2.000000,6.000000,0.386971772,1.374521494,-1.316089034,-3.348841190,ceiling
0.420000,1.280000,-2.000000,10.000000,0.391418040,1.337188125,-1.316082597,-5.588841915,ceiling
0.420000,1.280000,0.000000,2.000000,0.419999987,1.313001156,0.000000000,1.980074286,none
0.420000,1.280000,0.000000,6.000000,0.419999987,1.374521494,0.000000000,-3.348841190,ceiling
0.420000,1.280000,0.000000,10.000000,0.419999987,1.337188125,0.000000000,-5.588841915,ceiling
0.420000,1.280000,2.000000,2.000000,0.453333318,1.313001156,2.000000000,1.980074286,none
0.420000,1.280000,2.000000,6.000000,0.452738345,1.374317884,0.666399658,-3.778986692,ceiling;top-right-28;top-right-29
0.420000,1.280000,2.000000,10.000000,0.444762141,1.336533427,0.772588253,-5.672971249,ceiling;top-right-29
0.420000,1.280000,4.000000,2.000000,0.486666620,1.313001156,4.000000000,1.980074286,none
0.420000,1.280000,4.000000,6.000000,0.484998882,1.372484684,1.441081762,-4.162974834,ceiling;top-right-26;top-right-27;top-right-28
0.420000,1.280000,4.000000,10.000000,0.476241589,1.335391283,2.499411106,-5.845806122,ceiling;top-right-28;top-right-29
0.420000,1.320000,-4.000000,2.000000,0.353333294,1.353001356,-4.000000000,1.980074286,none
0.420000,1.320000,-4.000000,6.000000,0.363092780,1.352121472,-2.632178068,-3.348841190,ceiling
0.420000,1.320000,-4.000000,10.000000,0.368318349,1.314788103,-2.632165194,-5.588841915,ceiling
0.420000,1.320000,-2.000000,2.000000,0.386666656,1.353001356,-2.000000000,1.980074286,none
0.420000,1.320000,-2.000000,6.000000,0.391546369,1.352121472,-1.316089034,-3.348841190,ceiling
0.420000,1.320000,-2.000000,10.000000,0.394159168,1.314788103,-1.316082597,-5.588841915,ceiling
0.420000,1.320000,0.000000,2.000000,0.419999987,1.353001356,0.000000000,1.980074286,none
0.420000,1.320000,0.000000,6.000000,0.419999987,1.352121472,0.000000000,-3.348841190,ceiling
0.420000,1.320000,0.000000,10.000000,0.419999987,1.314788103,0.000000000,-5.588841915,ceiling
0.420000,1.320000,2.000000,2.000000,0.453333318,1.353001356,2.000000000,1.980074286,none
0.420000,1.320000,2.000000,6.000000,0.447698891,1.350928664,1.211962581,-3.516869068,ceiling;top-right-29
0.420000,1.320000,2.000000,10.000000,0.445840776,1.314788103,1.316082597,-5.588841915,ceiling
0.420000,1.320000,4.000000,2.000000,0.486666620,1.353001356,4.000000000,1.980074286,none
0.420000,1.320000,4.000000,6.000000,0.476171315,1.350264788,2.529039621,-3.607413054,ceiling;top-right-28;top-right-29
0.420000,1.320000,4.000000,10.000000,0.471690327,1.314776540,2.632955790,-5.588841915,ceiling;top-right-29
0.420000,1.350000,-4.000000,2.000000,0.355981290,1.372654796,-3.126322508,-1.108841658,ceiling
0.420000,1.350000,-4.000000,6.000000,0.369954824,1.335321665,-2.632165194,-3.348841190,ceiling
0.420000,1.350000,-4.000000,10.000000,0.372429878,1.297988176,-2.632178068,-5.588841915,ceiling
0.420000,1.350000,-2.000000,2.000000,0.388739467,1.372654796,-1.316089034,-1.108841658,ceiling
0.420000,1.350000,-2.000000,6.000000,0.394977391,1.335321665,-1.316082597,-3.348841190,ceiling
0.420000,1.350000,-2.000000,10.000000,0.396214902,1.297988176,-1.316089034,-5.588841915,ceiling
0.420000,1.350000,0.000000,2.000000,0.419999987,1.372654796,0.000000000,-1.108841658,ceiling
0.420000,1.350000,0.000000,6.000000,0.419999987,1.335321665,0.000000000,-3.348841190,ceiling
0.420000,1.350000,0.000000,10.000000,0.419999987,1.297988176,0.000000000,-5.588841915,ceiling
0.420000,1.350000,2.000000,2.000000,0.451261699,1.372643113,1.316484213,-1.108841658,ceiling;top-right-29
0.420000,1.350000,2.000000,6.000000,0.445022583,1.335321665,1.316082597,-3.348841190,ceiling
0.420000,1.350000,2.000000,10.000000,0.443785101,1.297988176,1.316089034,-5.588841915,ceiling
0.420000,1.350000,4.000000,2.000000,0.482324213,1.370411515,2.661545277,-1.641917229,ceiling;top-right-27;top-right-28;top-right-29
0.420000,1.350000,4.000000,6.000000,0.462677181,1.327609539,2.026868343,-3.985610962,ceiling;top-right-29
0.420000,1.350000,4.000000,10.000000,0.467570126,1.297988176,2.632178068,-5.588841915,ceiling
0.420000,1.370000,-4.000000,2.000000,0.364805967,1.361454964,-3.126322508,-1.108841658,ceiling
0.420000,1.370000,-4.000000,6.000000,0.374529243,1.324121594,-2.632178068,-3.348841190,ceiling
0.420000,1.370000,-4.000000,10.000000,0.375170916,1.286788225,-2.632178068,-5.588841915,ceiling
0.420000,1.370000,-2.000000,2.000000,0.395647466,1.361454964,-1.316082597,-1.108841658,ceiling
0.420000,1.370000,-2.000000,6.000000,0.397264570,1.324121594,-1.316089034,-3.348841190,ceiling
0.420000,1.370000,-2.000000,10.000000,0.397585452,1.286788225,-1.316089034,-5.588841915,ceiling
0.420000,1.370000,0.000000,2.000000,0.419999987,1.361454964,0.000000000,-1.108841658,ceiling
0.420000,1.370000,0.000000,6.000000,0.419999987,1.324121594,0.000000000,-3.348841190,ceiling
0.420000,1.370000,0.000000,10.000000,0.419999987,1.286788225,0.000000000,-5.588841915,ceiling
0.420000,1.370000,2.000000,2.000000,0.444352478,1.361454964,1.316082597,-1.108841658,ceiling
0.420000,1.370000,2.000000,6.000000,0.442735344,1.324121594,1.316089034,-3.348841190,ceiling
0.420000,1.370000,2.000000,10.000000,0.442414463,1.286788225,1.316089034,-5.588841915,ceiling
0.420000,1.370000,4.000000,2.000000,0.446691275,1.342541456,0.955750585,-2.549164534,ceiling;top-right-29
0.420000,1.370000,4.000000,6.000000,0.465470701,1.324121594,2.632178068,-3.348841190,ceiling
0.420000,1.370000,4.000000,10.000000,0.464828968,1.286788225,2.632178068,-5.588841915,ceiling
0.450000,1.160000,-4.000000,2.000000,0.383333325,1.193001151,-4.000000000,1.980074286,none
0.450000,1.160000,-4.000000,6.000000,0.383333325,1.259667873,-4.000000000,5.980074406,none
0.450000,1.160000,-4.000000,10.000000,0.383333325,1.326334596,-4.000000000,9.980073929,none
0.450000,1.160000,-2.000000,2.000000,0.416666657,1.193001151,-2.000000000,1.980074286,none
0.450000,1.160000,-2.000000,6.000000,0.416666657,1.259667873,-2.000000000,5.980074406,none
0.450000,1.160000,-2.000000,10.000000,0.416666657,1.326334596,-2.000000000,9.980073929,none
0.450000,1.160000,0.000000,2.000000,0.449999988,1.193001151,0.000000000,1.980074286,none
0.450000,1.160000,0.000000,6.000000,0.449999988,1.259667873,0.000000000,5.980074406,none
0.450000,1.160000,0.000000,10.000000,0.449999988,1.326334596,0.000000000,9.980073929,none
0.450000,1.160000,2.000000,2.000000,0.483333349,1.193001151,2.000000000,1.980074286,none
0.450000,1.160000,2.000000,6.000000,0.483333349,1.259667873,2.000000000,5.980074406,none
0.450000,1.160000,2.000000,10.000000,0.483333349,1.326334596,2.000000000,9.980073929,none
0.450000,1.160000,4.000000,2.000000,0.516666651,1.193001151,4.000000000,1.980074286,none
0.450000,1.160000,4.000000,6.000000,0.516666651,1.259667873,4.000000000,5.980074406,none
0.450000,1.160000,4.000000,10.000000,0.516666651,1.326334596,4.000000000,9.980073929,none
0.450000,1.230000,-4.000000,2.000000,0.383333325,1.263001204,-4.000000000,1.980074286,none
0.450000,1.230000,-4.000000,6.000000,0.383333325,1.329667926,-4.000000000,5.980074406,none
0.450000,1.230000,-4.000000,10.000000,0.385983288,1.365188122,-2.632178068,-5.588841915,ceiling
0.450000,1.230000,-2.000000,2.000000,0.416666657,1.263001204,-2.000000000,1.980074286,none
0.450000,1.230000,-2.000000,6.000000,0.416666657,1.329667926,-2.000000000,5.980074406,none
0.450000,1.230000,-2.000000,10.000000,0.417991638,1.365188122,-1.316089034,-5.588841915,ceiling
0.450000,1.230000,0.000000,2.000000,0.449999988,1.263001204,0.000000000,1.980074286,none
0.450000,1.230000,0.000000,6.000000,0.449999988,1.329667926,0.000000000,5.980074406,none
0.450000,1.230000,0.000000,10.000000,0.449999988,1.365176439,0.000000000,-5.588841915,ceiling;top-right-29
0.450000,1.230000,2.000000,2.000000,0.483333349,1.263001204,2.000000000,1.980074286,none
0.450000,1.230000,2.000000,6.000000,0.483333349,1.329667926,2.000000000,5.980074406,none
0.450000,1.230000,2.000000,10.000000,0.480469465,1.363847852,0.596575737,-5.775530815,ceiling;top-right-27;top-right-28;top-right-29
0.450000,1.230000,4.000000,2.000000,0.516666651,1.263001204,4.000000000,1.980074286,none
0.450000,1.230000,4.000000,6.000000,0.516666651,1.329667926,4.000000000,5.980074406,none
0.450000,1.230000,4.000000,10.000000,0.508215368,1.357481122,0.461961180,-6.183588982,top-right-25;top-right-26;top-right-27
0.450000,1.280000,-4.000000,2.000000,0.383333325,1.313001156,-4.000000000,1.980074286,none
0.450000,1.280000,-4.000000,6.000000,0.383943528,1.374521494,-2.632178068,-3.348841190,ceiling
0.450000,1.280000,-4.000000,10.000000,0.392836094,1.337188125,-2.632165194,-5.588841915,ceiling
0.450000,1.280000,-2.000000,2.000000,0.416666657,1.313001156,-2.000000000,1.980074286,none
0.450000,1.280000,-2.000000,6.000000,0.416971773,1.374521494,-1.316089034,-3.348841190,ceiling
0.450000,1.280000,-2.000000,10.000000,0.421418041,1.337188125,-1.316082597,-5.588841915,ceiling
0.450000,1.280000,0.000000,2.000000,0.449999988,1.313001156,0.000000000,1.980074286,none
0.450000,1.280000,0.000000,6.000000,0.449999988,1.374509811,0.000000000,-3.348841429,ceiling;top-right-29
0.450000,1.280000,0.000000,10.000000,0.449999988,1.337176561,0.000000000,-5.588841915,ceiling;top-right-29
0.450000,1.280000,2.000000,2.000000,0.483333349,1.313001156,2.000000000,1.980074286,none
0.450000,1.280000,2.000000,6.000000,0.482164383,1.373018384,0.089968696,-3.807261229,ceiling;top-right-26;top-right-27;top-right-28;top-right-29
0.450000,1.280000,2.000000,10.000000,0.473050356,1.335303307,0.528559744,-5.838419914,ceiling;top-right-27;top-right-28;top-right-29
0.450000,1.280000,4.000000,2.000000,0.516666651,1.313001156,4.000000000,1.980074286,none
0.450000,1.280000,4.000000,6.000000,0.511168599,1.365805268,-0.282592744,-4.381579399,top-right-24;top-right-25;top-right-26;top-right-27
0.450000,1.280000,4.000000,10.000000,0.496365488,1.330996633,1.152471662,-6.145014763,ceiling;top-right-26;top-right-27;top-right-28
0.450000,1.320000,-4.000000,2.000000,0.383333325,1.353001356,-4.000000000,1.980074286,none
0.450000,1.320000,-4.000000,6.000000,0.393092752,1.352121472,-2.632178068,-3.348841190,ceiling
0.450000,1.320000,-4.000000,10.000000,0.398318350,1.314788103,-2.632165194,-5.588841915,ceiling
0.450000,1.320000,-2.000000,2.000000,0.416666657,1.353001356,-2.000000000,1.980074286,none
0.450000,1.320000,-2.000000,6.000000,0.421546370,1.352121472,-1.316089034,-3.348841190,ceiling
0.450000,1.320000,-2.000000,10.000000,0.424149841,1.314801931,-1.315615654,-5.588841915,ceiling;top-right-29
0.450000,1.320000,0.000000,2.000000,0.449999988,1.353001356,0.000000000,1.980074286,none
0.450000,1.320000,0.000000,6.000000,0.449999988,1.352109671,0.000000000,-3.348841429,ceiling;top-right-29
0.450000,1.320000,0.000000,10.000000,0.449999988,1.314776421,0.000000000,-5.588841915,ceiling;top-right-29
0.450000,1.320000,2.000000,2.000000,0.483333349,1.353001356,2.000000000,1.980074286,none
0.450000,1.320000,2.000000,6.000000,0.474043846,1.349651694,0.706777692,-3.677393675,ceiling;top-right-27;top-right-28;top-right-29
0.450000,1.320000,2.000000,10.000000,0.475107729,1.313369155,1.249168277,-5.717296600,ceiling;top-right-28;top-right-29
0.450000,1.320000,4.000000,2.000000,0.516666651,1.353001356,4.000000000,1.980074286,none
0.450000,1.320000,4.000000,6.000000,0.499427557,1.345336676,1.671320677,-3.990064621,ceiling;top-right-26;top-right-27;top-right-28
0.450000,1.320000,4.000000,10.000000,0.492796749,1.309530854,1.831404686,-6.031626701,ceiling;top-right-27;top-right-28;top-right-29
0.450000,1.350000,-4.000000,2.000000,0.385981321,1.372654796,-3.126322508,-1.108841658,ceiling
0.450000,1.350000,-4.000000,6.000000,0.399954855,1.335321665,-2.632165194,-3.348841190,ceiling
0.450000,1.350000,-4.000000,10.000000,0.402423710,1.297992945,-2.631853819,-5.588841915,ceiling;top-right-29
0.450000,1.350000,-2.000000,2.000000,0.418739498,1.372654796,-1.316089034,-1.108841658,ceiling
0.450000,1.350000,-2.000000,6.000000,0.424972534,1.335309863,-1.316484332,-3.348841429,ceiling;top-right-29
0.450000,1.350000,-2.000000,10.000000,0.426209450,1.297976494,-1.316484213,-5.588841915,ceiling;top-right-29
0.450000,1.350000,0.000000,2.000000,0.449999988,1.372643113,0.000000000,-1.108841658,ceiling;top-right-29
0.450000,1.350000,0.000000,6.000000,0.449999988,1.335309863,0.000000000,-3.348841429,ceiling;top-right-29
0.450000,1.350000,0.000000,10.000000,0.449999988,1.297976494,0.000000000,-5.588841915,ceiling;top-right-29
0.450000,1.350000,2.000000,2.000000,0.480409324,1.371117949,1.125165224,-1.353014231,ceiling;top-right-27;top-right-28;top-right-29
0.450000,1.350000,2.000000,6.000000,0.474215567,1.333748579,1.249670982,-3.477325916,ceiling;top-right-28;top-right-29
0.450000,1.350000,2.000000,10.000000,0.472868443,1.296182036,1.250432253,-5.717366219,ceiling;top-right-28;top-right-29
0.450000,1.350000,4.000000,2.000000,0.506757855,1.363463759,1.781307817,-2.244608402,top-right-25;top-right-26;top-right-27
0.450000,1.350000,4.000000,6.000000,0.484134138,1.324242473,1.327350736,-4.256123543,ceiling;top-right-27;top-right-28;top-right-29
0.450000,1.350000,4.000000,10.000000,0.495705038,1.294389486,2.498586893,-5.845768929,ceiling;top-right-28;top-right-29
0.450000,1.370000,-4.000000,2.000000,0.394805968,1.361454964,-3.126322508,-1.108841658,ceiling;top-right-29
0.450000,1.370000,-4.000000,6.000000,0.404516995,1.324109793,-2.632968426,-3.348841429,ceiling;top-right-29
0.450000,1.370000,-4.000000,10.000000,0.405158371,1.286776423,-2.632968426,-5.588841915,ceiling;top-right-29
0.450000,1.370000,-2.000000,2.000000,0.425642312,1.361443281,-1.316477776,-1.108841658,ceiling;top-right-29
0.450000,1.370000,-2.000000,6.000000,0.427258551,1.324109793,-1.316484332,-3.348841429,ceiling;top-right-29
0.450000,1.370000,-2.000000,10.000000,0.427579224,1.286776423,-1.316484213,-5.588841915,ceiling;top-right-29
0.450000,1.370000,0.000000,2.000000,0.449999988,1.361443281,0.000000000,-1.108841658,ceiling;top-right-29
0.450000,1.370000,0.000000,6.000000,0.449999988,1.324109793,0.000000000,-3.348841429,ceiling;top-right-29
0.450000,1.370000,0.000000,10.000000,0.450000048,1.286776423,0.000000000,-5.588841915,ceiling;top-right-29
0.450000,1.370000,2.000000,2.000000,0.473814636,1.359737992,1.275120020,-1.238704205,ceiling;top-right-28;top-right-29
0.450000,1.370000,2.000000,6.000000,0.462216914,1.317353487,0.637310207,-3.784846544,ceiling;top-right-28;top-right-29
0.450000,1.370000,2.000000,10.000000,0.457184702,1.279279828,0.362155497,-6.058403015,ceiling;top-right-28;top-right-29
0.450000,1.370000,4.000000,2.000000,0.502812266,1.357750773,2.945154905,-1.389975309,ceiling;top-right-28;top-right-29
0.450000,1.370000,4.000000,6.000000,0.492669195,1.318534374,2.451387167,-3.708634138,ceiling;top-right-28;top-right-29
0.450000,1.370000,4.000000,10.000000,0.477418035,1.273850441,1.541622400,-6.398471832,ceiling;top-right-28;top-right-29
0.500000,1.160000,-4.000000,2.000000,0.433333337,1.193001151,-4.000000000,1.980074286,none
0.500000,1.160000,-4.000000,6.000000,0.433333337,1.259667873,-4.000000000,5.980074406,none
0.500000,1.160000,-4.000000,10.000000,0.433333337,1.326334596,-4.000000000,9.980073929,none
0.500000,1.160000,-2.000000,2.000000,0.466666639,1.193001151,-2.000000000,1.980074286,none
0.500000,1.160000,-2.000000,6.000000,0.466666639,1.259667873,-2.000000000,5.980074406,none
0.500000,1.160000,-2.000000,10.000000,0.466666639,1.326334596,-2.000000000,9.980073929,none
0.500000,1.160000,0.000000,2.000000,0.500000000,1.193001151,0.000000000,1.980074286,none
0.500000,1.160000,0.000000,6.000000,0.500000000,1.259667873,0.000000000,5.980074406,none
0.500000,1.160000,0.000000,10.000000,0.500000000,1.326334596,0.000000000,9.980073929,none
0.500000,1.160000,2.000000,2.000000,0.533333361,1.193001151,2.000000000,1.980074286,none
0.500000,1.160000,2.000000,6.000000,0.533333361,1.259667873,2.000000000,5.980074406,none
0.500000,1.160000,2.000000,10.000000,0.533333361,1.326334596,2.000000000,9.980073929,none
0.500000,1.160000,4.000000,2.000000,0.566666663,1.193001151,4.000000000,1.980074286,none
0.500000,1.160000,4.000000,6.000000,0.566666663,1.259667873,4.000000000,5.980074406,none
0.500000,1.160000,4.000000,10.000000,0.566666663,1.326334596,4.000000000,9.980073929,none
0.500000,1.230000,-4.000000,2.000000,0.433333337,1.263001204,-4.000000000,1.980074286,none
0.500000,1.230000,-4.000000,6.000000,0.433333337,1.329667926,-4.000000000,5.980074406,none
0.500000,1.230000,-4.000000,10.000000,0.435981750,1.365176439,-2.632968426,-5.588841915,ceiling;top-right-29
0.500000,1.230000,-2.000000,2.000000,0.466666639,1.263001204,-2.000000000,1.980074286,none
0.500000,1.230000,-2.000000,6.000000,0.466666639,1.329667926,-2.000000000,5.980074406,none
0.500000,1.230000,-2.000000,10.000000,0.466838509,1.364956737,-1.887733459,-5.588841438,ceiling;top-right-27;top-right-28;top-right-29
0.500000,1.230000,0.000000,2.000000,0.500000000,1.263001204,0.000000000,1.980074286,none
0.500000,1.230000,0.000000,6.000000,0.500000000,1.329667926,0.000000000,5.980074406,none
0.500000,1.230000,0.000000,10.000000,0.495618165,1.361225367,-1.902649641,-5.381914616,top-right-25;top-right-26;top-right-27
0.500000,1.230000,2.000000,2.000000,0.533333361,1.263001204,2.000000000,1.980074286,none
0.500000,1.230000,2.000000,6.000000,0.533333361,1.329667926,2.000000000,5.980074406,none
0.500000,1.230000,2.000000,10.000000,0.522904038,1.352096081,-1.669484138,-5.632443428,top-right-23;top-right-24;top-right-25;top-right-26
0.500000,1.230000,4.000000,2.000000,0.566666663,1.263001204,4.000000000,1.980074286,none
0.500000,1.230000,4.000000,6.000000,0.566666663,1.329667926,4.000000000,5.980074406,none
0.500000,1.230000,4.000000,10.000000,0.546686530,1.339558244,-1.574972510,-5.853813171,top-right-22;top-right-23;top-right-24
0.500000,1.280000,-4.000000,2.000000,0.433333337,1.313001156,-4.000000000,1.980074286,none
0.500000,1.280000,-4.000000,6.000000,0.433943570,1.374521494,-2.632178068,-3.348841190,ceiling;top-right-29
0.500000,1.280000,-4.000000,10.000000,0.442830503,1.337176561,-2.632968426,-5.588841915,ceiling;top-right-28;top-right-29
0.500000,1.280000,-2.000000,2.000000,0.466666639,1.313001156,-2.000000000,1.980074286,none
0.500000,1.280000,-2.000000,6.000000,0.466968596,1.374502897,-1.316717386,-3.348841429,ceiling;top-right-27;top-right-28;top-right-29
0.500000,1.280000,-2.000000,10.000000,0.468093455,1.335042715,-1.788385034,-5.738276482,ceiling;top-right-27;top-right-28;top-right-29
0.500000,1.280000,0.000000,2.000000,0.500000000,1.313001156,0.000000000,1.980074286,none
0.500000,1.280000,0.000000,6.000000,0.498795599,1.370213270,-1.140069842,-3.224850893,top-right-25;top-right-26;top-right-27
0.500000,1.280000,0.000000,10.000000,0.486085951,1.334262133,-1.902649641,-5.381914616,top-right-25;top-right-26;top-right-27
0.500000,1.280000,2.000000,2.000000,0.533333361,1.313001156,2.000000000,1.980074286,none
0.500000,1.280000,2.000000,6.000000,0.527796447,1.360591888,-0.752075732,-3.472810268,top-right-23;top-right-24;top-right-25
0.500000,1.280000,2.000000,10.000000,0.507823527,1.327895641,-1.344786763,-5.551990509,top-right-24;top-right-25;top-right-26
0.500000,1.280000,4.000000,2.000000,0.566666663,1.313001156,4.000000000,1.980074286,none
0.500000,1.280000,4.000000,6.000000,0.553093374,1.346456409,-0.168456152,-4.174221039,top-right-22;top-right-23;top-right-24
0.500000,1.280000,4.000000,10.000000,0.527245641,1.317612648,-0.908736229,-6.037395477,top-right-23;top-right-24;top-right-25
0.500000,1.320000,-4.000000,2.000000,0.433333337,1.353001356,-4.000000000,1.980074286,none
0.500000,1.320000,-4.000000,6.000000,0.443087161,1.352109671,-2.632968426,-3.348841429,ceiling;top-right-28;top-right-29
0.500000,1.320000,-4.000000,10.000000,0.442722857,1.314002156,-3.142482281,-5.588841438,ceiling;top-right-27;top-right-28;top-right-29
0.500000,1.320000,-2.000000,2.000000,0.466666639,1.353001356,-2.000000000,1.980074286,none
0.500000,1.320000,-2.000000,6.000000,0.470658958,1.349376082,-1.441766977,-3.569705963,ceiling;top-right-26;top-right-27;top-right-28;top-right-29
0.500000,1.320000,-2.000000,10.000000,0.460862696,1.314630151,-2.513001919,-5.391861916,top-right-26;top-right-27;top-right-28
0.500000,1.320000,0.000000,2.000000,0.500000000,1.353001356,0.000000000,1.980074286,none
0.500000,1.320000,0.000000,6.000000,0.491169780,1.348642588,-1.140069842,-3.224850893,top-right-25;top-right-26;top-right-27
0.500000,1.320000,0.000000,10.000000,0.478460133,1.312691450,-1.902649641,-5.381914616,top-right-25;top-right-26;top-right-27
0.500000,1.320000,2.000000,2.000000,0.533333361,1.353001356,2.000000000,1.980074286,none
0.500000,1.320000,2.000000,6.000000,0.513975263,1.341213584,-0.357117027,-3.560654402,top-right-24;top-right-25;top-right-26
0.500000,1.320000,2.000000,10.000000,0.502302229,1.306627154,-0.704336703,-5.680335522,top-right-25;top-right-26;top-right-27
0.500000,1.320000,4.000000,2.000000,0.566666663,1.353001356,4.000000000,1.980074286,none
0.500000,1.320000,4.000000,6.000000,0.534083664,1.329961419,0.293408334,-4.202442646,top-right-23;top-right-24;top-right-25
0.500000,1.320000,4.000000,10.000000,0.517337084,1.298043609,-0.228456140,-6.147340298,top-right-24;top-right-25;top-right-26
0.500000,1.350000,-4.000000,2.000000,0.435981333,1.372643113,-3.126322985,-1.108841777,ceiling;top-right-29
0.500000,1.350000,-4.000000,6.000000,0.458472550,1.324790835,-1.948810220,-4.101944447,ceiling;top-right-26;top-right-27;top-right-28;top-right-29
0.500000,1.350000,-4.000000,10.000000,0.436578125,1.300078630,-3.762706280,-5.263381481,top-right-26;top-right-27;top-right-28
0.500000,1.350000,-2.000000,2.000000,0.468520939,1.372188926,-1.400540829,-1.108841658,ceiling;top-right-27;top-right-28;top-right-29
0.500000,1.350000,-2.000000,6.000000,0.466517150,1.334627867,-2.003456593,-3.179491997,top-right-26;top-right-27;top-right-28
0.500000,1.350000,-2.000000,10.000000,0.459513247,1.297047019,-2.496825933,-5.417973042,top-right-26;top-right-27;top-right-28
0.500000,1.350000,0.000000,2.000000,0.498160183,1.368415594,-0.377483904,-1.067788243,top-right-25;top-right-26;top-right-27
0.500000,1.350000,0.000000,6.000000,0.485450447,1.332464576,-1.140069842,-3.224850893,top-right-25;top-right-26;top-right-27
0.500000,1.350000,0.000000,10.000000,0.472740799,1.296513438,-1.902649641,-5.381914616,top-right-25;top-right-26;top-right-27
0.500000,1.350000,2.000000,2.000000,0.524368644,1.359121084,0.634264350,-1.595909238,top-right-24;top-right-25;top-right-26
0.500000,1.350000,2.000000,6.000000,0.508075714,1.325670362,0.044665061,-3.605202913,top-right-25;top-right-26;top-right-27
0.500000,1.350000,2.000000,10.000000,0.494443417,1.291077375,-0.704282105,-5.680348396,top-right-25;top-right-26;top-right-27
0.500000,1.350000,4.000000,2.000000,0.546364665,1.346579313,1.536337614,-2.381239891,top-right-23;top-right-24;top-right-25
0.500000,1.350000,4.000000,6.000000,0.523607254,1.315744042,0.715354323,-4.211901188,top-right-24;top-right-25;top-right-26
0.500000,1.350000,4.000000,10.000000,0.515548825,1.282692790,0.460324854,-6.183227062,top-right-25;top-right-26;top-right-27
0.500000,1.370000,-4.000000,2.000000,0.441253483,1.363416314,-3.422685623,-0.801819444,top-right-26;top-right-27;top-right-28
0.500000,1.370000,-4.000000,6.000000,0.458229303,1.313793540,-2.426416874,-3.765704393,top-right-25;top-right-26;top-right-27;top-right-28
0.500000,1.370000,-4.000000,10.000000,0.472942024,1.271639347,-1.549208403,-6.276861191,top-right-25;top-right-26;top-right-27;top-right-28
0.500000,1.370000,-2.000000,2.000000,0.473644167,1.359519839,-1.502226353,-1.007030725,top-right-26;top-right-27;top-right-28
0.500000,1.370000,-2.000000,6.000000,0.487071037,1.314139605,-0.710056782,-3.720263720,top-right-25;top-right-26;top-right-27;top-right-28
0.500000,1.370000,-2.000000,10.000000,0.448516369,1.290043116,-3.108536243,-5.128961086,top-right-25;top-right-26;top-right-27
0.500000,1.370000,0.000000,2.000000,0.494347185,1.357630372,-0.377490789,-1.067786574,top-right-25;top-right-26;top-right-27
0.500000,1.370000,0.000000,6.000000,0.481637537,1.321679235,-1.140069842,-3.224850893,top-right-25;top-right-26;top-right-27
0.500000,1.370000,0.000000,10.000000,0.468927860,1.285728216,-1.902649641,-5.381914616,top-right-25;top-right-26;top-right-27
0.500000,1.370000,2.000000,2.000000,0.515459239,1.349774122,0.808909774,-1.533425927,top-right-25;top-right-26;top-right-27
0.500000,1.370000,2.000000,6.000000,0.501888752,1.315269351,0.045435298,-3.605375290,top-right-25;top-right-26;top-right-27
0.500000,1.370000,2.000000,10.000000,0.489200354,1.280679226,-0.704079270,-5.680392742,top-right-25;top-right-26;top-right-27
0.500000,1.370000,4.000000,2.000000,0.536643386,1.341286421,2.021215916,-2.046803713,top-right-25;top-right-26;top-right-27
0.500000,1.370000,4.000000,6.000000,0.521835029,1.306833029,1.215415955,-4.109436989,top-right-25;top-right-26;top-right-27
0.500000,1.370000,4.000000,10.000000,0.508922160,1.272303224,0.461778104,-6.183544159,top-right-25;top-right-26;top-right-27
0.550000,1.160000,-4.000000,2.000000,0.483333349,1.193001151,-4.000000000,1.980074286,none
0.550000,1.160000,-4.000000,6.000000,0.483333349,1.259667873,-4.000000000,5.980074406,none
0.550000,1.160000,-4.000000,10.000000,0.483333349,1.326334596,-4.000000000,9.980073929,none
0.550000,1.160000,-2.000000,2.000000,0.516666651,1.193001151,-2.000000000,1.980074286,none
0.550000,1.160000,-2.000000,6.000000,0.516666651,1.259667873,-2.000000000,5.980074406,none
0.550000,1.160000,-2.000000,10.000000,0.516666651,1.326334596,-2.000000000,9.980073929,none
0.550000,1.160000,0.000000,2.000000,0.550000012,1.193001151,0.000000000,1.980074286,none
0.550000,1.160000,0.000000,6.000000,0.550000012,1.259667873,0.000000000,5.980074406,none
0.550000,1.160000,0.000000,10.000000,0.550000012,1.326334596,0.000000000,9.980073929,none
0.550000,1.160000,2.000000,2.000000,0.583333373,1.193001151,2.000000000,1.980074286,none
0.550000,1.160000,2.000000,6.000000,0.583333373,1.259667873,2.000000000,5.980074406,none
0.550000,1.160000,2.000000,10.000000,0.583333373,1.326334596,2.000000000,9.980073929,none
0.550000,1.160000,4.000000,2.000000,0.616666675,1.193001151,4.000000000,1.980074286,none
0.550000,1.160000,4.000000,6.000000,0.616666675,1.259667873,4.000000000,5.980074406,none
0.550000,1.160000,4.000000,10.000000,0.616666675,1.326334596,4.000000000,9.980073929,none
0.550000,1.230000,-4.000000,2.000000,0.483333349,1.263001204,-4.000000000,1.980074286,none
0.550000,1.230000,-4.000000,6.000000,0.483333349,1.329667926,-4.000000000,5.980074406,none
0.550000,1.230000,-4.000000,10.000000,0.483732164,1.363081217,-3.764103651,-5.263305664,top-right-26;top-right-27;top-right-28
0.550000,1.230000,-2.000000,2.000000,0.516666651,1.263001204,-2.000000000,1.980074286,none
0.550000,1.230000,-2.000000,6.000000,0.516666651,1.329667926,-2.000000000,5.980074406,none
0.550000,1.230000,-2.000000,10.000000,0.512021899,1.356361866,-3.679796219,-4.801959038,top-right-24;top-right-25;top-right-26
0.550000,1.230000,0.000000,2.000000,0.550000012,1.263001204,0.000000000,1.980074286,none
0.550000,1.230000,0.000000,6.000000,0.550000012,1.329667926,0.000000000,5.980074406,none
0.550000,1.230000,0.000000,10.000000,0.537166953,1.345327377,-3.640674591,-4.578006744,top-right-22;top-right-23;top-right-24
0.550000,1.230000,2.000000,2.000000,0.583333373,1.263001204,2.000000000,1.980074286,none
0.550000,1.230000,2.000000,6.000000,0.583333373,1.329667926,2.000000000,5.980074406,none
0.550000,1.230000,2.000000,10.000000,0.557569504,1.331256866,-3.737287521,-4.546021938,top-right-20;top-right-21;top-right-22
0.550000,1.230000,4.000000,2.000000,0.616666675,1.263001204,4.000000000,1.980074286,none
0.550000,1.230000,4.000000,6.000000,0.615255475,1.327582479,-2.285902977,-3.321223021,top-right-17;top-right-18;top-right-19
0.550000,1.230000,4.000000,10.000000,0.575745881,1.313282490,-3.432805538,-5.120087147,top-right-19;top-right-20;top-right-21
0.550000,1.280000,-4.000000,2.000000,0.483333349,1.313001156,-4.000000000,1.980074286,none
0.550000,1.280000,-4.000000,6.000000,0.483827204,1.372713804,-3.077951908,-3.348841429,ceiling;top-right-26;top-right-27;top-right-28
0.550000,1.280000,-4.000000,10.000000,0.496711344,1.324866891,-2.178498507,-6.185012817,top-right-24;top-right-25;top-right-26;top-right-27
0.550000,1.280000,-2.000000,2.000000,0.516666651,1.313001156,-2.000000000,1.980074286,none
0.550000,1.280000,-2.000000,6.000000,0.515413165,1.365380049,-2.684834003,-2.725077152,top-right-24;top-right-25;top-right-26
0.550000,1.280000,-2.000000,10.000000,0.498952091,1.331495404,-4.206645012,-4.416357040,top-right-23;top-right-24;top-right-25
0.550000,1.280000,0.000000,2.000000,0.550000012,1.313001156,0.000000000,1.980074286,none
0.550000,1.280000,0.000000,6.000000,0.543246925,1.352972746,-2.181497574,-2.743148327,top-right-22;top-right-23;top-right-24
0.550000,1.280000,0.000000,10.000000,0.518927336,1.322391748,-3.640674591,-4.578006744,top-right-22;top-right-23;top-right-24
0.550000,1.280000,2.000000,2.000000,0.583333373,1.313001156,2.000000000,1.980074286,none
0.550000,1.280000,2.000000,6.000000,0.565179527,1.337587476,-1.886667609,-3.043374300,top-right-20;top-right-21;top-right-22
0.550000,1.280000,2.000000,10.000000,0.536189198,1.311178684,-3.183320761,-4.893628120,top-right-21;top-right-22;top-right-23
0.550000,1.280000,4.000000,2.000000,0.616666675,1.313001156,4.000000000,1.980074286,none
0.550000,1.280000,4.000000,6.000000,0.582844913,1.319452524,-1.495661497,-3.796694279,top-right-19;top-right-20;top-right-21
0.550000,1.280000,4.000000,10.000000,0.550425947,1.298339605,-2.857080221,-5.342976093,top-right-20;top-right-21;top-right-22
0.550000,1.320000,-4.000000,2.000000,0.483333349,1.353001356,-4.000000000,1.980074286,none
0.550000,1.320000,-4.000000,6.000000,0.484057128,1.351529002,-3.885388613,-2.344634056,top-right-24;top-right-25;top-right-26
0.550000,1.320000,-4.000000,10.000000,0.466974169,1.320386171,-5.356349468,-3.916768312,top-right-23;top-right-24;top-right-25
0.550000,1.320000,-2.000000,2.000000,0.516666651,1.353001356,-2.000000000,1.980074286,none
0.550000,1.320000,-2.000000,6.000000,0.507660747,1.344298601,-2.989646196,-2.444238663,top-right-23;top-right-24;top-right-25
0.550000,1.320000,-2.000000,10.000000,0.500174046,1.299562812,-3.334155321,-5.304031372,top-right-22;top-right-23;top-right-24;top-right-25
0.550000,1.320000,0.000000,2.000000,0.550000012,1.353001356,0.000000000,1.980074286,none
0.550000,1.320000,0.000000,6.000000,0.528626740,1.334583402,-2.182885170,-2.742765903,top-right-22;top-right-23;top-right-24
0.550000,1.320000,0.000000,10.000000,0.504335642,1.304042935,-3.640661955,-4.578017712,top-right-22;top-right-23;top-right-24
0.550000,1.320000,2.000000,2.000000,0.579441726,1.346069217,-0.089815520,-1.655011773,top-right-20;top-right-21;top-right-22
0.550000,1.320000,2.000000,6.000000,0.546306491,1.322971463,-1.519383430,-3.214273453,top-right-21;top-right-22;top-right-23
0.550000,1.320000,2.000000,10.000000,0.516958654,1.295947790,-3.182441235,-4.893926620,top-right-21;top-right-22;top-right-23
0.550000,1.320000,4.000000,2.000000,0.596527696,1.326379538,0.419171631,-2.708806515,top-right-19;top-right-20;top-right-21
0.550000,1.320000,4.000000,6.000000,0.560013831,1.308320284,-1.066880822,-3.970790863,top-right-20;top-right-21;top-right-22
0.550000,1.320000,4.000000,10.000000,0.535424888,1.282722116,-2.216418505,-5.599751472,top-right-21;top-right-22;top-right-23
0.550000,1.350000,-4.000000,2.000000,0.484981954,1.370724440,-3.611005306,-0.472508371,top-right-25;top-right-26;top-right-27
0.550000,1.350000,-4.000000,6.000000,0.484006882,1.330861330,-3.933428526,-2.378934860,top-right-23;top-right-24;top-right-25
0.550000,1.350000,-4.000000,10.000000,0.455796957,1.311583877,-5.782514095,-3.361418962,top-right-22;top-right-23;top-right-24
0.550000,1.350000,-2.000000,2.000000,0.516961873,1.362952352,-1.929297209,-0.437640488,top-right-23;top-right-24;top-right-25
0.550000,1.350000,-2.000000,6.000000,0.498345703,1.331836939,-3.250646114,-2.135341406,top-right-22;top-right-23;top-right-24
0.550000,1.350000,-2.000000,10.000000,0.474797338,1.300865054,-4.702905178,-3.972121477,top-right-22;top-right-23;top-right-24
0.550000,1.350000,0.000000,2.000000,0.542030931,1.351443529,-0.722319961,-0.908289254,top-right-22;top-right-23;top-right-24
0.550000,1.350000,0.000000,6.000000,0.517711341,1.320862532,-2.181497574,-2.743148327,top-right-22;top-right-23;top-right-24
0.550000,1.350000,0.000000,10.000000,0.493391693,1.290281653,-3.640674591,-4.578006744,top-right-22;top-right-23;top-right-24
0.550000,1.350000,2.000000,2.000000,0.559644639,1.337483048,0.091710448,-1.669438004,top-right-21;top-right-22;top-right-23
0.550000,1.350000,2.000000,6.000000,0.536399722,1.310123563,-1.135890603,-3.344958067,top-right-22;top-right-23;top-right-24
0.550000,1.350000,2.000000,10.000000,0.511596739,1.279824376,-2.595844507,-5.179078102,top-right-22;top-right-23;top-right-24
0.550000,1.350000,4.000000,2.000000,0.576601207,1.321506262,0.995546520,-2.605765581,top-right-21;top-right-22;top-right-23
0.550000,1.350000,4.000000,6.000000,0.542894244,1.296209931,-0.881522834,-4.162724018,top-right-21;top-right-22;top-right-23;top-right-24
0.550000,1.350000,4.000000,10.000000,0.523460209,1.268559694,-1.950892091,-5.834598064,top-right-21;top-right-22;top-right-23;top-right-24
0.550000,1.370000,-4.000000,2.000000,0.550494373,1.318433404,0.178955436,-2.603298664,top-right-21;top-right-22;top-right-23;top-right-24;top-right-25
0.550000,1.370000,-4.000000,6.000000,0.541040301,1.305758715,-0.388289213,-3.363774538,top-right-21;top-right-22;top-right-23;top-right-24;top-right-25
0.550000,1.370000,-4.000000,10.000000,0.546781957,1.269210935,-0.043790128,-5.556645393,top-right-21;top-right-22;top-right-23;top-right-24;top-right-25
0.550000,1.370000,-2.000000,2.000000,0.547075570,1.336342454,-0.026174907,-1.528750539,top-right-21;top-right-22;top-right-23;top-right-24;top-right-25
0.550000,1.370000,-2.000000,6.000000,0.548720479,1.306130648,0.072520860,-3.341465712,top-right-21;top-right-22;top-right-23;top-right-24;top-right-25
0.550000,1.370000,-2.000000,10.000000,0.554792762,1.269786835,0.436856180,-5.522089958,top-right-21;top-right-22;top-right-23;top-right-24;top-right-25
0.550000,1.370000,0.000000,2.000000,0.547700644,1.343277335,0.011329498,-1.112659454,top-right-21;top-right-22;top-right-23;top-right-24;top-right-25
0.550000,1.370000,0.000000,6.000000,0.548082054,1.305815458,0.034215577,-3.360371828,top-right-21;top-right-22;top-right-23;top-right-24;top-right-25
0.550000,1.370000,0.000000,10.000000,0.548463523,1.268353581,0.057102434,-5.608084202,top-right-21;top-right-22;top-right-23;top-right-24;top-right-25
0.550000,1.370000,2.000000,2.000000,0.528824866,1.343347788,-1.121217847,-1.108432174,top-right-21;top-right-22;top-right-23;top-right-24;top-right-25
0.550000,1.370000,2.000000,6.000000,0.528935552,1.305977106,-1.114576340,-3.350668430,top-right-21;top-right-22;top-right-23;top-right-24;top-right-25
0.550000,1.370000,2.000000,10.000000,0.529431462,1.268476725,-1.084823370,-5.600695133,top-right-21;top-right-22;top-right-23;top-right-24;top-right-25
0.550000,1.370000,4.000000,2.000000,0.520641625,1.337344408,-1.612212420,-1.468639016,top-right-21;top-right-22;top-right-23;top-right-24;top-right-25
0.550000,1.370000,4.000000,6.000000,0.510068774,1.306044579,-2.246582747,-3.346622467,top-right-21;top-right-22;top-right-23;top-right-24;top-right-25
0.550000,1.370000,4.000000,10.000000,0.510033906,1.268723011,-2.248674870,-5.585917473,top-right-21;top-right-22;top-right-23;top-right-24;top-right-25
0.600000,1.160000,-4.000000,2.000000,0.533333361,1.193001151,-4.000000000,1.980074286,none
0.600000,1.160000,-4.000000,6.000000,0.533333361,1.259667873,-4.000000000,5.980074406,none
0.600000,1.160000,-4.000000,10.000000,0.533333361,1.326334596,-4.000000000,9.980073929,none
0.600000,1.160000,-2.000000,2.000000,0.566666663,1.193001151,-2.000000000,1.980074286,none
0.600000,1.160000,-2.000000,6.000000,0.566666663,1.259667873,-2.000000000,5.980074406,none
0.600000,1.160000,-2.000000,10.000000,0.566666663,1.326334596,-2.000000000,9.980073929,none
0.600000,1.160000,0.000000,2.000000,0.600000024,1.193001151,0.000000000,1.980074286,none
0.600000,1.160000,0.000000,6.000000,0.600000024,1.259667873,0.000000000,5.980074406,none
0.600000,1.160000,0.000000,10.000000,0.600000024,1.326334596,0.000000000,9.980073929,none
0.600000,1.160000,2.000000,2.000000,0.633333325,1.193001151,2.000000000,1.980074286,none
0.600000,1.160000,2.000000,6.000000,0.633333325,1.259667873,2.000000000,5.980074406,none
0.600000,1.160000,2.000000,10.000000,0.626131177,1.314454079,-5.499163151,-2.619694233,top-right-16;top-right-17;top-right-18
0.600000,1.160000,4.000000,2.000000,0.666666627,1.193001151,4.000000000,1.980074286,none
0.600000,1.160000,4.000000,6.000000,0.666666627,1.259667873,4.000000000,5.980074406,none
0.600000,1.160000,4.000000,10.000000,0.637231529,1.287330389,-5.765648365,-3.025210857,top-right-14;top-right-15;top-right-16
0.600000,1.230000,-4.000000,2.000000,0.533333361,1.263001204,-4.000000000,1.980074286,none
0.600000,1.230000,-4.000000,6.000000,0.533333361,1.329667926,-4.000000000,5.980074406,none
0.600000,1.230000,-4.000000,10.000000,0.527044654,1.350990415,-5.794274330,-3.358132839,top-right-22;top-right-23;top-right-24
0.600000,1.230000,-2.000000,2.000000,0.566666663,1.263001204,-2.000000000,1.980074286,none
0.600000,1.230000,-2.000000,6.000000,0.566666663,1.329667926,-2.000000000,5.980074406,none
0.600000,1.230000,-2.000000,10.000000,0.550469756,1.337743521,-5.535382271,-2.937112093,top-right-20;top-right-21;top-right-22
0.600000,1.230000,0.000000,2.000000,0.600000024,1.263001204,0.000000000,1.980074286,none
0.600000,1.230000,0.000000,6.000000,0.600000024,1.329667926,0.000000000,5.980074406,none
0.600000,1.230000,0.000000,10.000000,0.568491697,1.322594047,-5.403878212,-2.723890781,top-right-18;top-right-19;top-right-20
0.600000,1.230000,2.000000,2.000000,0.633333325,1.263001204,2.000000000,1.980074286,none
0.600000,1.230000,2.000000,6.000000,0.623581290,1.314575911,-3.109258175,-2.000094652,top-right-16;top-right-17;top-right-18
0.600000,1.230000,2.000000,10.000000,0.582978308,1.303644180,-5.130982399,-3.175517559,top-right-17;top-right-18;top-right-19
0.600000,1.230000,4.000000,2.000000,0.666666627,1.263001204,4.000000000,1.980074286,none
0.600000,1.230000,4.000000,6.000000,0.633083880,1.291242838,-3.331725359,-2.421525717,top-right-14;top-right-15;top-right-16
0.600000,1.230000,4.000000,10.000000,0.595884860,1.276785970,-4.654905319,-4.675734520,top-right-15;top-right-16;top-right-17;top-right-18
0.600000,1.280000,-4.000000,2.000000,0.533333361,1.313001156,-4.000000000,1.980074286,none
0.600000,1.280000,-4.000000,6.000000,0.532156706,1.359198332,-4.335623741,-1.523129702,top-right-22;top-right-23;top-right-24
0.600000,1.280000,-4.000000,10.000000,0.533941627,1.306830168,-3.890542984,-5.034150124,top-right-20;top-right-21;top-right-22;top-right-23
0.600000,1.280000,-2.000000,2.000000,0.566666663,1.313001156,-2.000000000,1.980074286,none
0.600000,1.280000,-2.000000,6.000000,0.558291316,1.343862176,-3.690440655,-1.432193637,top-right-20;top-right-21;top-right-22
0.600000,1.280000,-2.000000,10.000000,0.527602911,1.321850896,-5.855097771,-2.361819506,top-right-19;top-right-20;top-right-21
0.600000,1.280000,0.000000,2.000000,0.600000024,1.313001156,0.000000000,1.980074286,none
0.600000,1.280000,0.000000,6.000000,0.577516317,1.327142954,-3.238000870,-1.632164359,top-right-18;top-right-19;top-right-20
0.600000,1.280000,0.000000,10.000000,0.541418672,1.308947325,-5.403861046,-2.723899364,top-right-18;top-right-19;top-right-20
0.600000,1.280000,2.000000,2.000000,0.633333325,1.313001156,2.000000000,1.980074286,none
0.600000,1.280000,2.000000,6.000000,0.591456175,1.308209658,-2.848745823,-2.308692217,top-right-17;top-right-18;top-right-19
0.600000,1.280000,2.000000,10.000000,0.551569521,1.295577884,-5.127337456,-3.177707195,top-right-17;top-right-18;top-right-19
0.600000,1.280000,4.000000,2.000000,0.642509758,1.291471839,-0.982048512,-2.436851978,top-right-14;top-right-15;top-right-16
0.600000,1.280000,4.000000,6.000000,0.600458741,1.289911985,-2.666441441,-3.059707642,top-right-16;top-right-17;top-right-18
0.600000,1.280000,4.000000,10.000000,0.563669562,1.276101470,-4.567428112,-4.188479424,top-right-17;top-right-18;top-right-19
0.600000,1.320000,-4.000000,2.000000,0.533333361,1.353001356,-4.000000000,1.980074286,none
0.600000,1.320000,-4.000000,6.000000,0.522566140,1.342756510,-4.884549141,-0.510161996,top-right-20;top-right-21;top-right-22
0.600000,1.320000,-4.000000,10.000000,0.494541824,1.322971940,-6.697186947,-1.454037905,top-right-19;top-right-20;top-right-21
0.600000,1.320000,-2.000000,2.000000,0.566666663,1.353001356,-2.000000000,1.980074286,none
0.600000,1.320000,-2.000000,6.000000,0.542659163,1.329250813,-3.849359512,-1.049765706,top-right-19;top-right-20;top-right-21
0.600000,1.320000,-2.000000,10.000000,0.518178105,1.289668083,-5.311267853,-3.520992279,top-right-18;top-right-19;top-right-20;top-right-21
0.600000,1.320000,0.000000,2.000000,0.591955304,1.334421158,-1.072140932,-0.540429294,top-right-18;top-right-19;top-right-20
0.600000,1.320000,0.000000,6.000000,0.555857480,1.316225767,-3.238006592,-1.632153511,top-right-18;top-right-19;top-right-20
0.600000,1.320000,0.000000,10.000000,0.519760013,1.298029661,-5.403856754,-2.723914385,top-right-18;top-right-19;top-right-20
0.600000,1.320000,2.000000,2.000000,0.604790330,1.314811468,-0.606095910,-1.499500751,top-right-17;top-right-18;top-right-19
0.600000,1.320000,2.000000,6.000000,0.569010556,1.298768759,-2.554651260,-2.588237286,top-right-18;top-right-19;top-right-20
0.600000,1.320000,2.000000,10.000000,0.532372475,1.281071782,-4.714513302,-3.683153868,top-right-18;top-right-19;top-right-20
0.600000,1.320000,4.000000,2.000000,0.614318132,1.293978810,-0.157416701,-2.691980839,top-right-17;top-right-18;top-right-19
0.600000,1.320000,4.000000,6.000000,0.578930259,1.281598091,-2.058252096,-3.551932812,top-right-17;top-right-18;top-right-19;top-right-20
0.600000,1.320000,4.000000,10.000000,0.544531167,1.264411449,-4.040176868,-4.634446144,top-right-18;top-right-19;top-right-20
0.600000,1.350000,-4.000000,2.000000,0.543364942,1.320706964,-3.043253660,-1.197634339,top-right-18;top-right-19;top-right-20;top-right-21
0.600000,1.350000,-4.000000,6.000000,0.565739214,1.283749700,-1.700796723,-3.415070057,top-right-18;top-right-19;top-right-20;top-right-21
0.600000,1.350000,-4.000000,10.000000,0.566871464,1.246435404,-1.632862687,-5.653928280,top-right-18;top-right-19;top-right-20;top-right-21
0.600000,1.350000,-2.000000,2.000000,0.576436460,1.321576476,-1.058961630,-1.145461321,top-right-18;top-right-19;top-right-20;top-right-21
0.600000,1.350000,-2.000000,6.000000,0.580778539,1.284316182,-0.798437119,-3.381082535,top-right-18;top-right-19;top-right-20;top-right-21
0.600000,1.350000,-2.000000,10.000000,0.575122237,1.246887803,-1.137818217,-5.626786709,top-right-18;top-right-19;top-right-20;top-right-21
0.600000,1.350000,0.000000,2.000000,0.588865936,1.322099090,-0.313193679,-1.114105105,top-right-18;top-right-19;top-right-20;top-right-21
0.600000,1.350000,0.000000,6.000000,0.578321099,1.284588575,-0.945883155,-3.364737749,top-right-18;top-right-19;top-right-20;top-right-21
0.600000,1.350000,0.000000,10.000000,0.567776322,1.247078061,-1.578571558,-5.615371704,top-right-18;top-right-19;top-right-20;top-right-21
0.600000,1.350000,2.000000,2.000000,0.575557590,1.321503401,-1.111697197,-1.149847269,top-right-18;top-right-19;top-right-20;top-right-21
0.600000,1.350000,2.000000,6.000000,0.568097770,1.284730434,-1.559282303,-3.356224060,top-right-18;top-right-19;top-right-20;top-right-21
0.600000,1.350000,2.000000,10.000000,0.554832458,1.247174144,-2.355201483,-5.609601021,top-right-18;top-right-19;top-right-20;top-right-21
0.600000,1.350000,4.000000,2.000000,0.556580663,1.322290182,-2.250312090,-1.102637172,top-right-18;top-right-19;top-right-20;top-right-21
0.600000,1.350000,4.000000,6.000000,0.556997716,1.283642530,-2.225286484,-3.421505451,top-right-18;top-right-19;top-right-20;top-right-21
0.600000,1.350000,4.000000,10.000000,0.548676372,1.247384429,-2.724569082,-5.596985817,top-right-18;top-right-19;top-right-20;top-right-21
0.600000,1.370000,-4.000000,2.000000,0.647284150,1.370866060,2.196500540,-0.320431858,ceiling;top-right-19;top-right-20;top-right-21;top-right-22
0.600000,1.370000,-4.000000,6.000000,0.652394474,1.356905460,2.503122330,-1.158067107,ceiling;top-right-19;top-right-20;top-right-21;top-right-22
0.600000,1.370000,-4.000000,10.000000,0.664548993,1.351282239,3.232391357,-1.495462775,ceiling;top-right-19;top-right-20;top-right-21;top-right-22
0.600000,1.370000,-2.000000,2.000000,0.632254720,1.368235350,1.294734597,-0.478271097,ceiling;top-right-19;top-right-20;top-right-21;top-right-22
0.600000,1.370000,-2.000000,6.000000,0.643875718,1.360846639,1.991997719,-0.921596169,ceiling;top-right-19;top-right-20;top-right-21;top-right-22
0.600000,1.370000,-2.000000,10.000000,0.656030238,1.355223417,2.721267462,-1.258991599,ceiling;top-right-19;top-right-20;top-right-21;top-right-22
0.600000,1.370000,0.000000,2.000000,0.617630363,1.372989058,0.417275041,-0.193052009,ceiling;top-right-19;top-right-20;top-right-21;top-right-22
0.600000,1.370000,0.000000,6.000000,0.631679475,1.366489172,1.260223031,-0.583041549,ceiling;top-right-19;top-right-20;top-right-21;top-right-22
0.600000,1.370000,0.000000,10.000000,0.645728648,1.359989405,2.103171587,-0.973030865,ceiling;top-right-19;top-right-20;top-right-21;top-right-22
0.600000,1.370000,2.000000,2.000000,0.633899212,1.365462303,1.393406034,-0.644657850,ceiling;top-right-19;top-right-20;top-right-21;top-right-22
0.600000,1.370000,2.000000,6.000000,0.638759792,1.363213539,1.685042024,-0.779583931,ceiling;top-right-19;top-right-20;top-right-21;top-right-22
0.600000,1.370000,2.000000,10.000000,0.643620372,1.360964775,1.976678610,-0.914509177,ceiling;top-right-19;top-right-20;top-right-21;top-right-22
0.600000,1.370000,4.000000,2.000000,0.662781119,1.357725859,3.126322508,-1.108841658,ceiling;top-right-19;top-right-20;top-right-21;top-right-22
0.600000,1.370000,4.000000,6.000000,0.659577131,1.353582382,2.934082747,-1.357450724,ceiling;top-right-19;top-right-20;top-right-21;top-right-22
0.600000,1.370000,4.000000,10.000000,0.664437771,1.351333618,3.225719452,-1.492376328,ceiling;top-right-19;top-right-20;top-right-21;top-right-22
0.650000,1.160000,-4.000000,2.000000,0.583333373,1.193001151,-4.000000000,1.980074286,none
0.650000,1.160000,-4.000000,6.000000,0.583333373,1.259667873,-4.000000000,5.980074406,none
0.650000,1.160000,-4.000000,10.000000,0.583333373,1.326334596,-4.000000000,9.980073929,none
0.650000,1.160000,-2.000000,2.000000,0.616666675,1.193001151,-2.000000000,1.980074286,none
0.650000,1.160000,-2.000000,6.000000,0.616666675,1.259667873,-2.000000000,5.980074406,none
0.650000,1.160000,-2.000000,10.000000,0.616666675,1.326334596,-2.000000000,9.980073929,none
0.650000,1.160000,0.000000,2.000000,0.649999976,1.193001151,0.000000000,1.980074286,none
0.650000,1.160000,0.000000,6.000000,0.649999976,1.259667873,0.000000000,5.980074406,none
0.650000,1.160000,0.000000,10.000000,0.633786976,1.300179720,-6.260388374,-0.271202624,top-right-14;top-right-15;top-right-16
0.650000,1.160000,2.000000,2.000000,0.683333337,1.193001151,2.000000000,1.980074286,none
0.650000,1.160000,2.000000,6.000000,0.683333337,1.259667873,2.000000000,5.980074406,none
0.650000,1.160000,2.000000,10.000000,0.641246498,1.275516868,-6.311693668,-0.108042791,top-right-12;top-right-13;top-right-14
0.650000,1.160000,4.000000,2.000000,0.716666639,1.193001151,4.000000000,1.980074286,none
0.650000,1.160000,4.000000,6.000000,0.683947682,1.230967164,-4.217751503,-1.292343378,top-right-10;top-right-11;top-right-8;top-right-9
0.650000,1.160000,4.000000,10.000000,0.641753852,1.256688237,-6.578072548,0.117788337,top-right-10;top-right-11;top-right-12
0.650000,1.230000,-4.000000,2.000000,0.583333373,1.263001204,-4.000000000,1.980074286,none
0.650000,1.230000,-4.000000,6.000000,0.583333373,1.329667926,-4.000000000,5.980074406,none
0.650000,1.230000,-4.000000,10.000000,0.567466617,1.320431590,-6.460737705,-2.048388243,top-right-17;top-right-18;top-right-19;top-right-20
0.650000,1.230000,-2.000000,2.000000,0.616666675,1.263001204,-2.000000000,1.980074286,none
0.650000,1.230000,-2.000000,6.000000,0.615574241,1.327205896,-4.039983749,-0.244178250,top-right-17;top-right-18;top-right-19
0.650000,1.230000,-2.000000,10.000000,0.582006633,1.303970575,-6.270685673,-1.502792120,top-right-15;top-right-16;top-right-17;top-right-18
0.650000,1.230000,0.000000,2.000000,0.649999976,1.263001204,0.000000000,1.980074286,none
0.650000,1.230000,0.000000,6.000000,0.631739736,1.300113320,-3.748761654,-0.164606780,top-right-14;top-right-15;top-right-16
0.650000,1.230000,0.000000,10.000000,0.589876771,1.298277617,-6.260388374,-0.271202624,top-right-14;top-right-15;top-right-16
0.650000,1.230000,2.000000,2.000000,0.683333337,1.263001204,2.000000000,1.980074286,none
0.650000,1.230000,2.000000,6.000000,0.637673497,1.278455615,-3.786060810,-0.534313977,top-right-12;top-right-13;top-right-14
0.650000,1.230000,2.000000,10.000000,0.594892740,1.280711174,-6.206055641,-0.771081090,top-right-13;top-right-14;top-right-15
0.650000,1.230000,4.000000,2.000000,0.680139482,1.239918828,-1.869746566,-1.724211097,top-right-10;top-right-11;top-right-12
0.650000,1.230000,4.000000,6.000000,0.637575924,1.258754492,-4.035642147,-1.234851599,top-right-11;top-right-12;top-right-13
0.650000,1.230000,4.000000,10.000000,0.595813394,1.265117764,-6.339364529,-1.261192799,top-right-12;top-right-13;top-right-14
0.650000,1.280000,-4.000000,2.000000,0.583333373,1.313001156,-4.000000000,1.980074286,none
0.650000,1.280000,-4.000000,6.000000,0.570589423,1.337411165,-5.394380093,1.244612336,top-right-17;top-right-18;top-right-19
0.650000,1.280000,-4.000000,10.000000,0.536348939,1.336709738,-7.482442379,1.801954865,top-right-15;top-right-16;top-right-17
0.650000,1.280000,-2.000000,2.000000,0.616666675,1.313001156,-2.000000000,1.980074286,none
0.650000,1.280000,-2.000000,6.000000,0.590098262,1.318571925,-4.254429340,0.736705959,top-right-15;top-right-16;top-right-17
0.650000,1.280000,-2.000000,10.000000,0.559440732,1.283094883,-6.040696144,-1.623888731,top-right-14;top-right-15;top-right-16;top-right-17
0.650000,1.280000,0.000000,2.000000,0.642187715,1.300572157,-1.241260052,-0.054503269,top-right-14;top-right-15;top-right-16
0.650000,1.280000,0.000000,6.000000,0.600396037,1.298737049,-3.748762131,-0.164616019,top-right-14;top-right-15;top-right-16
0.650000,1.280000,0.000000,10.000000,0.558604360,1.296901941,-6.256264687,-0.274726152,top-right-14;top-right-15;top-right-16
0.650000,1.280000,2.000000,2.000000,0.646989763,1.278212905,-1.173472643,-1.058189631,top-right-13;top-right-14;top-right-15
0.650000,1.280000,2.000000,6.000000,0.607960224,1.269076824,-3.362958908,-1.909698248,top-right-13;top-right-14;top-right-15;top-right-16
0.650000,1.280000,2.000000,10.000000,0.563240647,1.276534557,-6.042575836,-1.407562494,top-right-14;top-right-15;top-right-16
0.650000,1.280000,4.000000,2.000000,0.647502065,1.256400585,-1.232239366,-2.295268059,top-right-13;top-right-14;top-right-15
0.650000,1.280000,4.000000,6.000000,0.605733931,1.262632132,-3.608780384,-2.052261114,top-right-13;top-right-14;top-right-15
0.650000,1.280000,4.000000,10.000000,0.576696754,1.234814644,-5.221142292,-3.980226040,top-right-13;top-right-14;top-right-15;top-right-16
0.650000,1.320000,-4.000000,2.000000,0.639482439,1.308767915,-0.030040551,-0.036507893,top-right-14;top-right-15;top-right-16;top-right-17;top-right-18
0.650000,1.320000,-4.000000,6.000000,0.639185488,1.308406949,-0.047860146,-0.058164023,top-right-14;top-right-15;top-right-16;top-right-17;top-right-18
0.650000,1.320000,-4.000000,10.000000,0.638887644,1.308045030,-0.065727994,-0.079877660,top-right-14;top-right-15;top-right-16;top-right-17;top-right-18
0.650000,1.320000,-2.000000,2.000000,0.639660239,1.308984041,-0.019372176,-0.023542404,top-right-14;top-right-15;top-right-16;top-right-17;top-right-18
0.650000,1.320000,-2.000000,6.000000,0.639360964,1.308620214,-0.037329771,-0.045365810,top-right-14;top-right-15;top-right-16;top-right-17;top-right-18
0.650000,1.320000,-2.000000,10.000000,0.639059663,1.308254004,-0.055408858,-0.067338660,top-right-14;top-right-15;top-right-16;top-right-17;top-right-18
0.650000,1.320000,0.000000,2.000000,0.639831543,1.309192061,-0.009094978,-0.011052990,top-right-14;top-right-15;top-right-16;top-right-17;top-right-18
0.650000,1.320000,0.000000,6.000000,0.639530063,1.308825731,-0.027183438,-0.033036090,top-right-14;top-right-15;top-right-16;top-right-17;top-right-18
0.650000,1.320000,0.000000,10.000000,0.639222622,1.308452129,-0.045629214,-0.055452347,top-right-14;top-right-15;top-right-16;top-right-17;top-right-18
0.650000,1.320000,2.000000,2.000000,0.625698924,1.292016625,-0.857055068,-1.041582346,top-right-14;top-right-15;top-right-16;top-right-17;top-right-18
0.650000,1.320000,2.000000,6.000000,0.638158023,1.307158351,-0.109504461,-0.133079603,top-right-14;top-right-15;top-right-16;top-right-17;top-right-18
0.650000,1.320000,2.000000,10.000000,0.639392197,1.308658242,-0.035456277,-0.043089200,top-right-14;top-right-15;top-right-16;top-right-17;top-right-18
0.650000,1.320000,4.000000,2.000000,0.621070981,1.286392331,-1.134729743,-1.379040480,top-right-14;top-right-15;top-right-16;top-right-17;top-right-18
0.650000,1.320000,4.000000,6.000000,0.615160108,1.279208779,-1.489382505,-1.810052872,top-right-14;top-right-15;top-right-16;top-right-17;top-right-18
0.650000,1.320000,4.000000,10.000000,0.633227408,1.301166177,-0.405342668,-0.492608547,top-right-14;top-right-15;top-right-16;top-right-17;top-right-18
0.650000,1.350000,-4.000000,2.000000,0.624639869,1.372573853,0.947959781,0.830169022,ceiling;top-right-16;top-right-17;top-right-18;top-right-19;top-right-20
0.650000,1.350000,-4.000000,6.000000,0.635797203,1.370994329,0.840327084,-1.083881617,ceiling;top-right-16;top-right-17;top-right-18;top-right-19;top-right-20
0.650000,1.350000,-4.000000,10.000000,0.657856584,1.368587971,1.617661476,-1.346731782,ceiling;top-right-16;top-right-17;top-right-18;top-right-19
0.650000,1.350000,-2.000000,2.000000,0.618739486,1.372654796,-1.316089034,-1.108841658,ceiling;top-right-16;top-right-17;top-right-18
0.650000,1.350000,-2.000000,6.000000,0.650733471,1.369108915,2.060780048,1.078865647,ceiling;top-right-16;top-right-17;top-right-18;top-right-19
0.650000,1.350000,-2.000000,10.000000,0.677859664,1.370470643,3.536191463,1.231860399,ceiling;top-right-16;top-right-17;top-right-18;top-right-19
0.650000,1.350000,0.000000,2.000000,0.649999976,1.372654796,0.000000000,-1.108841658,ceiling;top-right-16;top-right-17;top-right-18
0.650000,1.350000,0.000000,6.000000,0.658492327,1.352610707,1.894478202,0.590866923,ceiling;top-right-16;top-right-17;top-right-18
0.650000,1.350000,0.000000,10.000000,0.679612517,1.359197617,3.161683798,0.986076355,ceiling;top-right-16;top-right-17;top-right-18
0.650000,1.350000,2.000000,2.000000,0.681260467,1.372654796,1.316089034,-1.108841658,ceiling;top-right-16;top-right-17;top-right-18
0.650000,1.350000,2.000000,6.000000,0.675022602,1.335321665,1.316082597,-3.348841190,ceiling;top-right-16;top-right-17;top-right-18
0.650000,1.350000,2.000000,10.000000,0.689778149,1.337980628,3.481484890,-0.077060565,ceiling;top-right-15;top-right-16;top-right-17;top-right-18
0.650000,1.350000,4.000000,2.000000,0.714018703,1.372654796,3.126322508,-1.108841658,ceiling;top-right-16;top-right-17;top-right-18
0.650000,1.350000,4.000000,6.000000,0.700045228,1.335321665,2.632165194,-3.348841190,ceiling;top-right-16;top-right-17;top-right-18
0.650000,1.350000,4.000000,10.000000,0.702503026,1.305539846,4.262241364,-2.925943851,ceiling;top-right-13;top-right-14;top-right-15;top-right-16;top-right-17;top-right-18
0.650000,1.370000,-4.000000,2.000000,0.622064054,1.372024059,0.358584702,-0.940711200,ceiling;top-right-18;top-right-19;top-right-20
0.650000,1.370000,-4.000000,6.000000,0.652283251,1.373980761,1.031654000,-0.947661757,ceiling;top-right-17;top-right-18;top-right-19
0.650000,1.370000,-4.000000,10.000000,0.666109681,1.368839860,1.485804796,-1.374864340,ceiling;top-right-17;top-right-18;top-right-19
0.650000,1.370000,-2.000000,2.000000,0.630642235,1.366166711,0.703822732,0.662794590,ceiling;top-right-17;top-right-18;top-right-19;top-right-20
0.650000,1.370000,-2.000000,6.000000,0.661798179,1.366319776,2.165760279,0.906631947,ceiling;top-right-17;top-right-18;top-right-19
0.650000,1.370000,-2.000000,10.000000,0.663017631,1.370253325,0.953718305,-1.517964363,ceiling;top-right-16;top-right-17;top-right-18;top-right-19
0.650000,1.370000,0.000000,2.000000,0.650000036,1.361454964,0.000000000,-1.108841658,ceiling
0.650000,1.370000,0.000000,6.000000,0.664828479,1.354586720,1.894484758,0.590858102,ceiling;top-right-16;top-right-17;top-right-18
0.650000,1.370000,0.000000,10.000000,0.685948491,1.361173630,3.161683798,0.986076355,ceiling;top-right-16;top-right-17;top-right-18
0.650000,1.370000,2.000000,2.000000,0.674352527,1.361454964,1.316082597,-1.108841658,ceiling
0.650000,1.370000,2.000000,6.000000,0.674804211,1.335632324,1.866230726,0.746441722,ceiling;top-right-14;top-right-15;top-right-16;top-right-17
0.650000,1.370000,2.000000,10.000000,0.693303943,1.345149875,3.372084856,0.223077968,ceiling;top-right-15;top-right-16;top-right-17
0.650000,1.370000,4.000000,2.000000,0.705194056,1.361454964,3.126322508,-1.108841658,ceiling
0.650000,1.370000,4.000000,6.000000,0.695470691,1.324121594,2.632178068,-3.348841190,ceiling
0.650000,1.370000,4.000000,10.000000,0.708021998,1.314974189,4.353685379,-1.820344687,ceiling;top-right-14;top-right-15;top-right-16
