frame,t,ball,x,y,vx,vy,leftAngle,leftOmega,rightAngle,rightOmega,score,plunged,down
0,0.016666668,1,0.735000014,0.033167906,0.000000000,-0.019925641,-0.643501043,-0.000000000,0.643501222,0.000000000,0,0,0
1,0.033333335,1,0.735000014,0.032503717,0.000000000,-0.039851282,-0.768931806,-7.546126366,0.643501282,-0.000000000,0,0,0
2,0.050000004,1,0.735000014,0.031507432,0.000000000,-0.059776921,-0.701958776,-0.000000000,0.643501282,-0.000000000,0,0,0
3,0.066666670,1,0.735000014,0.030179057,0.000000000,-0.079702564,-0.684543133,0.000000000,0.643501282,0.000000000,0,0,0
4,0.083333336,1,0.735000014,0.028518587,0.000000000,-0.099628203,-0.680005968,-0.000000000,0.643501282,-0.000000000,0,0,0
5,0.100000009,1,0.735000014,0.026526023,0.000000000,-0.119553842,-0.678824008,-0.000000000,0.643501282,0.000000000,0,0,0
6,0.116666675,1,0.735000014,0.024201363,0.000000000,-0.139479488,-0.678516090,-0.000000000,0.643501282,-0.000000000,0,0,0
7,0.133333340,1,0.735000014,0.024732713,0.000000000,0.031881023,-0.678435922,-0.000000000,0.643501282,0.000000000,0,0,0
8,0.150000006,1,0.735000014,0.024931971,0.000000000,0.011955382,-0.678415060,-0.000000000,0.643501282,-0.000000000,0,0,0
9,0.166666672,1,0.735000014,0.024799133,0.000000000,-0.007970259,-0.678409457,-0.000000000,0.643501282,0.000000000,0,0,0
10,0.183333337,1,0.735000014,0.024334202,0.000000000,-0.027895898,-0.678408086,-0.000000000,0.643501282,-0.000000000,0,0,0
11,0.200000018,1,0.735000014,0.024334202,0.000000000,0.000000000,-0.678407848,0.000000000,0.643501282,0.000000000,0,0,0
12,0.216666684,1,0.735000014,0.056702115,0.000000000,1.942074418,-0.678407848,0.000000000,0.643501282,-0.000000000,0,1,0
13,0.233333349,1,0.735000014,0.088737927,0.000000000,1.922148705,-0.678407848,-0.000000000,0.643501282,0.000000000,0,1,0
14,0.250000000,1,0.735000014,0.120441653,0.000000000,1.902222991,-0.678407848,0.000000000,0.643501282,-0.000000000,0,1,0
15,0.266666681,1,0.735000014,0.151813269,0.000000000,1.882297277,-0.678407848,-0.000000000,0.643501282,0.000000000,0,1,0
16,0.283333361,1,0.735000014,0.182852790,0.000000000,1.862371683,-0.678407848,0.000000000,0.643501282,-0.000000000,0,1,0
17,0.300000012,1,0.735000014,0.213560224,0.000000000,1.842445970,-0.678407848,-0.000000000,0.643501282,0.000000000,0,1,0
18,0.316666692,1,0.735000014,0.243935555,0.000000000,1.822520256,-0.678407848,0.000000000,0.643501282,-0.000000000,0,1,0
19,0.333333343,1,0.735000014,0.273978800,0.000000000,1.802594543,-0.678407848,-0.000000000,0.643501282,0.000000000,0,1,0
20,0.350000024,1,0.735000014,0.303689957,0.000000000,1.782668829,-0.678407848,0.000000000,0.643501282,-0.000000000,0,1,0
21,0.366666675,1,0.735000014,0.333069026,0.000000000,1.762743235,-0.678407848,-0.000000000,0.643501282,0.000000000,0,1,0
22,0.383333355,1,0.735000014,0.362115979,0.000000000,1.742817521,-0.678407848,0.000000000,0.643501282,-0.000000000,0,1,0
23,0.400000036,1,0.735000014,0.390830845,0.000000000,1.722891808,-0.678407848,-0.000000000,0.643501282,0.000000000,0,1,0
24,0.416666687,1,0.735000014,0.419213623,0.000000000,1.702966094,-0.678407848,0.000000000,0.643501282,-0.000000000,0,1,0
25,0.433333367,1,0.735000014,0.447264284,0.000000000,1.683040380,-0.678407848,-0.000000000,0.643501282,0.000000000,0,1,0
26,0.450000018,1,0.735000014,0.474982888,0.000000000,1.663114786,-0.678407848,0.000000000,0.643501282,-0.000000000,0,1,0
27,0.466666698,1,0.735000014,0.502369344,0.000000000,1.643189073,-0.678407848,-0.000000000,0.643501282,0.000000000,0,1,0
28,0.483333349,1,0.735000014,0.529423773,0.000000000,1.623263359,-0.678407848,0.000000000,0.643501282,-0.000000000,0,1,0
29,0.500000000,1,0.735000014,0.556146026,0.000000000,1.603337646,-0.678407848,-0.000000000,0.643501282,0.000000000,0,1,0
30,0.516666710,1,0.735000014,0.582536280,0.000000000,1.583412051,-0.678407848,0.000000000,0.643501282,-0.000000000,0,1,0
31,0.533333361,1,0.735000014,0.608594358,0.000000000,1.563486457,-0.678407848,-0.000000000,0.643501282,0.000000000,0,1,0
32,0.550000012,1,0.735000014,0.634320378,0.000000000,1.543560863,-0.678407848,0.000000000,0.643501282,-0.000000000,0,1,0
33,0.566666722,1,0.735000014,0.659714341,0.000000000,1.523635268,-0.678407848,-0.000000000,0.643501282,0.000000000,0,1,0
34,0.583333373,1,0.735000014,0.684776187,0.000000000,1.503709674,-0.678407848,0.000000000,0.643501282,-0.000000000,0,1,0
35,0.600000024,1,0.735000014,0.709505916,0.000000000,1.483784080,-0.678407848,-0.000000000,0.643501282,0.000000000,0,1,0
36,0.616666675,1,0.735000014,0.733903527,0.000000000,1.463858485,-0.678407848,0.000000000,0.643501282,-0.000000000,0,1,0
37,0.633333385,1,0.735000014,0.757969081,0.000000000,1.443932891,-0.678407848,-0.000000000,0.643501282,0.000000000,0,1,0
38,0.650000036,1,0.735000014,0.781702578,0.000000000,1.424007297,-0.678407848,0.000000000,0.643501282,-0.000000000,0,1,0
39,0.666666687,1,0.735000014,0.805103958,0.000000000,1.404081702,-0.678407848,-0.000000000,0.643501282,0.000000000,0,1,0
40,0.683333397,1,0.735000014,0.828173280,0.000000000,1.384156108,-0.678407848,0.000000000,0.643501282,-0.000000000,0,1,0
41,0.700000048,1,0.735000014,0.850910485,0.000000000,1.364230514,-0.678407848,-0.000000000,0.643501282,0.000000000,0,1,0
42,0.716666698,1,0.735000014,0.873315513,0.000000000,1.344304919,-0.678407848,0.000000000,0.643501282,-0.000000000,0,1,0
43,0.733333349,1,0.735000014,0.895388484,0.000000000,1.324379325,-0.678407848,-0.000000000,0.643501282,0.000000000,0,1,0
44,0.750000060,1,0.735000014,0.917129397,0.000000000,1.304453731,-0.678407848,0.000000000,0.643501282,-0.000000000,0,1,0
45,0.766666710,1,0.735000014,0.938538253,0.000000000,1.284528136,-0.678407848,-0.000000000,0.643501282,0.000000000,0,1,0
46,0.783333361,1,0.735000014,0.959614933,0.000000000,1.264602542,-0.678407848,0.000000000,0.643501282,-0.000000000,0,1,0
47,0.800000072,1,0.735000014,0.980359554,0.000000000,1.244676948,-0.678407848,-0.000000000,0.643501282,0.000000000,0,1,0
48,0.816666722,1,0.735000014,1.000772119,0.000000000,1.224751353,-0.678407848,0.000000000,0.643501282,-0.000000000,0,1,0
49,0.833333373,1,0.735000014,1.020852566,0.000000000,1.204825759,-0.678407848,-0.000000000,0.643501282,0.000000000,0,1,0
50,0.850000024,1,0.735000014,1.040600896,0.000000000,1.184900165,-0.678407848,0.000000000,0.643501282,-0.000000000,0,1,0
51,0.866666734,1,0.735000014,1.060017109,0.000000000,1.164974570,-0.678407848,-0.000000000,0.643501282,0.000000000,0,1,0
52,0.883333385,1,0.735000014,1.079101324,0.000000000,1.145048976,-0.678407848,0.000000000,0.643501282,-0.000000000,0,1,0
53,0.900000036,1,0.735000014,1.097853422,0.000000000,1.125123382,-0.678407848,-0.000000000,0.643501282,0.000000000,0,1,0
54,0.916666687,1,0.735000014,1.116273284,0.000000000,1.105197787,-0.284793347,24.282508850,0.643501282,-0.000000000,0,1,0
55,0.933333397,1,0.735000014,1.134361148,0.000000000,1.085272193,0.275392801,35.682994843,0.643501282,0.000000000,0,1,0
56,0.950000048,1,0.729734838,1.150022745,-0.253026664,0.946801484,0.889458060,39.665328979,0.643501282,-0.000000000,0,1,0
57,0.966666698,1,0.725517750,1.165470719,-0.253026664,0.926875889,1.677504778,51.856075287,0.643501282,0.000000000,0,1,0
58,0.983333409,1,0.721300662,1.180586576,-0.253026664,0.906950295,1.418630958,0.000000000,0.643501282,-0.000000000,0,1,0
59,1.000000000,1,0.717083573,1.195370317,-0.253026664,0.887024701,1.319059134,0.000000000,0.643501282,0.000000000,0,1,0
60,1.016666770,1,0.712866426,1.209821939,-0.253026664,0.867099106,1.103648782,0.000000000,0.643501282,-0.000000000,0,1,0
61,1.033333421,1,0.706063628,1.221723676,-0.408171982,0.714100242,0.988394856,-7.457700253,0.643501282,0.000000000,0,1,0
62,1.050000072,1,0.699260771,1.233293295,-0.408171982,0.694174647,0.789211750,-11.264159203,0.643501282,-0.000000000,0,1,0
63,1.066666722,1,0.692457914,1.244530797,-0.408171982,0.674248993,0.571703315,-13.157641411,0.643501282,0.000000000,0,1,0
64,1.083333373,1,0.685655057,1.255436182,-0.408171982,0.654323339,0.338671327,-14.114070892,0.643501282,-0.000000000,0,1,0
65,1.100000024,1,0.678852201,1.266009450,-0.408171982,0.634397686,0.097910419,-14.591609001,0.643501282,0.000000000,0,1,0
66,1.116666675,1,0.672049403,1.276250601,-0.408171982,0.614472032,-0.146677166,-14.828408241,0.249969751,-24.277093887,0,1,0
67,1.133333445,1,0.664534211,1.285098195,-0.450910866,0.530853093,-0.393023610,-14.937321663,-0.310154319,-35.678512573,0,1,0
68,1.150000095,1,0.656806350,1.293256402,-0.463668674,0.489490688,-0.639920413,-14.971434593,-0.924235284,-39.666526794,0,1,0
69,1.166666746,1,0.648901403,1.300744295,-0.474298418,0.449279547,-0.886577129,-14.956541061,-1.726460814,-51.974624634,0,1,0
70,1.183333397,1,0.640996456,1.307900190,-0.474298418,0.429353893,-0.749537766,-0.000000000,-1.467908502,-0.000000000,0,1,0
71,1.200000048,1,0.633055568,1.314645290,-0.476455837,0.404705584,-0.696938515,0.000000000,-1.391022801,0.000000000,0,1,0
72,1.216666698,1,0.625000715,1.320768476,-0.483289063,0.367386848,-0.683235407,0.000000000,-1.278981805,-0.000000000,0,1,0
73,1.233333349,1,0.616945863,1.326559424,-0.483289063,0.347461164,-0.679665446,0.000000000,-0.995336831,7.416574955,0,1,0
74,1.250000119,1,0.608891070,1.332018375,-0.483289063,0.327535540,-0.678735375,0.000000000,-0.811198592,11.115690231,0,1,0
75,1.266666770,1,0.600770593,1.336904287,-0.487227350,0.293155730,-0.678492963,0.000000000,-0.594698608,13.095628738,0,1,0
76,1.283333421,1,0.592650175,1.341458082,-0.487227350,0.273230106,-0.678430021,-0.000000000,-0.362195551,14.081414223,0,1,0
77,1.300000072,1,0.584529757,1.345679879,-0.487227350,0.253304452,-0.678413332,-0.000000000,-0.121715724,14.574226379,0,1,0
78,1.316666722,1,0.576409280,1.349569559,-0.487227350,0.233378813,-0.678409040,0.000000000,0.122730099,14.819629669,0,1,0
79,1.333333373,1,0.568288863,1.353127122,-0.487227350,0.213453174,-0.678407967,0.000000000,0.369023770,14.934048653,0,1,0
80,1.350000024,1,0.560168386,1.356352568,-0.487227350,0.193527535,-0.678407848,0.000000000,0.615932524,14.972168922,0,1,0
81,1.366666794,1,0.552047968,1.359245896,-0.487227350,0.173601896,-0.678407848,0.000000000,0.862652123,14.960445404,0,1,0
82,1.383333445,1,0.543927550,1.361807108,-0.487227350,0.153676242,-0.678407848,-0.000000000,0.737394989,0.000000000,0,1,0
83,1.400000095,1,0.535807073,1.364036322,-0.487227350,0.133750603,-0.678407848,0.000000000,0.693774819,0.000000000,0,1,0
84,1.416666746,1,0.527686656,1.365933418,-0.487227350,0.113824964,-0.284793288,24.282512665,0.682411075,-0.000000000,0,1,0
85,1.433333397,1,0.519566178,1.367498398,-0.487227350,0.093899325,0.275392860,35.682994843,0.679450572,-0.000000000,0,1,0
86,1.450000048,1,0.511445761,1.368731260,-0.487227350,0.073973678,0.889458001,39.665325165,0.678679645,0.000000000,0,1,0
87,1.466666698,1,0.503325343,1.369632125,-0.487227350,0.054048039,1.677504897,51.856082916,0.678478539,0.000000000,0,1,0
88,1.483333468,1,0.495204866,1.370200872,-0.487227350,0.034122396,1.418629408,-0.000000000,0.678426147,0.000000000,0,1,0
89,1.500000119,1,0.487084448,1.370437384,-0.487227350,0.014196755,1.319058180,0.000000000,0.678412557,0.000000000,0,1,0
90,1.516666770,1,0.478964001,1.370342016,-0.487227350,-0.005728886,1.009675503,-7.406807899,0.284797966,-24.282508850,0,1,0
91,1.533333421,1,0.470843554,1.369914412,-0.487227350,-0.025654525,0.826173782,-11.079418182,-0.275388300,-35.682994843,0,1,0
92,1.550000072,1,0.462723106,1.369154692,-0.487227350,-0.045580167,0.610004187,-13.075320244,-0.889453590,-39.665328979,0,1,0
93,1.566666722,1,0.454602659,1.368062973,-0.487227350,-0.065505810,0.377693176,-14.069569588,-1.677498341,-51.856067657,0,1,0
94,1.583333373,1,0.446482241,1.366639137,-0.487227350,-0.085431449,0.137326375,-14.567245483,-1.418625474,-0.000000000,0,1,0
95,1.600000143,1,0.438361794,1.364883184,-0.487227350,-0.105357088,-0.107058510,-14.815858841,-1.319053054,-0.000000000,0,1,0
96,1.616666794,1,0.430241346,1.362795115,-0.487227350,-0.125282735,-0.353331089,-14.932746887,-1.009673357,7.406812668,0,1,0
97,1.633333445,1,0.422120899,1.360375047,-0.487227350,-0.145208374,-0.600252688,-14.972967148,-0.826171398,11.079424858,0,1,0
98,1.650000095,1,0.414000452,1.357622862,-0.487227350,-0.165134013,-0.847015023,-14.963080406,-0.610001624,13.075324059,0,1,0
99,1.666666746,1,0.405880034,1.354538441,-0.487227350,-0.185059652,-0.729440033,-0.000000000,-0.377690405,14.069572449,0,1,0
100,1.683333397,1,0.397759557,1.351122022,-0.487227350,-0.204985291,-0.691702604,0.000000000,-0.137323439,14.567245483,0,1,0
101,1.700000048,1,0.389639080,1.347373486,-0.487227350,-0.224910930,-0.681871355,-0.000000000,0.107061483,14.815858841,0,1,0
102,1.716666698,1,0.381518632,1.343292952,-0.487227350,-0.244836569,-0.679310024,0.000000000,0.353333950,14.932746887,0,1,0
103,1.733333468,1,0.373398155,1.338880181,-0.487227350,-0.264762223,-0.678642869,0.000000000,0.600255966,14.972967148,0,1,0
104,1.750000119,1,0.365277708,1.334135294,-0.487227350,-0.284687847,-0.678468883,0.000000000,0.847018242,14.963079453,0,1,0
105,1.766666770,1,0.357157230,1.329058409,-0.487227350,-0.304613501,-0.678423464,0.000000000,0.729441702,0.000000000,0,1,0
106,1.783333421,1,0.349036753,1.323649526,-0.487227350,-0.324539125,-0.678411841,0.000000000,0.691703141,0.000000000,0,1,0
107,1.800000072,1,0.340916306,1.317908406,-0.487227350,-0.344464779,-0.678408802,-0.000000000,0.681871653,-0.000000000,0,1,0
108,1.816666722,1,0.332795829,1.311835170,-0.487227350,-0.364390433,-0.678407967,-0.000000000,0.679309845,0.000000000,0,1,0
109,1.833333373,1,0.324675381,1.305429935,-0.487227350,-0.384316057,-0.678407848,0.000000000,0.678642571,-0.000000000,0,1,0
110,1.850000143,1,0.316554904,1.298692584,-0.487227350,-0.404241711,-0.678407848,0.000000000,0.678468764,-0.000000000,0,1,0
111,1.866666794,1,0.308434427,1.291623116,-0.487227350,-0.424167335,-0.678407848,-0.000000000,0.678423464,0.000000000,0,1,0
112,1.883333445,1,0.300313979,1.284221530,-0.487227350,-0.444092989,-0.678407848,0.000000000,0.678411841,-0.000000000,0,1,0
113,1.900000095,1,0.292193502,1.276487947,-0.487227350,-0.464018643,-0.678407848,-0.000000000,0.678408802,0.000000000,0,1,0
114,1.916666746,1,0.284073055,1.268422246,-0.487227350,-0.483944267,-0.678407848,0.000000000,0.678407967,-0.000000000,0,1,0
115,1.933333397,1,0.275952578,1.260024309,-0.487227350,-0.503869891,-0.678407848,-0.000000000,0.678407848,0.000000000,0,1,0
116,1.950000048,1,0.267832100,1.251294374,-0.487227350,-0.523795545,-0.678407848,0.000000000,0.678407848,-0.000000000,0,1,0
117,1.966666818,1,0.259711653,1.242232442,-0.487227350,-0.543721199,-0.678407848,-0.000000000,0.678407848,0.000000000,0,1,0
118,1.983333468,1,0.251591176,1.232838392,-0.487227350,-0.563646853,-0.678407848,0.000000000,0.678407848,-0.000000000,0,1,0
119,2.000000000,1,0.243470713,1.223112106,-0.487227350,-0.583572507,-0.678407848,-0.000000000,0.678407848,0.000000000,0,1,0
120,2.016666889,1,0.235350251,1.213053823,-0.487227350,-0.603498101,-0.678407848,0.000000000,0.678407848,-0.000000000,0,1,0
121,2.033333540,1,0.227229789,1.202663422,-0.487227350,-0.623423755,-0.678407848,-0.000000000,0.678407848,0.000000000,0,1,0
122,2.050000191,1,0.219109327,1.191941023,-0.487227350,-0.643349409,-0.678407848,0.000000000,0.678407848,-0.000000000,0,1,0
123,2.066666842,1,0.210988849,1.180886388,-0.487227350,-0.663275063,-0.678407848,-0.000000000,0.678407848,0.000000000,0,1,0
124,2.083333492,1,0.202868387,1.169499636,-0.487227350,-0.683200717,-0.678407848,0.000000000,0.678407848,-0.000000000,0,1,0
125,2.100000143,1,0.194747940,1.157780886,-0.487227350,-0.703126311,-0.678407848,-0.000000000,0.678407848,0.000000000,0,1,0
126,2.116666794,1,0.186627477,1.145730019,-0.487227350,-0.723051965,-0.678407848,0.000000000,0.678407848,-0.000000000,0,1,0
127,2.133333445,1,0.178507030,1.133347034,-0.487227350,-0.742977619,-0.678407848,-0.000000000,0.678407848,0.000000000,0,1,0
128,2.150000095,1,0.170386583,1.120631933,-0.487227350,-0.762903273,-0.678407848,0.000000000,0.678407848,-0.000000000,0,1,0
129,2.166666746,1,0.162266120,1.107584834,-0.487227350,-0.782828927,-0.678407848,-0.000000000,0.678407848,0.000000000,0,1,0
130,2.183333397,1,0.154145673,1.094205618,-0.487227350,-0.802754521,-0.678407848,0.000000000,0.678407848,-0.000000000,0,1,0
131,2.200000048,1,0.146025211,1.080494165,-0.487227350,-0.822680116,-0.678407848,-0.000000000,0.678407848,0.000000000,0,1,0
132,2.216666698,1,0.137904763,1.066450834,-0.487227350,-0.842605710,-0.678407848,0.000000000,0.678407848,-0.000000000,0,1,0
133,2.233333349,1,0.135121211,1.055080771,0.625701189,-0.222687155,-0.678407848,-0.000000000,0.678407848,0.000000000,0,1,0
134,2.250000000,1,0.145549566,1.051037192,0.625701189,-0.242612794,-0.678407848,0.000000000,0.678407848,-0.000000000,0,1,0
135,2.266666889,1,0.155977935,1.046661615,0.625701189,-0.262538433,-0.678407848,-0.000000000,0.678407848,0.000000000,0,1,0
136,2.283333540,1,0.166406289,1.041953802,0.625701189,-0.282464087,-0.678407848,0.000000000,0.678407848,-0.000000000,0,1,0
137,2.300000191,1,0.176834643,1.036914110,0.625701189,-0.302389711,-0.678407848,-0.000000000,0.678407848,0.000000000,0,1,0
138,2.316666842,1,0.187262997,1.031542063,0.625701189,-0.322315365,-0.678407848,0.000000000,0.678407848,-0.000000000,0,1,0
139,2.333333492,1,0.197691351,1.025838137,0.625701189,-0.342240989,-0.678407848,-0.000000000,0.678407848,0.000000000,0,1,0
140,2.350000143,1,0.208119705,1.019801974,0.625701189,-0.362166643,-0.678407848,0.000000000,0.678407848,-0.000000000,0,1,0
141,2.366666794,1,0.218548059,1.013433814,0.625701189,-0.382092297,-0.678407848,-0.000000000,0.678407848,0.000000000,0,1,0
142,2.383333445,1,0.228976414,1.006733537,0.625701189,-0.402017921,-0.678407848,0.000000000,0.678407848,-0.000000000,0,1,0
143,2.400000095,1,0.239404768,0.999701142,0.625701189,-0.421943575,-0.678407848,-0.000000000,0.678407848,0.000000000,0,1,0
144,2.416666746,1,0.249833137,0.992336631,0.625701189,-0.441869199,-0.678407848,0.000000000,0.678407848,-0.000000000,0,1,0
145,2.433333397,1,0.260261476,0.984640002,0.625701189,-0.461794853,-0.678407848,-0.000000000,0.678407848,0.000000000,0,1,0
146,2.450000048,1,0.270689845,0.976611316,0.625701189,-0.481720507,-0.678407848,0.000000000,0.678407848,-0.000000000,0,1,0
147,2.466666698,1,0.281118214,0.968250573,0.625701189,-0.501646161,-0.678407848,-0.000000000,0.678407848,0.000000000,0,1,0
148,2.483333349,1,0.291546553,0.959557712,0.625701189,-0.521571755,-0.678407848,0.000000000,0.678407848,-0.000000000,0,1,0
149,2.500000238,1,0.301974922,0.950532734,0.625701189,-0.541497409,-0.678407848,-0.000000000,0.678407848,0.000000000,0,1,0
150,2.516666889,1,0.312403262,0.941175640,0.625701189,-0.561423063,-0.284793347,24.282508850,0.678407848,-0.000000000,0,1,0
151,2.533333540,1,0.322831631,0.931486487,0.625701189,-0.581348717,0.275392801,35.682994843,0.678407848,0.000000000,0,1,0
152,2.550000191,1,0.333260000,0.921465278,0.625701189,-0.601274371,0.889458060,39.665328979,0.678407848,-0.000000000,0,1,0
153,2.566666842,1,0.343688339,0.911111951,0.625701189,-0.621199965,1.677504778,51.856075287,0.678407848,0.000000000,0,1,0
154,2.583333492,1,0.354116708,0.900426507,0.625701189,-0.641125619,1.418630958,0.000000000,0.678407848,-0.000000000,0,1,0
155,2.600000143,1,0.364545047,0.889408946,0.625701189,-0.661051273,1.319059134,0.000000000,0.678407848,0.000000000,0,1,0
156,2.616666794,1,0.374973416,0.878059387,0.625701189,-0.680976927,1.103648782,0.000000000,0.678407848,-0.000000000,0,1,0
157,2.633333445,1,0.385401785,0.866377652,0.625701189,-0.700902581,0.988394856,-7.457700253,0.678407848,0.000000000,0,1,0
158,2.650000095,1,0.395830125,0.854363799,0.625701189,-0.720828176,0.789211750,-11.264159203,0.678407848,-0.000000000,0,1,0
159,2.666666746,1,0.406258494,0.842017949,0.625701189,-0.740753829,0.571703315,-13.157641411,0.678407848,0.000000000,0,1,0
160,2.683333397,1,0.416686833,0.829339981,0.625701189,-0.760679483,0.338671327,-14.114070892,0.678407848,-0.000000000,0,1,0
161,2.700000048,1,0.427115142,0.816329837,0.625701189,-0.780605137,0.097910419,-14.591609001,0.678407848,0.000000000,0,1,0
162,2.716666698,1,0.437543482,0.802987695,0.625701189,-0.800530732,-0.146677166,-14.828408241,0.284793347,-24.282508850,0,1,0
163,2.733333588,1,0.447971821,0.789313436,0.625701189,-0.820456326,-0.393023610,-14.937321663,-0.275392860,-35.682994843,0,1,0
164,2.750000238,1,0.458400160,0.775307059,0.625701189,-0.840381920,-0.639920413,-14.971434593,-0.889458358,-39.665328979,0,1,0
165,2.766666889,1,0.468828499,0.760968566,0.625701189,-0.860307515,-0.886577129,-14.956541061,-1.677505255,-51.856098175,0,1,0
166,2.783333540,1,0.479256809,0.746298015,0.625701189,-0.880233109,-0.749537766,-0.000000000,-1.418632269,0.000000000,0,1,0
167,2.800000191,1,0.489685148,0.731295407,0.625701189,-0.900158703,-0.696938515,0.000000000,-1.319060922,-0.000000000,0,1,0
168,2.816666842,1,0.500113487,0.715960622,0.625701189,-0.920084298,-0.683235407,0.000000000,-1.103650093,-0.000000000,0,1,0
169,2.833333492,1,0.510541797,0.700293839,0.625701189,-0.940009892,-0.679665446,0.000000000,-0.988396347,7.457702637,0,1,0
170,2.850000143,1,0.520970166,0.684294879,0.625701189,-0.959935486,-0.678735375,0.000000000,-0.789212525,11.264160156,0,1,0
171,2.866666794,1,0.531398475,0.667963862,0.625701189,-0.979861081,-0.678492963,0.000000000,-0.571704268,13.157640457,0,1,0
172,2.883333445,1,0.541826844,0.651300788,0.625701189,-0.999786675,-0.678430021,-0.000000000,-0.338672251,14.114070892,0,1,0
173,2.900000095,1,0.552255154,0.634305596,0.625701189,-1.019712210,-0.678413332,-0.000000000,-0.097911358,14.591609001,0,1,0
174,2.916666746,1,0.562683463,0.616978288,0.625701189,-1.039637804,-0.678409040,0.000000000,0.146676227,14.828408241,0,1,0
175,2.933333397,1,0.573111832,0.599318862,0.625701189,-1.059563398,-0.678407967,0.000000000,0.393022656,14.937322617,0,1,0
176,2.950000048,1,0.583540142,0.581327379,0.625701189,-1.079488993,-0.678407848,0.000000000,0.639919877,14.971435547,0,1,0
177,2.966666937,1,0.593968511,0.563003838,0.625701189,-1.099414587,-0.678407848,0.000000000,0.886576653,14.956540108,0,1,0
178,2.983333588,1,0.604396820,0.544348121,0.625701189,-1.119340181,-0.678407848,-0.000000000,0.749537587,0.000000000,0,1,0
179,3.000000238,1,0.614825130,0.525360405,0.625701189,-1.139265776,-0.678407848,0.000000000,0.696938396,-0.000000000,0,1,0
180,3.016666889,1,0.625253499,0.506040514,0.625701189,-1.159191370,-0.284793288,24.282512665,0.683235288,0.000000000,0,1,0
181,3.033333540,1,0.635681808,0.486388594,0.625701189,-1.179116964,0.275392860,35.682994843,0.679665446,0.000000000,0,1,0
182,3.050000191,1,0.643333554,0.474654824,-0.032984499,0.795821965,0.889458001,39.665325165,0.678735077,-0.000000000,0,1,0
183,3.066666842,1,0.632529020,0.494063139,-0.648273528,1.164499998,1.677504897,51.856082916,0.678492844,0.000000000,5,1,0
184,3.083333492,1,0.621724486,0.513139367,-0.648273528,1.144574404,1.418629408,-0.000000000,0.678430021,0.000000000,5,1,0
185,3.100000143,1,0.610919893,0.531883538,-0.648273528,1.124648809,1.319058180,0.000000000,0.678413630,-0.000000000,5,1,0
186,3.116666794,1,0.600115359,0.550295591,-0.648273528,1.104723215,1.009675503,-7.406807899,0.284799039,-24.282508850,5,1,0
187,3.133333445,1,0.589310765,0.568375528,-0.648273528,1.084797621,0.826173782,-11.079418182,-0.275386900,-35.682994843,5,1,0
188,3.150000095,1,0.578506231,0.586123407,-0.648273528,1.064872026,0.610004187,-13.075320244,-0.889452457,-39.665325165,5,1,0
189,3.166666746,1,0.567701697,0.603539169,-0.648273528,1.044946432,0.377693176,-14.069569588,-1.677496672,-51.856067657,5,1,0
190,3.183333397,1,0.556897104,0.620622873,-0.648273528,1.025020838,0.137326375,-14.567245483,-1.418622732,-0.000000000,5,1,0
191,3.200000286,1,0.546092570,0.637374461,-0.648273528,1.005095243,-0.107058510,-14.815858841,-1.319048405,0.000000000,5,1,0
192,3.216666937,1,0.535287976,0.653793931,-0.648273528,0.985169590,-0.353331089,-14.932746887,-1.009671926,7.406813622,5,1,0
193,3.233333588,1,0.524483442,0.669881344,-0.648273528,0.965243995,-0.600252688,-14.972967148,-0.826170206,11.079428673,5,1,0
194,3.250000238,1,0.513678908,0.685636640,-0.648273528,0.945318401,-0.847015023,-14.963080406,-0.610000312,13.075325966,5,1,0
195,3.266666889,1,0.502874315,0.701059878,-0.648273528,0.925392807,-0.729440033,-0.000000000,-0.377689093,14.069573402,5,1,0
196,3.283333540,1,0.492069781,0.716150999,-0.648273528,0.905467212,-0.691702604,0.000000000,-0.137322158,14.567247391,5,1,0
197,3.300000191,1,0.481265217,0.730910003,-0.648273528,0.885541618,-0.681871355,-0.000000000,0.107062690,14.815860748,5,1,0
198,3.316666842,1,0.470460653,0.745336950,-0.648273528,0.865616024,-0.679310024,0.000000000,0.353335351,14.932746887,5,1,0
199,3.333333492,1,0.459656090,0.759431779,-0.648273528,0.845690429,-0.678642869,0.000000000,0.600257039,14.972966194,5,1,0
200,3.350000143,1,0.448851526,0.773194551,-0.648273528,0.825764835,-0.678468883,0.000000000,0.847019374,14.963080406,5,1,0
201,3.366666794,1,0.438046992,0.786625206,-0.648273528,0.805839241,-0.678423464,0.000000000,0.729442477,0.000000000,5,1,0
202,3.383333445,1,0.427242428,0.799723744,-0.648273528,0.785913587,-0.678411841,0.000000000,0.691703260,-0.000000000,5,1,0
203,3.400000095,1,0.416437864,0.812490284,-0.648273528,0.765987992,-0.678408802,-0.000000000,0.681871653,0.000000000,5,1,0
204,3.416666746,1,0.405633301,0.824924648,-0.648273528,0.746062338,-0.678407967,-0.000000000,0.679309845,0.000000000,5,1,0
205,3.433333397,1,0.394828737,0.837026954,-0.648273528,0.726136684,-0.678407848,0.000000000,0.678642571,-0.000000000,5,1,0
206,3.450000286,1,0.384024203,0.848797143,-0.648273528,0.706211030,-0.678407848,0.000000000,0.678468764,-0.000000000,5,1,0
207,3.466666937,1,0.373219639,0.860235214,-0.648273528,0.686285377,-0.678407848,-0.000000000,0.678423464,0.000000000,5,1,0
208,3.483333588,1,0.362415075,0.871341228,-0.648273528,0.666359782,-0.678407848,0.000000000,0.678411841,-0.000000000,5,1,0
209,3.500000238,1,0.351610512,0.882115185,-0.648273528,0.646434128,-0.678407848,-0.000000000,0.678408802,0.000000000,5,1,0
210,3.516666889,1,0.340805948,0.892556965,-0.648273528,0.626508474,-0.678407848,0.000000000,0.678407967,-0.000000000,5,1,0
211,3.533333540,1,0.330001414,0.902666688,-0.648273528,0.606582820,-0.678407848,-0.000000000,0.678407848,0.000000000,5,1,0
212,3.550000191,1,0.319196850,0.912444293,-0.648273528,0.586657166,-0.678407848,0.000000000,0.678407848,-0.000000000,5,1,0
213,3.566666842,1,0.308392286,0.921889901,-0.648273528,0.566731572,-0.678407848,-0.000000000,0.678407848,0.000000000,5,1,0
214,3.583333492,1,0.297587723,0.931003273,-0.648273528,0.546805918,-0.678407848,0.000000000,0.678407848,-0.000000000,5,1,0
215,3.600000143,1,0.286783159,0.939784646,-0.648273528,0.526880264,-0.678407848,-0.000000000,0.678407848,0.000000000,5,1,0
216,3.616666794,1,0.275978625,0.948233902,-0.648273528,0.506954610,-0.678407848,0.000000000,0.678407848,-0.000000000,5,1,0
217,3.633333445,1,0.265174061,0.956350982,-0.648273528,0.487028986,-0.678407848,-0.000000000,0.678407848,0.000000000,5,1,0
218,3.650000095,1,0.254369497,0.964136004,-0.648273528,0.467103332,-0.678407848,0.000000000,0.678407848,-0.000000000,5,1,0
219,3.666666746,1,0.243564934,0.971588969,-0.648273528,0.447177708,-0.678407848,-0.000000000,0.678407848,0.000000000,5,1,0
220,3.683333635,1,0.232760385,0.978709877,-0.648273528,0.427252054,-0.678407848,0.000000000,0.678407848,-0.000000000,5,1,0
221,3.700000286,1,0.221955821,0.985498607,-0.648273528,0.407326400,-0.678407848,-0.000000000,0.678407848,0.000000000,5,1,0
222,3.716666937,1,0.211151272,0.991955280,-0.648273528,0.387400776,-0.678407848,0.000000000,0.678407848,-0.000000000,5,1,0
223,3.733333588,1,0.200346708,0.998079896,-0.648273528,0.367475122,-0.678407848,-0.000000000,0.678407848,0.000000000,5,1,0
224,3.750000238,1,0.189542145,1.003872395,-0.648273528,0.347549498,-0.678407848,0.000000000,0.678407848,-0.000000000,5,1,0
225,3.766666889,1,0.178737596,1.009332776,-0.648273528,0.327623844,-0.678407848,-0.000000000,0.678407848,0.000000000,5,1,0
226,3.783333540,1,0.167933032,1.014461040,-0.648273528,0.307698190,-0.678407848,0.000000000,0.678407848,-0.000000000,5,1,0
227,3.800000191,1,0.157128483,1.019257307,-0.648273528,0.287772566,-0.678407848,-0.000000000,0.678407848,0.000000000,5,1,0
228,3.816666842,1,0.149127215,1.024527431,0.084415071,0.407242060,-0.678407848,0.000000000,0.678407848,-0.000000000,5,1,0
229,3.833333492,1,0.150534138,1.030982733,0.084415071,0.387316406,-0.678407848,-0.000000000,0.678407848,0.000000000,5,1,0
230,3.850000143,1,0.151941061,1.037105799,0.084415071,0.367390782,-0.678407848,0.000000000,0.678407848,-0.000000000,5,1,0
231,3.866666794,1,0.153347984,1.042896986,0.084415071,0.347465128,-0.678407848,-0.000000000,0.678407848,0.000000000,5,1,0
232,3.883333445,1,0.154754907,1.048355937,0.084415071,0.327539504,-0.678407848,0.000000000,0.678407848,-0.000000000,5,1,0
233,3.900000095,1,0.156161815,1.053482771,0.084415071,0.307613850,-0.678407848,-0.000000000,0.678407848,0.000000000,5,1,0
234,3.916666985,1,0.157568738,1.058277607,0.084415071,0.287688196,-0.678407848,0.000000000,0.678407848,-0.000000000,5,1,0
235,3.933333635,1,0.158975661,1.062740326,0.084415071,0.267762572,-0.678407848,-0.000000000,0.678407848,0.000000000,5,1,0
236,3.950000286,1,0.160382584,1.066870928,0.084415071,0.247836918,-0.678407848,0.000000000,0.678407848,-0.000000000,5,1,0
237,3.966666937,1,0.161789507,1.070669413,0.084415071,0.227911279,-0.678407848,-0.000000000,0.678407848,0.000000000,5,1,0
238,3.983333588,1,0.163196415,1.074135900,0.084415071,0.207985640,-0.678407848,0.000000000,0.678407848,-0.000000000,5,1,0
239,4.000000000,1,0.164603338,1.077270269,0.084415071,0.188060001,-0.678407848,-0.000000000,0.678407848,0.000000000,5,1,0
240,4.016666889,1,0.166010261,1.080072522,0.084415071,0.168134362,-0.678407848,0.000000000,0.678407848,-0.000000000,5,1,0
241,4.033333778,1,0.167417184,1.082542658,0.084415071,0.148208708,-0.678407848,-0.000000000,0.678407848,0.000000000,5,1,0
242,4.050000191,1,0.168824106,1.084680676,0.084415071,0.128283069,-0.678407848,0.000000000,0.678407848,-0.000000000,5,1,0
243,4.066667080,1,0.170231014,1.086486578,0.084415071,0.108357430,-0.678407848,-0.000000000,0.678407848,0.000000000,5,1,0
244,4.083333492,1,0.171637937,1.087960482,0.084415071,0.088431790,-0.678407848,0.000000000,0.678407848,-0.000000000,5,1,0
245,4.100000381,1,0.173044860,1.089102268,0.084415071,0.068506144,-0.678407848,-0.000000000,0.678407848,0.000000000,5,1,0
246,4.116666794,1,0.174451783,1.089911938,0.084415071,0.048580505,-0.284793347,24.282508850,0.678407848,-0.000000000,5,1,0
247,4.133333683,1,0.175858706,1.090389490,0.084415071,0.028654862,0.275392801,35.682994843,0.678407848,0.000000000,5,1,0
248,4.150000095,1,0.177265614,1.090535045,0.084415071,0.008729221,0.889458060,39.665328979,0.678407848,-0.000000000,5,1,0
249,4.166666985,1,0.178672537,1.090348482,0.084415071,-0.011196420,1.677504778,51.856075287,0.678407848,0.000000000,5,1,0
250,4.183333397,1,0.180079460,1.089829683,0.084415071,-0.031122059,1.418630958,0.000000000,0.678407848,-0.000000000,5,1,0
251,4.200000286,1,0.181486383,1.088979006,0.084415071,-0.051047701,1.319059134,0.000000000,0.678407848,0.000000000,5,1,0
252,4.216666698,1,0.182893306,1.087796092,0.084415071,-0.070973344,1.103648782,0.000000000,0.678407848,-0.000000000,5,1,0
253,4.233333588,1,0.184300214,1.086281061,0.084415071,-0.090898983,0.988394856,-7.457700253,0.678407848,0.000000000,5,1,0
254,4.250000000,1,0.185707137,1.084434032,0.084415071,-0.110824622,0.789211750,-11.264159203,0.678407848,-0.000000000,5,1,0
255,4.266666889,1,0.187114060,1.082254887,0.084415071,-0.130750269,0.571703315,-13.157641411,0.678407848,0.000000000,5,1,0
256,4.283333778,1,0.188520983,1.079743624,0.084415071,-0.150675908,0.338671327,-14.114070892,0.678407848,-0.000000000,5,1,0
257,4.300000191,1,0.189927906,1.076900244,0.084415071,-0.170601547,0.097910419,-14.591609001,0.678407848,0.000000000,5,1,0
258,4.316667080,1,0.191334814,1.073724747,0.084415071,-0.190527186,-0.146677166,-14.828408241,0.284793347,-24.282508850,5,1,0
259,4.333333492,1,0.192741737,1.070217252,0.084415071,-0.210452825,-0.393023610,-14.937321663,-0.275392860,-35.682994843,5,1,0
260,4.350000381,1,0.194148660,1.066377521,0.084415071,-0.230378464,-0.639920413,-14.971434593,-0.889458358,-39.665328979,5,1,0
261,4.366666794,1,0.195555583,1.062205791,0.084415071,-0.250304103,-0.886577129,-14.956541061,-1.677505255,-51.856098175,5,1,0
262,4.383333683,1,0.196962506,1.057701945,0.084415071,-0.270229757,-0.749537766,-0.000000000,-1.418632269,0.000000000,5,1,0
263,4.400000095,1,0.198369414,1.052866101,0.084415071,-0.290155381,-0.696938515,0.000000000,-1.319060922,-0.000000000,5,1,0
264,4.416666985,1,0.199776337,1.047698021,0.084415071,-0.310081035,-0.683235407,0.000000000,-1.103650093,-0.000000000,5,1,0
265,4.433333397,1,0.201183245,1.042197943,0.084415071,-0.330006659,-0.679665446,0.000000000,-0.988396347,7.457702637,5,1,0
266,4.450000286,1,0.202590153,1.036365747,0.084415071,-0.349932313,-0.678735375,0.000000000,-0.789212525,11.264160156,5,1,0
267,4.466666698,1,0.203997061,1.030201435,0.084415071,-0.369857967,-0.678492963,0.000000000,-0.571704268,13.157640457,5,1,0
268,4.483333588,1,0.205403969,1.023705006,0.084415071,-0.389783591,-0.678430021,-0.000000000,-0.338672251,14.114070892,5,1,0
269,4.500000000,1,0.206810877,1.016876459,0.084415071,-0.409709215,-0.678413332,-0.000000000,-0.097911358,14.591609001,5,1,0
270,4.516666889,1,0.208217785,1.009715915,0.084415071,-0.429634869,-0.678409040,0.000000000,0.146676227,14.828408241,5,1,0
271,4.533333778,1,0.209624693,1.002223253,0.084415071,-0.449560493,-0.678407967,0.000000000,0.393022656,14.937322617,5,1,0
272,4.550000191,1,0.211031601,0.994398475,0.084415071,-0.469486147,-0.678407848,0.000000000,0.639919877,14.971435547,5,1,0
273,4.566667080,1,0.212438509,0.986241639,0.084415071,-0.489411771,-0.678407848,0.000000000,0.886576653,14.956540108,5,1,0
274,4.583333492,1,0.213845417,0.977752686,0.084415071,-0.509337425,-0.678407848,-0.000000000,0.749537587,0.000000000,5,1,0
275,4.600000381,1,0.215252325,0.968931675,0.084415071,-0.529263079,-0.678407848,0.000000000,0.696938396,-0.000000000,5,1,0
276,4.616666794,1,0.216659233,0.959778488,0.084415071,-0.549188733,-0.284793288,24.282512665,0.683235288,0.000000000,5,1,0
277,4.633333683,1,0.218066141,0.950293243,0.084415071,-0.569114327,0.275392860,35.682994843,0.679665446,0.000000000,5,1,0
278,4.650000095,1,0.219473049,0.940475941,0.084415071,-0.589039981,0.889458001,39.665325165,0.678735077,-0.000000000,5,1,0
279,4.666666985,1,0.220879957,0.930326581,0.084415071,-0.608965635,1.677504897,51.856082916,0.678492844,0.000000000,5,1,0
280,4.683333397,1,0.222286865,0.919844985,0.084415071,-0.628891289,1.418629408,-0.000000000,0.678430021,0.000000000,5,1,0
281,4.700000286,1,0.223693773,0.909031391,0.084415071,-0.648816943,1.319058180,0.000000000,0.678413630,-0.000000000,5,1,0
282,4.716666698,1,0.225100681,0.897885680,0.084415071,-0.668742537,1.009675503,-7.406807899,0.284799039,-24.282508850,5,1,0
283,4.733333588,1,0.226507589,0.886407852,0.084415071,-0.688668191,0.826173782,-11.079418182,-0.275386900,-35.682994843,5,1,0
284,4.750000477,1,0.227914497,0.874597907,0.084415071,-0.708593845,0.610004187,-13.075320244,-0.889452457,-39.665325165,5,1,0
285,4.766666889,1,0.229321405,0.862455964,0.084415071,-0.728519499,0.377693176,-14.069569588,-1.677496672,-51.856067657,5,1,0
286,4.783333778,1,0.230728313,0.849981904,0.084415071,-0.748445153,0.137326375,-14.567245483,-1.418622732,-0.000000000,5,1,0
287,4.800000191,1,0.232135221,0.837175667,0.084415071,-0.768370748,-0.107058510,-14.815858841,-1.319048405,0.000000000,5,1,0
288,4.816667080,1,0.233542129,0.824037373,0.084415071,-0.788296402,-0.353331089,-14.932746887,-1.009671926,7.406813622,5,1,0
289,4.833333492,1,0.234949037,0.810567021,0.084415071,-0.808221996,-0.600252688,-14.972967148,-0.826170206,11.079428673,5,1,0
290,4.850000381,1,0.236355945,0.796764493,0.084415071,-0.828147590,-0.847015023,-14.963080406,-0.610000312,13.075325966,5,1,0
291,4.866666794,1,0.237762854,0.782629967,0.084415071,-0.848073184,-0.729440033,-0.000000000,-0.377689093,14.069573402,5,1,0
292,4.883333683,1,0.239169762,0.768163323,0.084415071,-0.867998779,-0.691702604,0.000000000,-0.137322158,14.567247391,5,1,0
293,4.900000095,1,0.240576670,0.753364563,0.084415071,-0.887924373,-0.681871355,-0.000000000,0.107062690,14.815860748,5,1,0
294,4.916666985,1,0.241983578,0.738233685,0.084415071,-0.907849967,-0.679310024,0.000000000,0.353335351,14.932746887,5,1,0
295,4.933333397,1,0.243390486,0.722770810,0.084415071,-0.927775562,-0.678642869,0.000000000,0.600257039,14.972966194,5,1,0
296,4.950000286,1,0.244797394,0.706975758,0.084415071,-0.947701156,-0.678468883,0.000000000,0.847019374,14.963080406,5,1,0
297,4.966666698,1,0.246204302,0.690848649,0.084415071,-0.967626750,-0.678423464,0.000000000,0.729442477,0.000000000,5,1,0
298,4.983333588,1,0.247611210,0.674389422,0.084415071,-0.987552345,-0.678411841,0.000000000,0.691703260,-0.000000000,5,1,0
299,5.000000477,1,0.249018118,0.657598138,0.084415071,-1.007477999,-0.678408802,-0.000000000,0.681871653,0.000000000,5,1,0
300,5.016666889,1,0.250425041,0.640474677,0.084415071,-1.027403593,-0.678407967,-0.000000000,0.679309845,0.000000000,5,1,0
301,5.033333778,1,0.251831949,0.623019218,0.084415071,-1.047329187,-0.678407848,0.000000000,0.678642571,-0.000000000,5,1,0
302,5.050000191,1,0.253238857,0.605231643,0.084415071,-1.067254782,-0.678407848,0.000000000,0.678468764,-0.000000000,5,1,0
303,5.066667080,1,0.254645765,0.587111950,0.084415071,-1.087180376,-0.678407848,-0.000000000,0.678423464,0.000000000,5,1,0
304,5.083333492,1,0.256052673,0.568660140,0.084415071,-1.107105970,-0.678407848,0.000000000,0.678411841,-0.000000000,5,1,0
305,5.100000381,1,0.254757255,0.553300500,-0.714583278,-0.038777363,-0.678407848,-0.000000000,0.678408802,0.000000000,5,1,0
306,5.116666794,1,0.234271139,0.560898542,-1.229167342,0.455881059,-0.678407848,0.000000000,0.678407967,-0.000000000,5,1,0
307,5.133333683,1,0.213785022,0.568164468,-1.229167342,0.435955435,-0.678407848,-0.000000000,0.678407848,0.000000000,5,1,0
308,5.150000095,1,0.193298906,0.575098276,-1.229167342,0.416029781,-0.678407848,0.000000000,0.678407848,-0.000000000,5,1,0
309,5.166666985,1,0.172812775,0.581699967,-1.229167342,0.396104157,-0.678407848,-0.000000000,0.678407848,0.000000000,5,1,0
310,5.183333397,1,0.152326643,0.587969661,-1.229167342,0.376178503,-0.678407848,0.000000000,0.678407848,-0.000000000,5,1,0
311,5.200000286,1,0.131840512,0.593907177,-1.229167342,0.356252849,-0.678407848,-0.000000000,0.678407848,0.000000000,5,1,0
312,5.216667175,1,0.111354388,0.599512637,-1.229167342,0.336327225,-0.678407848,0.000000000,0.678407848,-0.000000000,5,1,0
313,5.233333588,1,0.090868264,0.604785979,-1.229167342,0.316401571,-0.678407848,-0.000000000,0.678407848,0.000000000,5,1,0
314,5.250000477,1,0.070382141,0.609727263,-1.229167342,0.296475947,-0.678407848,0.000000000,0.678407848,-0.000000000,5,1,0
315,5.266666889,1,0.049896020,0.614336371,-1.229167342,0.276550293,-0.678407848,-0.000000000,0.678407848,0.000000000,5,1,0
316,5.283333778,1,0.029409897,0.618613482,-1.229167342,0.256624639,-0.678407848,0.000000000,0.678407848,-0.000000000,5,1,0
317,5.300000191,1,0.031867065,0.623710513,0.688333690,0.337298095,-0.678407848,-0.000000000,0.678407848,0.000000000,5,1,0
318,5.316667080,1,0.043339290,0.629000068,0.688333690,0.317372471,-0.678407848,0.000000000,0.678407848,-0.000000000,5,1,0
319,5.333333492,1,0.054811519,0.633957505,0.688333690,0.297446817,-0.678407848,-0.000000000,0.678407848,0.000000000,5,1,0
320,5.350000381,1,0.066283748,0.638582826,0.688333690,0.277521193,-0.678407848,0.000000000,0.678407848,-0.000000000,5,1,0
321,5.366666794,1,0.077755980,0.642876089,0.688333690,0.257595539,-0.678407848,-0.000000000,0.678407848,0.000000000,5,1,0
322,5.383333683,1,0.089228213,0.646837294,0.688333690,0.237669900,-0.678407848,0.000000000,0.678407848,-0.000000000,5,1,0
323,5.400000095,1,0.100700438,0.650466323,0.688333690,0.217744261,-0.678407848,-0.000000000,0.678407848,0.000000000,5,1,0
324,5.416666985,1,0.112172663,0.653763354,0.688333690,0.197818607,-0.678407848,0.000000000,0.678407848,-0.000000000,5,1,0
325,5.433333397,1,0.123644888,0.656728208,0.688333690,0.177892968,-0.678407848,-0.000000000,0.678407848,0.000000000,5,1,0
326,5.450000286,1,0.135117114,0.659361005,0.688333690,0.157967329,-0.678407848,0.000000000,0.678407848,-0.000000000,5,1,0
327,5.466667175,1,0.146589339,0.661661744,0.688333690,0.138041690,-0.678407848,-0.000000000,0.678407848,0.000000000,5,1,0
328,5.483333588,1,0.158061564,0.663630366,0.688333690,0.118116044,-0.678407848,0.000000000,0.678407848,-0.000000000,5,1,0
329,5.500000477,1,0.169533789,0.665266871,0.688333690,0.098190404,-0.678407848,-0.000000000,0.678407848,0.000000000,5,1,0
330,5.516666889,1,0.181006014,0.666571259,0.688333690,0.078264758,-0.678407848,0.000000000,0.678407848,-0.000000000,5,1,0
331,5.533333778,1,0.192478240,0.667543590,0.688333690,0.058339119,-0.678407848,-0.000000000,0.678407848,0.000000000,5,1,0
332,5.550000191,1,0.203950480,0.668183804,0.688333690,0.038413476,-0.678407848,0.000000000,0.678407848,-0.000000000,5,1,0
333,5.566667080,1,0.215422705,0.668491960,0.688333690,0.018487837,-0.678407848,-0.000000000,0.678407848,0.000000000,5,1,0
334,5.583333492,1,0.226894930,0.668467939,0.688333690,-0.001437804,-0.678407848,0.000000000,0.678407848,-0.000000000,5,1,0
335,5.600000381,1,0.238367155,0.668111920,0.688333690,-0.021363445,-0.678407848,-0.000000000,0.678407848,0.000000000,5,1,0
336,5.616666794,1,0.249839380,0.667423725,0.688333690,-0.041289084,-0.678407848,0.000000000,0.678407848,-0.000000000,5,1,0
337,5.633333683,1,0.261311591,0.666403472,0.688333690,-0.061214726,-0.678407848,-0.000000000,0.678407848,0.000000000,5,1,0
338,5.650000095,1,0.272783816,0.665051103,0.688333690,-0.081140369,-0.678407848,0.000000000,0.678407848,-0.000000000,5,1,0
339,5.666666985,1,0.284256041,0.663366675,0.688333690,-0.101066008,-0.678407848,-0.000000000,0.678407848,0.000000000,5,1,0
340,5.683333397,1,0.295728266,0.661350131,0.688333690,-0.120991647,-0.678407848,0.000000000,0.678407848,-0.000000000,5,1,0
341,5.700000286,1,0.307200491,0.659001529,0.688333690,-0.140917286,-0.678407848,-0.000000000,0.678407848,0.000000000,5,1,0
342,5.716667175,1,0.318672717,0.656320810,0.688333690,-0.160842925,-0.284793347,24.282508850,0.678407848,-0.000000000,5,1,0
343,5.733333588,1,0.330144942,0.653308034,0.688333690,-0.180768579,0.275392801,35.682994843,0.678407848,0.000000000,5,1,0
344,5.750000477,1,0.341617167,0.649963081,0.688333690,-0.200694203,0.889458060,39.665328979,0.678407848,-0.000000000,5,1,0
345,5.766666889,1,0.353089392,0.646286130,0.688333690,-0.220619842,1.677504778,51.856075287,0.678407848,0.000000000,5,1,0
346,5.783333778,1,0.364561617,0.642277002,0.688333690,-0.240545481,1.418630958,0.000000000,0.678407848,-0.000000000,5,1,0
347,5.800000191,1,0.376033843,0.637935817,0.688333690,-0.260471135,1.319059134,0.000000000,0.678407848,0.000000000,5,1,0
348,5.816667080,1,0.387506068,0.633262515,0.688333690,-0.280396760,1.103648782,0.000000000,0.678407848,-0.000000000,5,1,0
349,5.833333492,1,0.398978293,0.628257155,0.688333690,-0.300322413,0.988394856,-7.457700253,0.678407848,0.000000000,5,1,0
350,5.850000381,1,0.410450548,0.622919679,0.688333690,-0.320248067,0.789211750,-11.264159203,0.678407848,-0.000000000,5,1,0
351,5.866666794,1,0.421922773,0.617250144,0.688333690,-0.340173692,0.571703315,-13.157641411,0.678407848,0.000000000,5,1,0
352,5.883333683,1,0.433394998,0.611248493,0.688333690,-0.360099345,0.338671327,-14.114070892,0.678407848,-0.000000000,5,1,0
353,5.900000095,1,0.444867224,0.604914784,0.688333690,-0.380024970,0.097910419,-14.591609001,0.678407848,0.000000000,5,1,0
354,5.916666985,1,0.456339449,0.598248899,0.688333690,-0.399950624,-0.146677166,-14.828408241,0.284793347,-24.282508850,5,1,0
355,5.933333874,1,0.467811674,0.591251016,0.688333690,-0.419876248,-0.393023610,-14.937321663,-0.275392860,-35.682994843,5,1,0
356,5.950000286,1,0.479283899,0.583920956,0.688333690,-0.439801872,-0.639920413,-14.971434593,-0.889458358,-39.665328979,5,1,0
357,5.966667175,1,0.490756124,0.576258838,0.688333690,-0.459727526,-0.886577129,-14.956541061,-1.677505255,-51.856098175,5,1,0
358,5.983333588,1,0.502228379,0.568264604,0.688333690,-0.479653180,-0.749537766,-0.000000000,-1.418632269,0.000000000,5,1,0
359,6.000000477,1,0.513700604,0.559938312,0.688333690,-0.499578804,-0.696938515,0.000000000,-1.319060922,-0.000000000,5,1,0
360,6.016666889,1,0.525172830,0.551279902,0.688333690,-0.519504428,-0.683235407,0.000000000,-1.103650093,-0.000000000,5,1,0
361,6.033333778,1,0.536645055,0.542289436,0.688333690,-0.539430082,-0.679665446,0.000000000,-0.988396347,7.457702637,5,1,0
362,6.050000191,1,0.548117280,0.532966852,0.688333690,-0.559355736,-0.678735375,0.000000000,-0.789212525,11.264160156,5,1,0
363,6.066667080,1,0.559589505,0.523312151,0.688333690,-0.579281390,-0.678492963,0.000000000,-0.571704268,13.157640457,5,1,0
364,6.083333492,1,0.571061730,0.513325334,0.688333690,-0.599207044,-0.678430021,-0.000000000,-0.338672251,14.114070892,5,1,0
365,6.100000381,1,0.582533956,0.503006458,0.688333690,-0.619132638,-0.678413332,-0.000000000,-0.097911358,14.591609001,5,1,0
366,6.116666794,1,0.594006181,0.492355496,0.688333690,-0.639058292,-0.678409040,0.000000000,0.146676227,14.828408241,5,1,0
367,6.133333683,1,0.605478406,0.481372416,0.688333690,-0.658983946,-0.678407967,0.000000000,0.393022656,14.937322617,5,1,0
368,6.150000095,1,0.616950631,0.470057249,0.688333690,-0.678909600,-0.678407848,0.000000000,0.639919877,14.971435547,5,1,0
369,6.166666985,1,0.628422856,0.458409965,0.688333690,-0.698835254,-0.678407848,0.000000000,0.886576653,14.956540108,5,1,0
370,6.183333874,1,0.620337486,0.458214045,-0.603183150,0.057788443,-0.678407848,-0.000000000,0.749537587,0.000000000,5,1,0
371,6.200000286,1,0.600029588,0.465321839,-1.218472242,0.426466465,-0.678407848,0.000000000,0.696938396,-0.000000000,10,1,0
372,6.216667175,1,0.579721749,0.472097486,-1.218472242,0.406540811,-0.284793288,24.282512665,0.683235288,0.000000000,10,1,0
373,6.233333588,1,0.559413850,0.478541076,-1.218472242,0.386615187,0.275392860,35.682994843,0.679665446,0.000000000,10,1,0
374,6.250000477,1,0.539106011,0.484652579,-1.218472242,0.366689533,0.889458001,39.665325165,0.678735077,-0.000000000,10,1,0
375,6.266666889,1,0.518798113,0.490431964,-1.218472242,0.346763909,1.677504897,51.856082916,0.678492844,0.000000000,10,1,0
376,6.283333778,1,0.498490244,0.495879263,-1.218472242,0.326838255,1.418629408,-0.000000000,0.678430021,0.000000000,10,1,0
377,6.300000191,1,0.478182375,0.500994503,-1.218472242,0.306912601,1.319058180,0.000000000,0.678413630,-0.000000000,10,1,0
378,6.316667080,1,0.457874477,0.505777597,-1.218472242,0.286986977,1.009675503,-7.406807899,0.284799039,-24.282508850,10,1,0
379,6.333333492,1,0.437566608,0.510228634,-1.218472242,0.267061323,0.826173782,-11.079418182,-0.275386900,-35.682994843,10,1,0
380,6.350000381,1,0.423091650,0.510249496,0.156965315,-0.663775086,0.610004187,-13.075320244,-0.889452457,-39.665325165,10,1,0
381,6.366666794,1,0.425707728,0.498854488,0.156965315,-0.683700740,0.377693176,-14.069569588,-1.677496672,-51.856067657,10,1,0
382,6.383333683,1,0.428323805,0.487127393,0.156965315,-0.703626394,0.137326375,-14.567245483,-1.418622732,-0.000000000,10,1,0
383,6.400000572,1,0.430939853,0.475068182,0.156965315,-0.723552048,-0.107058510,-14.815858841,-1.319048405,0.000000000,10,1,0
384,6.416666985,1,0.433555931,0.462676913,0.156965315,-0.743477702,-0.353331089,-14.932746887,-1.009671926,7.406813622,10,1,0
385,6.433333874,1,0.436172009,0.449953496,0.156965315,-0.763403296,-0.600252688,-14.972967148,-0.826170206,11.079428673,10,1,0
386,6.450000286,1,0.438788086,0.436898053,0.156965315,-0.783328950,-0.847015023,-14.963080406,-0.610000312,13.075325966,10,1,0
387,6.466667175,1,0.441404164,0.423510462,0.156965315,-0.803254604,-0.729440033,-0.000000000,-0.377689093,14.069573402,10,1,0
388,6.483333588,1,0.444020212,0.409790814,0.156965315,-0.823180199,-0.691702604,0.000000000,-0.137322158,14.567247391,10,1,0
389,6.500000477,1,0.446636289,0.395739019,0.156965315,-0.843105793,-0.681871355,-0.000000000,0.107062690,14.815860748,10,1,0
390,6.516666889,1,0.449252367,0.381355166,0.156965315,-0.863031387,-0.679310024,0.000000000,0.353335351,14.932746887,10,1,0
391,6.533333778,1,0.451868445,0.366639197,0.156965315,-0.882956982,-0.678642869,0.000000000,0.600257039,14.972966194,10,1,0
392,6.550000191,1,0.454484522,0.351591170,0.156965315,-0.902882576,-0.678468883,0.000000000,0.847019374,14.963080406,10,1,0
393,6.566667080,1,0.457100570,0.336211026,0.156965315,-0.922808170,-0.678423464,0.000000000,0.729442477,0.000000000,10,1,0
394,6.583333492,1,0.459716648,0.320498765,0.156965315,-0.942733765,-0.678411841,0.000000000,0.691703260,-0.000000000,10,1,0
395,6.600000381,1,0.462332726,0.304454446,0.156965315,-0.962659359,-0.678408802,-0.000000000,0.681871653,0.000000000,10,1,0
396,6.616666794,1,0.464948803,0.288078010,0.156965315,-0.982584953,-0.678407967,-0.000000000,0.679309845,0.000000000,10,1,0
397,6.633333683,1,0.467564881,0.271369517,0.156965315,-1.002510548,-0.678407848,0.000000000,0.678642571,-0.000000000,10,1,0
398,6.650000572,1,0.470180929,0.254328907,0.156965315,-1.022436142,-0.678407848,0.000000000,0.678468764,-0.000000000,10,1,0
399,6.666666985,1,0.472797006,0.236956194,0.156965315,-1.042361736,-0.678407848,-0.000000000,0.678423464,0.000000000,10,1,0
400,6.683333874,1,0.475413084,0.219251394,0.156965315,-1.062287331,-0.678407848,0.000000000,0.678411841,-0.000000000,10,1,0
401,6.700000286,1,0.478029162,0.201214507,0.156965315,-1.082212925,-0.678407848,-0.000000000,0.678408802,0.000000000,10,1,0
402,6.716667175,1,0.479983568,0.186140418,-0.033199094,0.296297848,-0.678407848,0.000000000,0.667722940,-4.054826260,10,1,0
403,6.733333588,1,0.479430258,0.190746620,-0.033199094,0.276372194,-0.678407848,-0.000000000,0.678997517,0.000000000,10,1,0
404,6.750000477,1,0.478876919,0.195020720,-0.033199094,0.256446540,-0.678407848,0.000000000,0.678561270,-0.000000000,10,1,0
405,6.766666889,1,0.478323609,0.198962733,-0.033199094,0.236520916,-0.678407848,-0.000000000,0.678447545,-0.000000000,10,1,0
406,6.783333778,1,0.477770269,0.202572659,-0.033199094,0.216595262,-0.678407848,0.000000000,0.678417861,0.000000000,10,1,0
407,6.800000191,1,0.477216959,0.205850482,-0.033199094,0.196669623,-0.678407848,-0.000000000,0.678410113,-0.000000000,10,1,0
408,6.816667080,1,0.476663649,0.208796218,-0.033199094,0.176743984,-0.678407848,0.000000000,0.678408206,0.000000000,10,1,0
409,6.833333492,1,0.476110309,0.211409852,-0.033199094,0.156818345,-0.678407848,-0.000000000,0.678407848,-0.000000000,10,1,0
410,6.850000381,1,0.475556999,0.213691399,-0.033199094,0.136892706,-0.678407848,0.000000000,0.678407848,-0.000000000,10,1,0
411,6.866666794,1,0.475003660,0.215640858,-0.033199094,0.116967060,-0.678407848,-0.000000000,0.678407848,-0.000000000,10,1,0
412,6.883333683,1,0.474450350,0.217258215,-0.033199094,0.097041413,-0.678407848,0.000000000,0.678407848,0.000000000,10,1,0
413,6.900000572,1,0.473897040,0.218543485,-0.033199094,0.077115774,-0.678407848,-0.000000000,0.678407848,-0.000000000,10,1,0
414,6.916666985,1,0.473343700,0.219496652,-0.033199094,0.057190131,-0.678407848,0.000000000,0.678407848,0.000000000,10,1,0
415,6.933333874,1,0.472790390,0.220117733,-0.033199094,0.037264489,-0.678407848,-0.000000000,0.678407848,-0.000000000,10,1,0
416,6.950000286,1,0.472237051,0.220406726,-0.033199094,0.017338850,-0.678407848,0.000000000,0.678407848,0.000000000,10,1,0
417,6.966667175,1,0.471683741,0.220363617,-0.033199094,-0.002586791,-0.678407848,-0.000000000,0.678407848,-0.000000000,10,1,0
418,6.983333588,1,0.471130431,0.219988421,-0.033199094,-0.022512432,-0.678407848,0.000000000,0.678407848,0.000000000,10,1,0
419,7.000000477,1,0.470577091,0.219281122,-0.033199094,-0.042438071,-0.678407848,-0.000000000,0.678407848,-0.000000000,10,1,0
420,7.016666889,1,0.470023781,0.218241736,-0.033199094,-0.062363714,-0.678407848,0.000000000,0.678407848,0.000000000,10,1,0
421,7.033333778,1,0.469470441,0.216870263,-0.033199094,-0.082289353,-0.678407848,-0.000000000,0.678407848,-0.000000000,10,1,0
422,7.050000191,1,0.468917131,0.215166688,-0.033199094,-0.102214992,-0.678407848,0.000000000,0.678407848,0.000000000,10,1,0
423,7.066667080,1,0.468363822,0.213130996,-0.033199094,-0.122140631,-0.678407848,-0.000000000,0.678407848,-0.000000000,10,1,0
424,7.083333492,1,0.467810482,0.210763216,-0.033199094,-0.142066270,-0.678407848,0.000000000,0.678407848,0.000000000,10,1,0
425,7.100000381,1,0.467257172,0.208063334,-0.033199094,-0.161991924,-0.678407848,-0.000000000,0.678407848,-0.000000000,10,1,0
426,7.116667271,1,0.466703832,0.205031365,-0.033199094,-0.181917563,-0.678407848,0.000000000,0.678407848,0.000000000,10,1,0
427,7.133333683,1,0.466150522,0.201667309,-0.033199094,-0.201843187,-0.678407848,-0.000000000,0.678407848,-0.000000000,10,1,0
428,7.150000572,1,0.465597212,0.197971165,-0.033199094,-0.221768826,-0.678407848,0.000000000,0.678407848,0.000000000,10,1,0
429,7.166666985,1,0.465043873,0.193942934,-0.033199094,-0.241694480,-0.678407848,-0.000000000,0.678407848,-0.000000000,10,1,0
430,7.183333874,1,0.464490563,0.189582601,-0.033199094,-0.261620104,-0.678407848,0.000000000,0.678407848,0.000000000,10,1,0
431,7.200000286,1,0.463937223,0.184890166,-0.033199094,-0.281545758,-0.678407848,-0.000000000,0.678407848,-0.000000000,10,1,0
432,7.216667175,1,0.463383913,0.179865628,-0.033199094,-0.301471412,-0.678407848,0.000000000,0.678407848,0.000000000,10,1,0
433,7.233333588,1,0.462830603,0.174509019,-0.033199094,-0.321397036,-0.678407848,-0.000000000,0.678407848,-0.000000000,10,1,0
434,7.250000477,1,0.460675865,0.171248063,-0.175861090,-0.089485213,-0.678407848,0.000000000,0.670706749,-0.718132377,10,1,0
435,7.266666889,1,0.457744837,0.169424564,-0.175861090,-0.109410845,-0.678407848,-0.000000000,0.679634511,0.000000000,10,1,0
436,7.283333778,1,0.454813808,0.167268947,-0.175861090,-0.129336491,-0.678407848,0.000000000,0.678727210,-0.000000000,10,1,0
437,7.300000191,1,0.451882780,0.164781243,-0.175861090,-0.149262130,-0.678407848,-0.000000000,0.678490937,-0.000000000,10,1,0
438,7.316667080,1,0.448951781,0.161961436,-0.175861090,-0.169187769,-0.284793347,24.282508850,0.678429306,-0.000000000,10,1,0
439,7.333333492,1,0.446020752,0.158809543,-0.175861090,-0.189113408,0.275392801,35.682994843,0.678413033,-0.000000000,10,1,0
440,7.350000381,1,0.443089724,0.155325562,-0.175861090,-0.209039047,0.889458060,39.665328979,0.678409040,0.000000000,10,1,0
441,7.366667271,1,0.440158695,0.151509479,-0.175861090,-0.228964686,1.677504778,51.856075287,0.678407967,-0.000000000,10,1,0
442,7.383333683,1,0.436763853,0.148223728,-0.203690603,-0.197144881,1.418630958,0.000000000,0.678407967,0.000012614,10,1,0
443,7.400000572,1,0.433251560,0.144824326,-0.210738063,-0.203964069,1.319059134,0.000000000,0.678407729,-0.000014337,10,1,0
444,7.416666985,1,0.429621845,0.141311228,-0.217785209,-0.210785896,1.103648782,0.000000000,0.678407848,0.000000015,10,1,0
445,7.433333874,1,0.425874621,0.137684435,-0.224832803,-0.217606977,0.988394856,-7.457700253,0.678407848,0.000000011,10,1,0
446,7.450000286,1,0.422009945,0.133943975,-0.231880277,-0.224428177,0.789211750,-11.264159203,0.678407848,0.000000009,10,1,0
447,7.466667175,1,0.418027818,0.130089819,-0.238927960,-0.231249124,0.571703315,-13.157641411,0.678407848,-0.000000022,10,1,0
448,7.483333588,1,0.413928211,0.126121983,-0.245975807,-0.238069743,0.338671327,-14.114070892,0.678407848,0.000000006,10,1,0
449,7.500000477,1,0.409711182,0.122040465,-0.253023118,-0.244891256,0.097910419,-14.591609001,0.678407848,-0.000000061,10,1,0
450,7.516666889,1,0.379318237,0.147644922,-1.823575735,1.536267877,-0.146677166,-14.828408241,0.455345273,-13.499433517,10,1,0
451,7.533333778,1,0.348925292,0.172917292,-1.823575735,1.516342282,-0.393023610,-14.937321663,-0.038070295,-30.971845627,10,1,0
452,7.550000191,1,0.318532377,0.197857574,-1.823575735,1.496416688,-0.639920413,-14.971434593,-0.631917000,-38.149482727,10,1,0
453,7.566667080,1,0.288139433,0.222465754,-1.823575735,1.476491094,-0.886577129,-14.956541061,-1.316175461,-50.133529663,10,1,0
454,7.583333492,1,0.257746518,0.246741846,-1.823575735,1.456565499,-0.749537766,-0.000000000,-1.077799678,0.000000000,10,1,0
455,7.600000381,1,0.227353573,0.270685852,-1.823575735,1.436639905,-0.696938515,0.000000000,-0.991841078,0.000000000,10,1,0
456,7.616667271,1,0.196960643,0.294297755,-1.823575735,1.416714311,-0.683235407,0.000000000,-0.969923675,0.000000000,10,1,0
457,7.633333683,1,0.182534918,0.322581351,-0.586227477,1.762896538,-0.679665446,0.000000000,-0.845475495,7.486793995,10,1,0
458,7.650000572,1,0.183019280,0.358107597,0.029061604,2.131574631,-0.678735375,0.000000000,-0.658219397,11.303372383,15,1,0
459,7.666666985,1,0.183503643,0.393301755,0.029061604,2.111649036,-0.678492963,0.000000000,-0.439820617,13.212392807,15,1,0
460,7.683333874,1,0.183988005,0.428163826,0.029061604,2.091723204,-0.678430021,-0.000000000,-0.206105903,14.156204224,15,1,0
461,7.700000286,1,0.184472352,0.462693781,0.029061604,2.071797609,-0.678413332,-0.000000000,0.035120632,14.620406151,15,1,0
462,7.716667175,1,0.184956715,0.496891648,0.029061604,2.051871777,-0.678409040,0.000000000,0.279942334,14.842906952,15,1,0
463,7.733333588,1,0.185441077,0.530757427,0.029061604,2.031946182,-0.678407967,0.000000000,0.526282489,14.936944962,15,1,0
464,7.750000477,1,0.185925439,0.564291120,0.029061604,2.012020588,-0.678407848,0.000000000,0.772935867,14.956320763,15,1,0
465,7.766666889,1,0.186409801,0.597492695,0.029061604,1.992094755,-0.678407848,0.000000000,0.702997506,0.000000000,15,1,0
466,7.783333778,1,0.186894149,0.630362153,0.029061604,1.972169161,-0.678407848,-0.000000000,0.684813976,0.000000000,15,1,0
467,7.800000191,1,0.187378511,0.662899613,0.029061604,1.952243447,-0.678407848,0.000000000,0.680076480,0.000000000,15,1,0
468,7.816667080,1,0.187862873,0.695104897,0.029061604,1.932317734,-0.284793288,24.282512665,0.678842604,0.000000000,15,1,0
469,7.833333969,1,0.188347235,0.726978123,0.029061604,1.912392020,0.275392860,35.682994843,0.678520977,0.000000000,15,1,0
470,7.850000381,1,0.188831598,0.758519232,0.029061604,1.892466307,0.889458001,39.665325165,0.678437173,-0.000000000,15,1,0
471,7.866667271,1,0.189315945,0.789728224,0.029061604,1.872540712,1.677504897,51.856082916,0.678415477,-0.000000000,15,1,0
472,7.883333683,1,0.189800307,0.820605099,0.029061604,1.852614999,1.418629408,-0.000000000,0.678409755,-0.000000000,15,1,0
473,7.900000572,1,0.190284669,0.851149917,0.029061604,1.832689285,1.319058180,0.000000000,0.678408206,-0.000000000,15,1,0
474,7.916666985,1,0.190769032,0.881362617,0.029061604,1.812763572,1.009675503,-7.406807899,0.284793645,-24.282510757,15,1,0
475,7.933333874,1,0.195827514,0.888524234,0.596618891,-0.955680847,0.826173782,-11.079418182,-0.275392592,-35.682994843,15,1,0
476,7.950000286,1,0.205771163,0.872264087,0.596618891,-0.975606441,0.610004187,-13.075320244,-0.889458179,-39.665328979,15,1,0
477,7.966667175,1,0.215714812,0.855671883,0.596618891,-0.995532036,0.377693176,-14.069569588,-1.677505255,-51.856094360,15,1,0
478,7.983333588,1,0.225658461,0.838747621,0.596618891,-1.015457630,0.137326375,-14.567245483,-1.418632150,0.000000000,15,1,0
479,8.000000000,1,0.235602111,0.821491241,0.596618891,-1.035383224,-0.107058510,-14.815858841,-1.319059968,-0.000000000,15,1,0
480,8.016667366,1,0.245545775,0.803902745,0.596618891,-1.055308819,-0.353331089,-14.932746887,-1.009676099,7.406810760,15,1,0
481,8.033333778,1,0.255489409,0.785982132,0.596618891,-1.075234413,-0.600252688,-14.972967148,-0.826174557,11.079417229,15,1,0
482,8.050000191,1,0.265433073,0.767729461,0.596618891,-1.095160007,-0.847015023,-14.963080406,-0.610004783,13.075321198,15,1,0
483,8.066667557,1,0.275376737,0.749144673,0.596618891,-1.115085602,-0.729440033,-0.000000000,-0.377693594,14.069569588,15,1,0
484,8.083333969,1,0.285320371,0.730227828,0.596618891,-1.135011196,-0.691702604,0.000000000,-0.137326762,14.567244530,15,1,0
485,8.100000381,1,0.295264035,0.710978866,0.596618891,-1.154936790,-0.681871355,-0.000000000,0.107058212,14.815858841,15,1,0
486,8.116666794,1,0.305207670,0.691397846,0.596618891,-1.174862385,-0.679310024,0.000000000,0.353330791,14.932746887,15,1,0
487,8.133334160,1,0.315151334,0.671484709,0.596618891,-1.194787979,-0.678642869,0.000000000,0.600252748,14.972966194,15,1,0
488,8.150000572,1,0.325094998,0.651239514,0.596618891,-1.214713573,-0.678468883,0.000000000,0.847015023,14.963080406,15,1,0
489,8.166666985,1,0.335038632,0.630662143,0.596618891,-1.234639168,-0.678423464,0.000000000,0.729440033,0.000000000,15,1,0
490,8.183333397,1,0.320171297,0.634241164,-0.856980801,0.179680794,-0.678411841,0.000000000,0.691702545,0.000000000,15,1,0
491,8.200000763,1,0.297311902,0.645480156,-1.371564865,0.674339175,-0.678408802,-0.000000000,0.681871533,0.000000000,15,1,0
492,8.216667175,1,0.274452507,0.656387031,-1.371564865,0.654413581,-0.678407967,-0.000000000,0.679309845,0.000000000,15,1,0
493,8.233333588,1,0.251593083,0.666961849,-1.371564865,0.634487927,-0.678407848,0.000000000,0.678642571,-0.000000000,15,1,0
494,8.250000000,1,0.228733689,0.677204549,-1.371564865,0.614562273,-0.678407848,0.000000000,0.678468764,-0.000000000,15,1,0
495,8.266667366,1,0.205874279,0.687115192,-1.371564865,0.594636619,-0.678407848,-0.000000000,0.678423464,0.000000000,15,1,0
496,8.283333778,1,0.183014855,0.696693718,-1.371564865,0.574710965,-0.678407848,0.000000000,0.678411841,-0.000000000,15,1,0
497,8.300000191,1,0.160155445,0.705940127,-1.371564865,0.554785371,-0.678407848,-0.000000000,0.678408802,0.000000000,15,1,0
498,8.316667557,1,0.137296021,0.714854479,-1.371564865,0.534859717,-0.678407848,0.000000000,0.678407967,-0.000000000,15,1,0
499,8.333333969,1,0.114436604,0.723436713,-1.371564865,0.514934063,-0.678407848,-0.000000000,0.678407848,0.000000000,15,1,0
500,8.350000381,1,0.091577187,0.731686890,-1.371564865,0.495008409,-0.678407848,0.000000000,0.678407848,-0.000000000,15,1,0
501,8.366666794,1,0.068717763,0.739604890,-1.371564865,0.475082785,-0.678407848,-0.000000000,0.678407848,0.000000000,15,1,0
502,8.383334160,1,0.045858350,0.747190833,-1.371564865,0.455157131,-0.678407848,0.000000000,0.678407848,-0.000000000,15,1,0
503,8.400000572,1,0.022998935,0.754444718,-1.371564865,0.435231507,-0.678407848,-0.000000000,0.678407848,0.000000000,15,1,0
504,8.416666985,1,0.036785632,0.761733949,0.768076301,0.437355191,-0.678407848,0.000000000,0.678407848,-0.000000000,15,1,0
505,8.433333397,1,0.049586903,0.768691123,0.768076301,0.417429537,-0.678407848,-0.000000000,0.678407848,0.000000000,15,1,0
506,8.450000763,1,0.062388174,0.775316179,0.768076301,0.397503912,-0.678407848,0.000000000,0.678407848,-0.000000000,15,1,0
507,8.466667175,1,0.075189449,0.781609178,0.768076301,0.377578259,-0.678407848,-0.000000000,0.678407848,0.000000000,15,1,0
508,8.483333588,1,0.087990716,0.787570059,0.768076301,0.357652605,-0.678407848,0.000000000,0.678407848,-0.000000000,15,1,0
509,8.500000000,1,0.100791991,0.793198824,0.768076301,0.337726980,-0.678407848,-0.000000000,0.678407848,0.000000000,15,1,0
510,8.516667366,1,0.113593265,0.798495531,0.768076301,0.317801327,-0.678407848,0.000000000,0.678407848,-0.000000000,15,1,0
511,8.533333778,1,0.126394540,0.803460121,0.768076301,0.297875702,-0.678407848,-0.000000000,0.678407848,0.000000000,15,1,0
512,8.550000191,1,0.139195830,0.808092594,0.768076301,0.277950048,-0.678407848,0.000000000,0.678407848,-0.000000000,15,1,0
513,8.566667557,1,0.151997104,0.812393010,0.768076301,0.258024395,-0.678407848,-0.000000000,0.678407848,0.000000000,15,1,0
514,8.583333969,1,0.164798379,0.816361308,0.768076301,0.238098770,-0.678407848,0.000000000,0.678407848,-0.000000000,15,1,0
515,8.600000381,1,0.177599654,0.819997609,0.768076301,0.218173116,-0.678407848,-0.000000000,0.678407848,0.000000000,15,1,0
516,8.616666794,1,0.190400928,0.823301673,0.768076301,0.198247477,-0.678407848,0.000000000,0.678407848,-0.000000000,15,1,0
517,8.633334160,1,0.203202203,0.826273739,0.768076301,0.178321838,-0.678407848,-0.000000000,0.678407848,0.000000000,15,1,0
518,8.650000572,1,0.216003463,0.828913689,0.768076301,0.158396199,-0.678407848,0.000000000,0.678407848,-0.000000000,15,1,0
519,8.666666985,1,0.228804737,0.831221461,0.768076301,0.138470560,-0.678407848,-0.000000000,0.678407848,0.000000000,15,1,0
520,8.683333397,1,0.241605997,0.833197236,0.768076301,0.118544914,-0.678407848,0.000000000,0.678407848,-0.000000000,15,1,0
521,8.700000763,1,0.254407257,0.834840894,0.768076301,0.098619267,-0.678407848,-0.000000000,0.678407848,0.000000000,15,1,0
522,8.716667175,1,0.267208517,0.836152434,0.768076301,0.078693628,-0.678407848,0.000000000,0.678407848,-0.000000000,15,1,0
523,8.733333588,1,0.280009806,0.837131858,0.768076301,0.058767986,-0.678407848,-0.000000000,0.678407848,0.000000000,15,1,0
524,8.750000000,1,0.292811066,0.837779224,0.768076301,0.038842343,-0.678407848,0.000000000,0.678407848,-0.000000000,15,1,0
525,8.766667366,1,0.305612326,0.838094532,0.768076301,0.018916704,-0.678407848,-0.000000000,0.678407848,0.000000000,15,1,0
526,8.783333778,1,0.318413585,0.838077724,0.768076301,-0.001008937,-0.678407848,0.000000000,0.678407848,-0.000000000,15,1,0
527,8.800000191,1,0.331214845,0.837728798,0.768076301,-0.020934578,-0.678407848,-0.000000000,0.678407848,0.000000000,15,1,0
528,8.816667557,1,0.344016135,0.837047756,0.768076301,-0.040860217,-0.678407848,0.000000000,0.678407848,-0.000000000,15,1,0
529,8.833333969,1,0.356817394,0.836034656,0.768076301,-0.060785860,-0.678407848,-0.000000000,0.678407848,0.000000000,15,1,0
530,8.850000381,1,0.369618654,0.834689498,0.768076301,-0.080711499,-0.678407848,0.000000000,0.678407848,-0.000000000,15,1,0
531,8.866666794,1,0.382419914,0.833012223,0.768076301,-0.100637138,-0.678407848,-0.000000000,0.678407848,0.000000000,15,1,0
532,8.883334160,1,0.395221174,0.831002831,0.768076301,-0.120562777,-0.678407848,0.000000000,0.678407848,-0.000000000,15,1,0
533,8.900000572,1,0.408022463,0.828661323,0.768076301,-0.140488416,-0.678407848,-0.000000000,0.678407848,0.000000000,15,1,0
534,8.916666985,1,0.420823723,0.825987816,0.768076301,-0.160414070,-0.284793347,24.282508850,0.678407848,-0.000000000,15,1,0
535,8.933333397,1,0.433624983,0.822982132,0.768076301,-0.180339709,0.275392801,35.682994843,0.678407848,0.000000000,15,1,0
536,8.950000763,1,0.446426243,0.819644332,0.768076301,-0.200265333,0.889458060,39.665328979,0.678407848,-0.000000000,15,1,0
537,8.966667175,1,0.459227502,0.815974534,0.768076301,-0.220190972,1.677504778,51.856075287,0.678407848,0.000000000,15,1,0
538,8.983333588,1,0.472028792,0.811972618,0.768076301,-0.240116626,1.418630958,0.000000000,0.678407848,-0.000000000,15,1,0
539,9.000000000,1,0.484830052,0.807638526,0.768076301,-0.260042250,1.319059134,0.000000000,0.678407848,0.000000000,15,1,0
540,9.016667366,1,0.497631311,0.802972436,0.768076301,-0.279967904,1.103648782,0.000000000,0.678407848,-0.000000000,15,1,0
541,9.033333778,1,0.510432601,0.797974229,0.768076301,-0.299893558,0.988394856,-7.457700253,0.678407848,0.000000000,15,1,0
542,9.050000191,1,0.523233831,0.792643905,0.768076301,-0.319819182,0.789211750,-11.264159203,0.678407848,-0.000000000,15,1,0
543,9.066667557,1,0.536035120,0.786981463,0.768076301,-0.339744836,0.571703315,-13.157641411,0.678407848,0.000000000,15,1,0
544,9.083333969,1,0.548836350,0.780986965,0.768076301,-0.359670460,0.338671327,-14.114070892,0.678407848,-0.000000000,15,1,0
545,9.100000381,1,0.561637640,0.774660408,0.768076301,-0.379596114,0.097910419,-14.591609001,0.678407848,0.000000000,15,1,0
546,9.116666794,1,0.574438930,0.768001676,0.768076301,-0.399521768,-0.146677166,-14.828408241,0.284793347,-24.282508850,15,1,0
547,9.133334160,1,0.587240160,0.761010945,0.768076301,-0.419447362,-0.393023610,-14.937321663,-0.275392860,-35.682994843,15,1,0
548,9.150000572,1,0.600041449,0.753688037,0.768076301,-0.439373016,-0.639920413,-14.971434593,-0.889458358,-39.665328979,15,1,0
549,9.166666985,1,0.612842679,0.746033072,0.768076301,-0.459298670,-0.886577129,-14.956541061,-1.677505255,-51.856098175,15,1,0
550,9.183333397,1,0.625643969,0.738045990,0.768076301,-0.479224294,-0.749537766,-0.000000000,-1.418632269,0.000000000,15,1,0
551,9.200000763,1,0.638445258,0.729726791,0.768076301,-0.499149948,-0.696938515,0.000000000,-1.319060922,-0.000000000,15,1,0
552,9.216667175,1,0.651246488,0.721075535,0.768076301,-0.519075572,-0.683235407,0.000000000,-1.103650093,-0.000000000,15,1,0
553,9.233333588,1,0.664047778,0.712092161,0.768076301,-0.539001226,-0.679665446,0.000000000,-0.988396347,7.457702637,15,1,0
554,9.250000954,1,0.676849008,0.702776730,0.768076301,-0.558926880,-0.678735375,0.000000000,-0.789212525,11.264160156,15,1,0
555,9.266667366,1,0.689650297,0.693129182,0.768076301,-0.578852534,-0.678492963,0.000000000,-0.571704268,13.157640457,15,1,0
556,9.283333778,1,0.692962706,0.683500290,-0.430122763,-0.549358368,-0.678430021,-0.000000000,-0.338672251,14.114070892,15,1,0
557,9.300000191,1,0.685793996,0.674012244,-0.430122763,-0.569284022,-0.678413332,-0.000000000,-0.097911358,14.591609001,15,1,0
558,9.316667557,1,0.678625226,0.664192080,-0.430122763,-0.589209676,-0.678409040,0.000000000,0.146676227,14.828408241,15,1,0
559,9.333333969,1,0.671456516,0.654039800,-0.430122763,-0.609135270,-0.678407967,0.000000000,0.393022656,14.937322617,15,1,0
560,9.350000381,1,0.664287806,0.643555462,-0.430122763,-0.629060924,-0.678407848,0.000000000,0.639919877,14.971435547,15,1,0
561,9.366666794,1,0.657119095,0.632739007,-0.430122763,-0.648986578,-0.678407848,0.000000000,0.886576653,14.956540108,15,1,0
562,9.383334160,1,0.649950385,0.621590495,-0.430122763,-0.668912232,-0.678407848,-0.000000000,0.749537587,0.000000000,15,1,0
563,9.400000572,1,0.642781615,0.610109866,-0.430122763,-0.688837886,-0.678407848,0.000000000,0.696938396,-0.000000000,15,1,0
564,9.416666985,1,0.635612905,0.598297119,-0.430122763,-0.708763480,-0.284793288,24.282512665,0.683235288,0.000000000,15,1,0
565,9.433333397,1,0.628444195,0.586152315,-0.430122763,-0.728689134,0.275392860,35.682994843,0.679665446,0.000000000,15,1,0
566,9.450000763,1,0.621275485,0.573675394,-0.430122763,-0.748614788,0.889458001,39.665325165,0.678735077,-0.000000000,15,1,0
567,9.466667175,1,0.614106774,0.560866416,-0.430122763,-0.768540442,1.677504897,51.856082916,0.678492844,0.000000000,15,1,0
568,9.483333588,1,0.606938004,0.547725320,-0.430122763,-0.788466096,1.418629408,-0.000000000,0.678430021,0.000000000,15,1,0
569,9.500000954,1,0.599769294,0.534252107,-0.430122763,-0.808391690,1.319058180,0.000000000,0.678413630,-0.000000000,15,1,0
570,9.516667366,1,0.592600584,0.520446837,-0.430122763,-0.828317285,1.009675503,-7.406807899,0.284799039,-24.282508850,15,1,0
571,9.533333778,1,0.585431874,0.506309450,-0.430122763,-0.848242879,0.826173782,-11.079418182,-0.275386900,-35.682994843,15,1,0
572,9.550000191,1,0.578263164,0.491839975,-0.430122763,-0.868168473,0.610004187,-13.075320244,-0.889452457,-39.665325165,15,1,0
573,9.566667557,1,0.571094394,0.477038443,-0.430122763,-0.888094068,0.377693176,-14.069569588,-1.677496672,-51.856067657,15,1,0
574,9.583333969,1,0.563925683,0.461904764,-0.430122763,-0.908019662,0.137326375,-14.567245483,-1.418622732,-0.000000000,15,1,0
575,9.600000381,1,0.556756973,0.446439028,-0.430122763,-0.927945256,-0.107058510,-14.815858841,-1.319048405,0.000000000,15,1,0
576,9.616666794,1,0.549588263,0.430641174,-0.430122763,-0.947870851,-0.353331089,-14.932746887,-1.009671926,7.406813622,15,1,0
577,9.633334160,1,0.542419553,0.414511263,-0.430122763,-0.967796445,-0.600252688,-14.972967148,-0.826170206,11.079428673,15,1,0
578,9.650000572,1,0.535250783,0.398049206,-0.430122763,-0.987722039,-0.847015023,-14.963080406,-0.610000312,13.075325966,15,1,0
579,9.666666985,1,0.528082073,0.381255090,-0.430122763,-1.007647634,-0.729440033,-0.000000000,-0.377689093,14.069573402,15,1,0
580,9.683333397,1,0.520913363,0.364128858,-0.430122763,-1.027573228,-0.691702604,0.000000000,-0.137322158,14.567247391,15,1,0
581,9.700000763,1,0.513744652,0.346670538,-0.430122763,-1.047498822,-0.681871355,-0.000000000,0.107062690,14.815860748,15,1,0
582,9.716667175,1,0.506575942,0.328880131,-0.430122763,-1.067424417,-0.679310024,0.000000000,0.353335351,14.932746887,15,1,0
583,9.733333588,1,0.499407202,0.310757607,-0.430122763,-1.087350011,-0.678642869,0.000000000,0.600257039,14.972966194,15,1,0
584,9.750000954,1,0.492238462,0.292303026,-0.430122763,-1.107275605,-0.678468883,0.000000000,0.847019374,14.963080406,15,1,0
585,9.766667366,1,0.485069752,0.273516327,-0.430122763,-1.127201200,-0.678423464,0.000000000,0.729442477,0.000000000,15,1,0
586,9.783333778,1,0.477901042,0.254397541,-0.430122763,-1.147126794,-0.678411841,0.000000000,0.691703260,-0.000000000,15,1,0
587,9.800000191,1,0.470732301,0.234946653,-0.430122763,-1.167052388,-0.678408802,-0.000000000,0.681871653,0.000000000,15,1,0
588,9.816667557,1,0.463563591,0.215163678,-0.430122763,-1.186977983,-0.678407967,-0.000000000,0.679309845,0.000000000,15,1,0
589,9.833333969,1,0.456394851,0.195048615,-0.430122763,-1.206903577,-0.678407848,0.000000000,0.678642571,-0.000000000,15,1,0
590,9.850000381,1,0.449226141,0.174601465,-0.430122763,-1.226829171,-0.678407848,0.000000000,0.678468764,-0.000000000,15,1,0
591,9.866666794,1,0.442057431,0.153822213,-0.430122763,-1.246754766,-0.678407848,-0.000000000,0.678423464,0.000000000,15,1,0
592,9.883334160,1,0.428464353,0.143464983,-0.849760830,-0.538635135,-0.678407848,0.000000000,0.686303914,0.551536500,15,1,0
593,9.900000572,1,0.414301693,0.134155631,-0.849760830,-0.558560729,-0.678407848,-0.000000000,0.691904664,0.000000000,15,1,0
594,9.916666985,1,0.400139004,0.124514185,-0.849760830,-0.578486383,-0.678407848,0.000000000,0.681923985,-0.000000000,15,1,0
595,9.933333397,1,0.385976315,0.114540651,-0.849760830,-0.598412037,-0.678407848,-0.000000000,0.679323912,-0.000000000,15,1,0
596,9.950000763,1,0.371813625,0.104235016,-0.849760830,-0.618337691,-0.678407848,0.000000000,0.678646326,-0.000000000,15,1,0
597,9.966667175,1,0.357650936,0.093597293,-0.849760830,-0.638263345,-0.678407848,-0.000000000,0.678469718,-0.000000000,15,1,0
598,9.983333588,1,0.343488276,0.082627475,-0.849760830,-0.658188939,-0.678407848,0.000000000,0.678424060,0.000000000,15,1,0
599,10.000000954,1,0.329325587,0.071325563,-0.849760830,-0.678114593,-0.678407848,-0.000000000,0.678411841,-0.000000000,15,1,0
600,10.016667366,1,0.315162897,0.059691560,-0.849760830,-0.698040247,-0.678407848,0.000000000,0.678408802,-0.000000000,15,1,0
601,10.033333778,1,0.301000208,0.047725461,-0.849760830,-0.717965901,-0.678407848,-0.000000000,0.678407967,-0.000000000,15,1,0
602,10.050000191,1,0.286837518,0.035427269,-0.849760830,-0.737891555,-0.678407848,0.000000000,0.678407848,0.000000000,15,0,1
603,10.066667557,1,0.272666276,0.024024980,-0.881660938,0.151563451,-0.678407848,-0.000000000,0.678407848,-0.000000000,15,0,1
604,10.083333969,1,0.257971942,0.026218945,-0.881660938,0.131637812,-0.678407848,0.000000000,0.678407848,0.000000000,15,0,1
605,10.100000381,1,0.243277580,0.028080815,-0.881660938,0.111712173,-0.678407848,-0.000000000,0.678407848,-0.000000000,15,0,1
606,10.116666794,1,0.228583217,0.029610593,-0.881660938,0.091786526,-0.678407848,0.000000000,0.678407848,0.000000000,15,0,1
607,10.133334160,1,0.213888854,0.030808274,-0.881660938,0.071860887,-0.678407848,-0.000000000,0.678407848,-0.000000000,15,0,1
608,10.150000572,1,0.199194521,0.031673860,-0.881660938,0.051935244,-0.678407848,0.000000000,0.678407848,0.000000000,15,0,1
609,10.166666985,1,0.184500173,0.032207355,-0.881660938,0.032009602,-0.678407848,-0.000000000,0.678407848,-0.000000000,15,0,1
610,10.183333397,1,0.169805825,0.032408752,-0.881660938,0.012083961,-0.678407848,0.000000000,0.678407848,0.000000000,15,0,1
611,10.200000763,1,0.155111477,0.032278057,-0.881660938,-0.007841679,-0.678407848,-0.000000000,0.678407848,-0.000000000,15,0,1
612,10.216667175,1,0.140417129,0.031815268,-0.881660938,-0.027767319,-0.678407848,0.000000000,0.678407848,0.000000000,15,0,1
613,10.233333588,1,0.125722796,0.031020388,-0.881660938,-0.047692962,-0.678407848,-0.000000000,0.678407848,-0.000000000,15,0,1
614,10.250000954,2,0.735000014,0.033167906,0.000000000,-0.019925641,-0.678407848,0.000000000,0.678407848,0.000000000,15,0,0
615,10.266667366,2,0.735000014,0.032503717,0.000000000,-0.039851282,-0.678407848,-0.000000000,0.678407848,-0.000000000,15,0,0
616,10.283333778,2,0.735000014,0.031507432,0.000000000,-0.059776921,-0.678407848,0.000000000,0.678407848,0.000000000,15,0,0
617,10.300000191,2,0.735000014,0.030179057,0.000000000,-0.079702564,-0.678407848,-0.000000000,0.678407848,-0.000000000,15,0,0
618,10.316667557,2,0.735000014,0.028518587,0.000000000,-0.099628203,-0.678407848,0.000000000,0.678407848,0.000000000,15,0,0
619,10.333333969,2,0.735000014,0.026526023,0.000000000,-0.119553842,-0.678407848,-0.000000000,0.678407848,-0.000000000,15,0,0
620,10.350000381,2,0.735000014,0.024201363,0.000000000,-0.139479488,-0.678407848,0.000000000,0.678407848,0.000000000,15,0,0
621,10.366666794,2,0.735000014,0.024732713,0.000000000,0.031881023,-0.678407848,-0.000000000,0.678407848,-0.000000000,15,0,0
622,10.383334160,2,0.735000014,0.024931971,0.000000000,0.011955382,-0.678407848,0.000000000,0.678407848,0.000000000,15,0,0
623,10.400000572,2,0.735000014,0.024799133,0.000000000,-0.007970259,-0.678407848,-0.000000000,0.678407848,-0.000000000,15,0,0
624,10.416666985,2,0.735000014,0.024334202,0.000000000,-0.027895898,-0.678407848,0.000000000,0.678407848,0.000000000,15,0,0
625,10.433334351,2,0.735000014,0.024334202,0.000000000,0.000000000,-0.678407848,-0.000000000,0.678407848,-0.000000000,15,0,0
626,10.450000763,2,0.735000014,0.056702115,0.000000000,1.942074418,-0.678407848,0.000000000,0.678407848,0.000000000,15,1,0
627,10.466667175,2,0.735000014,0.088737927,0.000000000,1.922148705,-0.678407848,-0.000000000,0.678407848,-0.000000000,15,1,0
628,10.483333588,2,0.735000014,0.120441653,0.000000000,1.902222991,-0.678407848,0.000000000,0.678407848,0.000000000,15,1,0
629,10.500000954,2,0.735000014,0.151813269,0.000000000,1.882297277,-0.678407848,-0.000000000,0.678407848,-0.000000000,15,1,0
630,10.516667366,2,0.735000014,0.182852790,0.000000000,1.862371683,-0.678407848,0.000000000,0.678407848,0.000000000,15,1,0
631,10.533333778,2,0.735000014,0.213560224,0.000000000,1.842445970,-0.678407848,-0.000000000,0.678407848,-0.000000000,15,1,0
632,10.550000191,2,0.735000014,0.243935555,0.000000000,1.822520256,-0.678407848,0.000000000,0.678407848,0.000000000,15,1,0
633,10.566667557,2,0.735000014,0.273978800,0.000000000,1.802594543,-0.678407848,-0.000000000,0.678407848,-0.000000000,15,1,0
634,10.583333969,2,0.735000014,0.303689957,0.000000000,1.782668829,-0.678407848,0.000000000,0.678407848,0.000000000,15,1,0
635,10.600000381,2,0.735000014,0.333069026,0.000000000,1.762743235,-0.678407848,-0.000000000,0.678407848,-0.000000000,15,1,0
636,10.616666794,2,0.735000014,0.362115979,0.000000000,1.742817521,-0.678407848,0.000000000,0.678407848,0.000000000,15,1,0
637,10.633334160,2,0.735000014,0.390830845,0.000000000,1.722891808,-0.678407848,-0.000000000,0.678407848,-0.000000000,15,1,0
638,10.650000572,2,0.735000014,0.419213623,0.000000000,1.702966094,-0.678407848,0.000000000,0.678407848,0.000000000,15,1,0
639,10.666666985,2,0.735000014,0.447264284,0.000000000,1.683040380,-0.678407848,-0.000000000,0.678407848,-0.000000000,15,1,0
640,10.683334351,2,0.735000014,0.474982888,0.000000000,1.663114786,-0.678407848,0.000000000,0.678407848,0.000000000,15,1,0
641,10.700000763,2,0.735000014,0.502369344,0.000000000,1.643189073,-0.678407848,-0.000000000,0.678407848,-0.000000000,15,1,0
642,10.716667175,2,0.735000014,0.529423773,0.000000000,1.623263359,-0.678407848,0.000000000,0.678407848,0.000000000,15,1,0
643,10.733333588,2,0.735000014,0.556146026,0.000000000,1.603337646,-0.678407848,-0.000000000,0.678407848,-0.000000000,15,1,0
644,10.750000954,2,0.735000014,0.582536280,0.000000000,1.583412051,-0.678407848,0.000000000,0.678407848,0.000000000,15,1,0
645,10.766667366,2,0.735000014,0.608594358,0.000000000,1.563486457,-0.678407848,-0.000000000,0.678407848,-0.000000000,15,1,0
646,10.783333778,2,0.735000014,0.634320378,0.000000000,1.543560863,-0.678407848,0.000000000,0.678407848,0.000000000,15,1,0
647,10.800000191,2,0.735000014,0.659714341,0.000000000,1.523635268,-0.678407848,-0.000000000,0.678407848,-0.000000000,15,1,0
648,10.816667557,2,0.735000014,0.684776187,0.000000000,1.503709674,-0.678407848,0.000000000,0.678407848,0.000000000,15,1,0
649,10.833333969,2,0.735000014,0.709505916,0.000000000,1.483784080,-0.678407848,-0.000000000,0.678407848,-0.000000000,15,1,0
650,10.850000381,2,0.735000014,0.733903527,0.000000000,1.463858485,-0.678407848,0.000000000,0.678407848,0.000000000,15,1,0
651,10.866666794,2,0.735000014,0.757969081,0.000000000,1.443932891,-0.678407848,-0.000000000,0.678407848,-0.000000000,15,1,0
652,10.883334160,2,0.735000014,0.781702578,0.000000000,1.424007297,-0.678407848,0.000000000,0.678407848,0.000000000,15,1,0
653,10.900000572,2,0.735000014,0.805103958,0.000000000,1.404081702,-0.678407848,-0.000000000,0.678407848,-0.000000000,15,1,0
654,10.916666985,2,0.735000014,0.828173280,0.000000000,1.384156108,-0.678407848,0.000000000,0.678407848,0.000000000,15,1,0
655,10.933334351,2,0.735000014,0.850910485,0.000000000,1.364230514,-0.678407848,-0.000000000,0.678407848,-0.000000000,15,1,0
656,10.950000763,2,0.735000014,0.873315513,0.000000000,1.344304919,-0.678407848,0.000000000,0.678407848,0.000000000,15,1,0
657,10.966667175,2,0.735000014,0.895388484,0.000000000,1.324379325,-0.678407848,-0.000000000,0.678407848,-0.000000000,15,1,0
658,10.983333588,2,0.735000014,0.917129397,0.000000000,1.304453731,-0.678407848,0.000000000,0.678407848,0.000000000,15,1,0
659,11.000000954,2,0.735000014,0.938538253,0.000000000,1.284528136,-0.678407848,-0.000000000,0.678407848,-0.000000000,15,1,0
660,11.016667366,2,0.735000014,0.959614933,0.000000000,1.264602542,-0.678407848,0.000000000,0.678407848,0.000000000,15,1,0
661,11.033333778,2,0.735000014,0.980359554,0.000000000,1.244676948,-0.678407848,-0.000000000,0.678407848,-0.000000000,15,1,0
662,11.050000191,2,0.735000014,1.000772119,0.000000000,1.224751353,-0.678407848,0.000000000,0.678407848,0.000000000,15,1,0
663,11.066667557,2,0.735000014,1.020852566,0.000000000,1.204825759,-0.678407848,-0.000000000,0.678407848,-0.000000000,15,1,0
664,11.083333969,2,0.735000014,1.040600896,0.000000000,1.184900165,-0.678407848,0.000000000,0.678407848,0.000000000,15,1,0
665,11.100000381,2,0.735000014,1.060017109,0.000000000,1.164974570,-0.678407848,-0.000000000,0.678407848,-0.000000000,15,1,0
666,11.116666794,2,0.735000014,1.079101324,0.000000000,1.145048976,-0.678407848,0.000000000,0.678407848,0.000000000,15,1,0
667,11.133334160,2,0.735000014,1.097853422,0.000000000,1.125123382,-0.678407848,-0.000000000,0.678407848,-0.000000000,15,1,0
668,11.150000572,2,0.735000014,1.116273284,0.000000000,1.105197787,-0.284793347,24.282508850,0.678407848,0.000000000,15,1,0
669,11.166666985,2,0.735000014,1.134361148,0.000000000,1.085272193,0.275392801,35.682994843,0.678407848,-0.000000000,15,1,0
670,11.183334351,2,0.729734838,1.150022745,-0.253026664,0.946801484,0.889458060,39.665328979,0.678407848,0.000000000,15,1,0
671,11.200000763,2,0.725517750,1.165470719,-0.253026664,0.926875889,1.677504778,51.856075287,0.678407848,-0.000000000,15,1,0
672,11.216667175,2,0.721300662,1.180586576,-0.253026664,0.906950295,1.418630958,0.000000000,0.678407848,0.000000000,15,1,0
673,11.233333588,2,0.717083573,1.195370317,-0.253026664,0.887024701,1.319059134,0.000000000,0.678407848,-0.000000000,15,1,0
674,11.250000954,2,0.712866426,1.209821939,-0.253026664,0.867099106,1.103648782,0.000000000,0.678407848,0.000000000,15,1,0
675,11.266667366,2,0.706063628,1.221723676,-0.408171982,0.714100242,0.988394856,-7.457700253,0.678407848,-0.000000000,15,1,0
676,11.283333778,2,0.699260771,1.233293295,-0.408171982,0.694174647,0.789211750,-11.264159203,0.678407848,0.000000000,15,1,0
677,11.300000191,2,0.692457914,1.244530797,-0.408171982,0.674248993,0.571703315,-13.157641411,0.678407848,-0.000000000,15,1,0
678,11.316667557,2,0.685655057,1.255436182,-0.408171982,0.654323339,0.338671327,-14.114070892,0.678407848,0.000000000,15,1,0
679,11.333333969,2,0.678852201,1.266009450,-0.408171982,0.634397686,0.097910419,-14.591609001,0.678407848,-0.000000000,15,1,0
680,11.350000381,2,0.672049403,1.276250601,-0.408171982,0.614472032,-0.146677166,-14.828408241,0.284793288,-24.282512665,15,1,0
681,11.366666794,2,0.664534211,1.285098195,-0.450910866,0.530853093,-0.393023610,-14.937321663,-0.275392950,-35.682994843,15,1,0
682,11.383334160,2,0.656806350,1.293256402,-0.463668674,0.489490688,-0.639920413,-14.971434593,-0.889458418,-39.665325165,15,1,0
683,11.400000572,2,0.648901403,1.300744295,-0.474298418,0.449279547,-0.886577129,-14.956541061,-1.677505255,-51.856094360,15,1,0
684,11.416666985,2,0.640996456,1.307900190,-0.474298418,0.429353893,-0.749537766,-0.000000000,-1.418632269,0.000000000,15,1,0
685,11.433334351,2,0.633055568,1.314645290,-0.476455837,0.404705584,-0.696938515,0.000000000,-1.319060922,0.000000000,15,1,0
686,11.450000763,2,0.625000715,1.320768476,-0.483289063,0.367386848,-0.683235407,0.000000000,-1.103650093,-0.000000000,15,1,0
687,11.466667175,2,0.616945863,1.326559424,-0.483289063,0.347461164,-0.679665446,0.000000000,-0.988396406,7.457700729,15,1,0
688,11.483333588,2,0.608891070,1.332018375,-0.483289063,0.327535540,-0.678735375,0.000000000,-0.789212584,11.264159203,15,1,0
689,11.500000954,2,0.600770593,1.336904287,-0.487227350,0.293155730,-0.678492963,0.000000000,-0.571704328,13.157640457,15,1,0
690,11.516667366,2,0.592650175,1.341458082,-0.487227350,0.273230106,-0.678430021,-0.000000000,-0.338672280,14.114070892,15,1,0
691,11.533333778,2,0.584529757,1.345679879,-0.487227350,0.253304452,-0.678413332,-0.000000000,-0.097911365,14.591609001,15,1,0
692,11.550000191,2,0.576409280,1.349569559,-0.487227350,0.233378813,-0.678409040,0.000000000,0.146676227,14.828408241,15,1,0
693,11.566667557,2,0.568288863,1.353127122,-0.487227350,0.213453174,-0.678407967,0.000000000,0.393022656,14.937322617,15,1,0
694,11.583333969,2,0.560168386,1.356352568,-0.487227350,0.193527535,-0.678407848,0.000000000,0.639919877,14.971434593,15,1,0
695,11.600000381,2,0.552047968,1.359245896,-0.487227350,0.173601896,-0.678407848,0.000000000,0.886576653,14.956540108,15,1,0
696,11.616667747,2,0.543927550,1.361807108,-0.487227350,0.153676242,-0.678407848,-0.000000000,0.749537587,0.000000000,15,1,0
697,11.633334160,2,0.535807073,1.364036322,-0.487227350,0.133750603,-0.678407848,0.000000000,0.696938396,-0.000000000,15,1,0
698,11.650000572,2,0.527686656,1.365933418,-0.487227350,0.113824964,-0.284793288,24.282512665,0.683235288,0.000000000,15,1,0
699,11.666666985,2,0.519566178,1.367498398,-0.487227350,0.093899325,0.275392860,35.682994843,0.679665446,0.000000000,15,1,0
700,11.683334351,2,0.511445761,1.368731260,-0.487227350,0.073973678,0.889458001,39.665325165,0.678735077,-0.000000000,15,1,0
701,11.700000763,2,0.503325343,1.369632125,-0.487227350,0.054048039,1.677504897,51.856082916,0.678492844,0.000000000,15,1,0
702,11.716667175,2,0.495204866,1.370200872,-0.487227350,0.034122396,1.418629408,-0.000000000,0.678430021,0.000000000,15,1,0
703,11.733333588,2,0.487084448,1.370437384,-0.487227350,0.014196755,1.319058180,0.000000000,0.678413630,-0.000000000,15,1,0
704,11.750000954,2,0.478964001,1.370342016,-0.487227350,-0.005728886,1.009675503,-7.406807899,0.284799039,-24.282508850,15,1,0
705,11.766667366,2,0.470843554,1.369914412,-0.487227350,-0.025654525,0.826173782,-11.079418182,-0.275386900,-35.682994843,15,1,0
706,11.783333778,2,0.462723106,1.369154692,-0.487227350,-0.045580167,0.610004187,-13.075320244,-0.889452457,-39.665325165,15,1,0
707,11.800000191,2,0.454602659,1.368062973,-0.487227350,-0.065505810,0.377693176,-14.069569588,-1.677496672,-51.856067657,15,1,0
708,11.816667557,2,0.446482241,1.366639137,-0.487227350,-0.085431449,0.137326375,-14.567245483,-1.418622732,-0.000000000,15,1,0
709,11.833333969,2,0.438361794,1.364883184,-0.487227350,-0.105357088,-0.107058510,-14.815858841,-1.319048405,0.000000000,15,1,0
710,11.850000381,2,0.430241346,1.362795115,-0.487227350,-0.125282735,-0.353331089,-14.932746887,-1.009671926,7.406813622,15,1,0
711,11.866667747,2,0.422120899,1.360375047,-0.487227350,-0.145208374,-0.600252688,-14.972967148,-0.826170206,11.079428673,15,1,0
712,11.883334160,2,0.414000452,1.357622862,-0.487227350,-0.165134013,-0.847015023,-14.963080406,-0.610000312,13.075325966,15,1,0
713,11.900000572,2,0.405880034,1.354538441,-0.487227350,-0.185059652,-0.729440033,-0.000000000,-0.377689093,14.069573402,15,1,0
714,11.916666985,2,0.397759557,1.351122022,-0.487227350,-0.204985291,-0.691702604,0.000000000,-0.137322158,14.567247391,15,1,0
715,11.933334351,2,0.389639080,1.347373486,-0.487227350,-0.224910930,-0.681871355,-0.000000000,0.107062690,14.815860748,15,1,0
716,11.950000763,2,0.381518632,1.343292952,-0.487227350,-0.244836569,-0.679310024,0.000000000,0.353335351,14.932746887,15,1,0
717,11.966667175,2,0.373398155,1.338880181,-0.487227350,-0.264762223,-0.678642869,0.000000000,0.600257039,14.972966194,15,1,0
718,11.983333588,2,0.365277708,1.334135294,-0.487227350,-0.284687847,-0.678468883,0.000000000,0.847019374,14.963080406,15,1,0
719,12.000000954,2,0.357157230,1.329058409,-0.487227350,-0.304613501,-0.678423464,0.000000000,0.729442477,0.000000000,15,1,0
720,12.016667366,2,0.349036753,1.323649526,-0.487227350,-0.324539125,-0.678411841,0.000000000,0.691703260,-0.000000000,15,1,0
721,12.033333778,2,0.340916306,1.317908406,-0.487227350,-0.344464779,-0.678408802,-0.000000000,0.681871653,0.000000000,15,1,0
722,12.050000191,2,0.332795829,1.311835170,-0.487227350,-0.364390433,-0.678407967,-0.000000000,0.679309845,0.000000000,15,1,0
723,12.066667557,2,0.324675381,1.305429935,-0.487227350,-0.384316057,-0.678407848,0.000000000,0.678642571,-0.000000000,15,1,0
724,12.083333969,2,0.316554904,1.298692584,-0.487227350,-0.404241711,-0.678407848,0.000000000,0.678468764,-0.000000000,15,1,0
725,12.100000381,2,0.308434427,1.291623116,-0.487227350,-0.424167335,-0.678407848,-0.000000000,0.678423464,0.000000000,15,1,0
726,12.116667747,2,0.300313979,1.284221530,-0.487227350,-0.444092989,-0.678407848,0.000000000,0.678411841,-0.000000000,15,1,0
727,12.133334160,2,0.292193502,1.276487947,-0.487227350,-0.464018643,-0.678407848,-0.000000000,0.678408802,0.000000000,15,1,0
728,12.150000572,2,0.284073055,1.268422246,-0.487227350,-0.483944267,-0.678407848,0.000000000,0.678407967,-0.000000000,15,1,0
729,12.166666985,2,0.275952578,1.260024309,-0.487227350,-0.503869891,-0.678407848,-0.000000000,0.678407848,0.000000000,15,1,0
730,12.183334351,2,0.267832100,1.251294374,-0.487227350,-0.523795545,-0.678407848,0.000000000,0.678407848,-0.000000000,15,1,0
731,12.200000763,2,0.259711653,1.242232442,-0.487227350,-0.543721199,-0.678407848,-0.000000000,0.678407848,0.000000000,15,1,0
732,12.216667175,2,0.251591176,1.232838392,-0.487227350,-0.563646853,-0.678407848,0.000000000,0.678407848,-0.000000000,15,1,0
733,12.233333588,2,0.243470713,1.223112106,-0.487227350,-0.583572507,-0.678407848,-0.000000000,0.678407848,0.000000000,15,1,0
734,12.250000954,2,0.235350251,1.213053823,-0.487227350,-0.603498101,-0.678407848,0.000000000,0.678407848,-0.000000000,15,1,0
735,12.266667366,2,0.227229789,1.202663422,-0.487227350,-0.623423755,-0.678407848,-0.000000000,0.678407848,0.000000000,15,1,0
736,12.283333778,2,0.219109327,1.191941023,-0.487227350,-0.643349409,-0.678407848,0.000000000,0.678407848,-0.000000000,15,1,0
737,12.300000191,2,0.210988849,1.180886388,-0.487227350,-0.663275063,-0.678407848,-0.000000000,0.678407848,0.000000000,15,1,0
738,12.316667557,2,0.202868387,1.169499636,-0.487227350,-0.683200717,-0.678407848,0.000000000,0.678407848,-0.000000000,15,1,0
739,12.333333969,2,0.194747940,1.157780886,-0.487227350,-0.703126311,-0.678407848,-0.000000000,0.678407848,0.000000000,15,1,0
740,12.350000381,2,0.186627477,1.145730019,-0.487227350,-0.723051965,-0.678407848,0.000000000,0.678407848,-0.000000000,15,1,0
741,12.366667747,2,0.178507030,1.133347034,-0.487227350,-0.742977619,-0.678407848,-0.000000000,0.678407848,0.000000000,15,1,0
742,12.383334160,2,0.170386583,1.120631933,-0.487227350,-0.762903273,-0.678407848,0.000000000,0.678407848,-0.000000000,15,1,0
743,12.400000572,2,0.162266120,1.107584834,-0.487227350,-0.782828927,-0.678407848,-0.000000000,0.678407848,0.000000000,15,1,0
744,12.416666985,2,0.154145673,1.094205618,-0.487227350,-0.802754521,-0.678407848,0.000000000,0.678407848,-0.000000000,15,1,0
745,12.433334351,2,0.146025211,1.080494165,-0.487227350,-0.822680116,-0.678407848,-0.000000000,0.678407848,0.000000000,15,1,0
746,12.450000763,2,0.137904763,1.066450834,-0.487227350,-0.842605710,-0.678407848,0.000000000,0.678407848,-0.000000000,15,1,0
747,12.466667175,2,0.135121211,1.055080771,0.625701189,-0.222687155,-0.678407848,-0.000000000,0.678407848,0.000000000,15,1,0
748,12.483333588,2,0.145549566,1.051037192,0.625701189,-0.242612794,-0.678407848,0.000000000,0.678407848,-0.000000000,15,1,0
749,12.500000954,2,0.155977935,1.046661615,0.625701189,-0.262538433,-0.678407848,-0.000000000,0.678407848,0.000000000,15,1,0
750,12.516667366,2,0.166406289,1.041953802,0.625701189,-0.282464087,-0.678407848,0.000000000,0.678407848,-0.000000000,15,1,0
751,12.533333778,2,0.176834643,1.036914110,0.625701189,-0.302389711,-0.678407848,-0.000000000,0.678407848,0.000000000,15,1,0
752,12.550000191,2,0.187262997,1.031542063,0.625701189,-0.322315365,-0.678407848,0.000000000,0.678407848,-0.000000000,15,1,0
753,12.566667557,2,0.197691351,1.025838137,0.625701189,-0.342240989,-0.678407848,-0.000000000,0.678407848,0.000000000,15,1,0
754,12.583333969,2,0.208119705,1.019801974,0.625701189,-0.362166643,-0.678407848,0.000000000,0.678407848,-0.000000000,15,1,0
755,12.600000381,2,0.218548059,1.013433814,0.625701189,-0.382092297,-0.678407848,-0.000000000,0.678407848,0.000000000,15,1,0
756,12.616667747,2,0.228976414,1.006733537,0.625701189,-0.402017921,-0.678407848,0.000000000,0.678407848,-0.000000000,15,1,0
757,12.633334160,2,0.239404768,0.999701142,0.625701189,-0.421943575,-0.678407848,-0.000000000,0.678407848,0.000000000,15,1,0
758,12.650000572,2,0.249833137,0.992336631,0.625701189,-0.441869199,-0.678407848,0.000000000,0.678407848,-0.000000000,15,1,0
759,12.666666985,2,0.260261476,0.984640002,0.625701189,-0.461794853,-0.678407848,-0.000000000,0.678407848,0.000000000,15,1,0
760,12.683334351,2,0.270689845,0.976611316,0.625701189,-0.481720507,-0.678407848,0.000000000,0.678407848,-0.000000000,15,1,0
761,12.700000763,2,0.281118214,0.968250573,0.625701189,-0.501646161,-0.678407848,-0.000000000,0.678407848,0.000000000,15,1,0
762,12.716667175,2,0.291546553,0.959557712,0.625701189,-0.521571755,-0.678407848,0.000000000,0.678407848,-0.000000000,15,1,0
763,12.733333588,2,0.301974922,0.950532734,0.625701189,-0.541497409,-0.678407848,-0.000000000,0.678407848,0.000000000,15,1,0
764,12.750000954,2,0.312403262,0.941175640,0.625701189,-0.561423063,-0.284793347,24.282508850,0.678407848,-0.000000000,15,1,0
765,12.766667366,2,0.322831631,0.931486487,0.625701189,-0.581348717,0.275392801,35.682994843,0.678407848,0.000000000,15,1,0
766,12.783333778,2,0.333260000,0.921465278,0.625701189,-0.601274371,0.889458060,39.665328979,0.678407848,-0.000000000,15,1,0
767,12.800001144,2,0.343688339,0.911111951,0.625701189,-0.621199965,1.677504778,51.856075287,0.678407848,0.000000000,15,1,0
768,12.816667557,2,0.354116708,0.900426507,0.625701189,-0.641125619,1.418630958,0.000000000,0.678407848,-0.000000000,15,1,0
769,12.833333969,2,0.364545047,0.889408946,0.625701189,-0.661051273,1.319059134,0.000000000,0.678407848,0.000000000,15,1,0
770,12.850000381,2,0.374973416,0.878059387,0.625701189,-0.680976927,1.103648782,0.000000000,0.678407848,-0.000000000,15,1,0
771,12.866667747,2,0.385401785,0.866377652,0.625701189,-0.700902581,0.988394856,-7.457700253,0.678407848,0.000000000,15,1,0
772,12.883334160,2,0.395830125,0.854363799,0.625701189,-0.720828176,0.789211750,-11.264159203,0.678407848,-0.000000000,15,1,0
773,12.900000572,2,0.406258494,0.842017949,0.625701189,-0.740753829,0.571703315,-13.157641411,0.678407848,0.000000000,15,1,0
774,12.916666985,2,0.416686833,0.829339981,0.625701189,-0.760679483,0.338671327,-14.114070892,0.678407848,-0.000000000,15,1,0
775,12.933334351,2,0.427115142,0.816329837,0.625701189,-0.780605137,0.097910419,-14.591609001,0.678407848,0.000000000,15,1,0
776,12.950000763,2,0.437543482,0.802987695,0.625701189,-0.800530732,-0.146677166,-14.828408241,0.284793347,-24.282508850,15,1,0
777,12.966667175,2,0.447971821,0.789313436,0.625701189,-0.820456326,-0.393023610,-14.937321663,-0.275392860,-35.682994843,15,1,0
778,12.983333588,2,0.458400160,0.775307059,0.625701189,-0.840381920,-0.639920413,-14.971434593,-0.889458358,-39.665328979,15,1,0
779,13.000000954,2,0.468828499,0.760968566,0.625701189,-0.860307515,-0.886577129,-14.956541061,-1.677505255,-51.856098175,15,1,0
780,13.016667366,2,0.479256809,0.746298015,0.625701189,-0.880233109,-0.749537766,-0.000000000,-1.418632269,0.000000000,15,1,0
781,13.033333778,2,0.489685148,0.731295407,0.625701189,-0.900158703,-0.696938515,0.000000000,-1.319060922,-0.000000000,15,1,0
782,13.050001144,2,0.500113487,0.715960622,0.625701189,-0.920084298,-0.683235407,0.000000000,-1.103650093,-0.000000000,15,1,0
783,13.066667557,2,0.510541797,0.700293839,0.625701189,-0.940009892,-0.679665446,0.000000000,-0.988396347,7.457702637,15,1,0
784,13.083333969,2,0.520970166,0.684294879,0.625701189,-0.959935486,-0.678735375,0.000000000,-0.789212525,11.264160156,15,1,0
785,13.100000381,2,0.531398475,0.667963862,0.625701189,-0.979861081,-0.678492963,0.000000000,-0.571704268,13.157640457,15,1,0
786,13.116667747,2,0.541826844,0.651300788,0.625701189,-0.999786675,-0.678430021,-0.000000000,-0.338672251,14.114070892,15,1,0
787,13.133334160,2,0.552255154,0.634305596,0.625701189,-1.019712210,-0.678413332,-0.000000000,-0.097911358,14.591609001,15,1,0
788,13.150000572,2,0.562683463,0.616978288,0.625701189,-1.039637804,-0.678409040,0.000000000,0.146676227,14.828408241,15,1,0
789,13.166666985,2,0.573111832,0.599318862,0.625701189,-1.059563398,-0.678407967,0.000000000,0.393022656,14.937322617,15,1,0
790,13.183334351,2,0.583540142,0.581327379,0.625701189,-1.079488993,-0.678407848,0.000000000,0.639919877,14.971435547,15,1,0
791,13.200000763,2,0.593968511,0.563003838,0.625701189,-1.099414587,-0.678407848,0.000000000,0.886576653,14.956540108,15,1,0
792,13.216667175,2,0.604396820,0.544348121,0.625701189,-1.119340181,-0.678407848,-0.000000000,0.749537587,0.000000000,15,1,0
793,13.233333588,2,0.614825130,0.525360405,0.625701189,-1.139265776,-0.678407848,0.000000000,0.696938396,-0.000000000,15,1,0
794,13.250000954,2,0.625253499,0.506040514,0.625701189,-1.159191370,-0.284793288,24.282512665,0.683235288,0.000000000,15,1,0
795,13.266667366,2,0.635681808,0.486388594,0.625701189,-1.179116964,0.275392860,35.682994843,0.679665446,0.000000000,15,1,0
796,13.283333778,2,0.643333554,0.474654824,-0.032984499,0.795821965,0.889458001,39.665325165,0.678735077,-0.000000000,15,1,0
797,13.300001144,2,0.632529020,0.494063139,-0.648273528,1.164499998,1.677504897,51.856082916,0.678492844,0.000000000,20,1,0
798,13.316667557,2,0.621724486,0.513139367,-0.648273528,1.144574404,1.418629408,-0.000000000,0.678430021,0.000000000,20,1,0
799,13.333333969,2,0.610919893,0.531883538,-0.648273528,1.124648809,1.319058180,0.000000000,0.678413630,-0.000000000,20,1,0
800,13.350000381,2,0.600115359,0.550295591,-0.648273528,1.104723215,1.009675503,-7.406807899,0.284799039,-24.282508850,20,1,0
801,13.366667747,2,0.589310765,0.568375528,-0.648273528,1.084797621,0.826173782,-11.079418182,-0.275386900,-35.682994843,20,1,0
802,13.383334160,2,0.578506231,0.586123407,-0.648273528,1.064872026,0.610004187,-13.075320244,-0.889452457,-39.665325165,20,1,0
803,13.400000572,2,0.567701697,0.603539169,-0.648273528,1.044946432,0.377693176,-14.069569588,-1.677496672,-51.856067657,20,1,0
804,13.416666985,2,0.556897104,0.620622873,-0.648273528,1.025020838,0.137326375,-14.567245483,-1.418622732,-0.000000000,20,1,0
805,13.433334351,2,0.546092570,0.637374461,-0.648273528,1.005095243,-0.107058510,-14.815858841,-1.319048405,0.000000000,20,1,0
806,13.450000763,2,0.535287976,0.653793931,-0.648273528,0.985169590,-0.353331089,-14.932746887,-1.009671926,7.406813622,20,1,0
807,13.466667175,2,0.524483442,0.669881344,-0.648273528,0.965243995,-0.600252688,-14.972967148,-0.826170206,11.079428673,20,1,0
808,13.483333588,2,0.513678908,0.685636640,-0.648273528,0.945318401,-0.847015023,-14.963080406,-0.610000312,13.075325966,20,1,0
809,13.500000954,2,0.502874315,0.701059878,-0.648273528,0.925392807,-0.729440033,-0.000000000,-0.377689093,14.069573402,20,1,0
810,13.516667366,2,0.492069781,0.716150999,-0.648273528,0.905467212,-0.691702604,0.000000000,-0.137322158,14.567247391,20,1,0
811,13.533333778,2,0.481265217,0.730910003,-0.648273528,0.885541618,-0.681871355,-0.000000000,0.107062690,14.815860748,20,1,0
812,13.550001144,2,0.470460653,0.745336950,-0.648273528,0.865616024,-0.679310024,0.000000000,0.353335351,14.932746887,20,1,0
813,13.566667557,2,0.459656090,0.759431779,-0.648273528,0.845690429,-0.678642869,0.000000000,0.600257039,14.972966194,20,1,0
814,13.583333969,2,0.448851526,0.773194551,-0.648273528,0.825764835,-0.678468883,0.000000000,0.847019374,14.963080406,20,1,0
815,13.600000381,2,0.438046992,0.786625206,-0.648273528,0.805839241,-0.678423464,0.000000000,0.729442477,0.000000000,20,1,0
816,13.616667747,2,0.427242428,0.799723744,-0.648273528,0.785913587,-0.678411841,0.000000000,0.691703260,-0.000000000,20,1,0
817,13.633334160,2,0.416437864,0.812490284,-0.648273528,0.765987992,-0.678408802,-0.000000000,0.681871653,0.000000000,20,1,0
818,13.650000572,2,0.405633301,0.824924648,-0.648273528,0.746062338,-0.678407967,-0.000000000,0.679309845,0.000000000,20,1,0
819,13.666666985,2,0.394828737,0.837026954,-0.648273528,0.726136684,-0.678407848,0.000000000,0.678642571,-0.000000000,20,1,0
820,13.683334351,2,0.384024203,0.848797143,-0.648273528,0.706211030,-0.678407848,0.000000000,0.678468764,-0.000000000,20,1,0
821,13.700000763,2,0.373219639,0.860235214,-0.648273528,0.686285377,-0.678407848,-0.000000000,0.678423464,0.000000000,20,1,0
822,13.716667175,2,0.362415075,0.871341228,-0.648273528,0.666359782,-0.678407848,0.000000000,0.678411841,-0.000000000,20,1,0
823,13.733333588,2,0.351610512,0.882115185,-0.648273528,0.646434128,-0.678407848,-0.000000000,0.678408802,0.000000000,20,1,0
824,13.750000954,2,0.340805948,0.892556965,-0.648273528,0.626508474,-0.678407848,0.000000000,0.678407967,-0.000000000,20,1,0
825,13.766667366,2,0.330001414,0.902666688,-0.648273528,0.606582820,-0.678407848,-0.000000000,0.678407848,0.000000000,20,1,0
826,13.783333778,2,0.319196850,0.912444293,-0.648273528,0.586657166,-0.678407848,0.000000000,0.678407848,-0.000000000,20,1,0
827,13.800001144,2,0.308392286,0.921889901,-0.648273528,0.566731572,-0.678407848,-0.000000000,0.678407848,0.000000000,20,1,0
828,13.816667557,2,0.297587723,0.931003273,-0.648273528,0.546805918,-0.678407848,0.000000000,0.678407848,-0.000000000,20,1,0
829,13.833333969,2,0.286783159,0.939784646,-0.648273528,0.526880264,-0.678407848,-0.000000000,0.678407848,0.000000000,20,1,0
830,13.850000381,2,0.275978625,0.948233902,-0.648273528,0.506954610,-0.678407848,0.000000000,0.678407848,-0.000000000,20,1,0
831,13.866667747,2,0.265174061,0.956350982,-0.648273528,0.487028986,-0.678407848,-0.000000000,0.678407848,0.000000000,20,1,0
832,13.883334160,2,0.254369497,0.964136004,-0.648273528,0.467103332,-0.678407848,0.000000000,0.678407848,-0.000000000,20,1,0
833,13.900000572,2,0.243564934,0.971588969,-0.648273528,0.447177708,-0.678407848,-0.000000000,0.678407848,0.000000000,20,1,0
834,13.916666985,2,0.232760385,0.978709877,-0.648273528,0.427252054,-0.678407848,0.000000000,0.678407848,-0.000000000,20,1,0
835,13.933334351,2,0.221955821,0.985498607,-0.648273528,0.407326400,-0.678407848,-0.000000000,0.678407848,0.000000000,20,1,0
836,13.950000763,2,0.211151272,0.991955280,-0.648273528,0.387400776,-0.678407848,0.000000000,0.678407848,-0.000000000,20,1,0
837,13.966667175,2,0.200346708,0.998079896,-0.648273528,0.367475122,-0.678407848,-0.000000000,0.678407848,0.000000000,20,1,0
838,13.983333588,2,0.189542145,1.003872395,-0.648273528,0.347549498,-0.678407848,0.000000000,0.678407848,-0.000000000,20,1,0
839,14.000000954,2,0.178737596,1.009332776,-0.648273528,0.327623844,-0.678407848,-0.000000000,0.678407848,0.000000000,20,1,0
840,14.016667366,2,0.167933032,1.014461040,-0.648273528,0.307698190,-0.678407848,0.000000000,0.678407848,-0.000000000,20,1,0
841,14.033333778,2,0.157128483,1.019257307,-0.648273528,0.287772566,-0.678407848,-0.000000000,0.678407848,0.000000000,20,1,0
842,14.050001144,2,0.149127215,1.024527431,0.084415071,0.407242060,-0.678407848,0.000000000,0.678407848,-0.000000000,20,1,0
843,14.066667557,2,0.150534138,1.030982733,0.084415071,0.387316406,-0.678407848,-0.000000000,0.678407848,0.000000000,20,1,0
844,14.083333969,2,0.151941061,1.037105799,0.084415071,0.367390782,-0.678407848,0.000000000,0.678407848,-0.000000000,20,1,0
845,14.100000381,2,0.153347984,1.042896986,0.084415071,0.347465128,-0.678407848,-0.000000000,0.678407848,0.000000000,20,1,0
846,14.116667747,2,0.154754907,1.048355937,0.084415071,0.327539504,-0.678407848,0.000000000,0.678407848,-0.000000000,20,1,0
847,14.133334160,2,0.156161815,1.053482771,0.084415071,0.307613850,-0.678407848,-0.000000000,0.678407848,0.000000000,20,1,0
848,14.150000572,2,0.157568738,1.058277607,0.084415071,0.287688196,-0.678407848,0.000000000,0.678407848,-0.000000000,20,1,0
849,14.166666985,2,0.158975661,1.062740326,0.084415071,0.267762572,-0.678407848,-0.000000000,0.678407848,0.000000000,20,1,0
850,14.183334351,2,0.160382584,1.066870928,0.084415071,0.247836918,-0.678407848,0.000000000,0.678407848,-0.000000000,20,1,0
851,14.200000763,2,0.161789507,1.070669413,0.084415071,0.227911279,-0.678407848,-0.000000000,0.678407848,0.000000000,20,1,0
852,14.216667175,2,0.163196415,1.074135900,0.084415071,0.207985640,-0.678407848,0.000000000,0.678407848,-0.000000000,20,1,0
853,14.233334541,2,0.164603338,1.077270269,0.084415071,0.188060001,-0.678407848,-0.000000000,0.678407848,0.000000000,20,1,0
854,14.250000954,2,0.166010261,1.080072522,0.084415071,0.168134362,-0.678407848,0.000000000,0.678407848,-0.000000000,20,1,0
855,14.266667366,2,0.167417184,1.082542658,0.084415071,0.148208708,-0.678407848,-0.000000000,0.678407848,0.000000000,20,1,0
856,14.283333778,2,0.168824106,1.084680676,0.084415071,0.128283069,-0.678407848,0.000000000,0.678407848,-0.000000000,20,1,0
857,14.300001144,2,0.170231014,1.086486578,0.084415071,0.108357430,-0.678407848,-0.000000000,0.678407848,0.000000000,20,1,0
858,14.316667557,2,0.171637937,1.087960482,0.084415071,0.088431790,-0.678407848,0.000000000,0.678407848,-0.000000000,20,1,0
859,14.333333969,2,0.173044860,1.089102268,0.084415071,0.068506144,-0.678407848,-0.000000000,0.678407848,0.000000000,20,1,0
860,14.350000381,2,0.174451783,1.089911938,0.084415071,0.048580505,-0.284793347,24.282508850,0.678407848,-0.000000000,20,1,0
861,14.366667747,2,0.175858706,1.090389490,0.084415071,0.028654862,0.275392801,35.682994843,0.678407848,0.000000000,20,1,0
862,14.383334160,2,0.177265614,1.090535045,0.084415071,0.008729221,0.889458060,39.665328979,0.678407848,-0.000000000,20,1,0
863,14.400000572,2,0.178672537,1.090348482,0.084415071,-0.011196420,1.677504778,51.856075287,0.678407848,0.000000000,20,1,0
864,14.416666985,2,0.180079460,1.089829683,0.084415071,-0.031122059,1.418630958,0.000000000,0.678407848,-0.000000000,20,1,0
865,14.433334351,2,0.181486383,1.088979006,0.084415071,-0.051047701,1.319059134,0.000000000,0.678407848,0.000000000,20,1,0
866,14.450000763,2,0.182893306,1.087796092,0.084415071,-0.070973344,1.103648782,0.000000000,0.678407848,-0.000000000,20,1,0
867,14.466667175,2,0.184300214,1.086281061,0.084415071,-0.090898983,0.988394856,-7.457700253,0.678407848,0.000000000,20,1,0
868,14.483334541,2,0.185707137,1.084434032,0.084415071,-0.110824622,0.789211750,-11.264159203,0.678407848,-0.000000000,20,1,0
869,14.500000954,2,0.187114060,1.082254887,0.084415071,-0.130750269,0.571703315,-13.157641411,0.678407848,0.000000000,20,1,0
870,14.516667366,2,0.188520983,1.079743624,0.084415071,-0.150675908,0.338671327,-14.114070892,0.678407848,-0.000000000,20,1,0
871,14.533333778,2,0.189927906,1.076900244,0.084415071,-0.170601547,0.097910419,-14.591609001,0.678407848,0.000000000,20,1,0
872,14.550001144,2,0.191334814,1.073724747,0.084415071,-0.190527186,-0.146677166,-14.828408241,0.284793347,-24.282508850,20,1,0
873,14.566667557,2,0.192741737,1.070217252,0.084415071,-0.210452825,-0.393023610,-14.937321663,-0.275392860,-35.682994843,20,1,0
874,14.583333969,2,0.194148660,1.066377521,0.084415071,-0.230378464,-0.639920413,-14.971434593,-0.889458358,-39.665328979,20,1,0
875,14.600000381,2,0.195555583,1.062205791,0.084415071,-0.250304103,-0.886577129,-14.956541061,-1.677505255,-51.856098175,20,1,0
876,14.616667747,2,0.196962506,1.057701945,0.084415071,-0.270229757,-0.749537766,-0.000000000,-1.418632269,0.000000000,20,1,0
877,14.633334160,2,0.198369414,1.052866101,0.084415071,-0.290155381,-0.696938515,0.000000000,-1.319060922,-0.000000000,20,1,0
878,14.650000572,2,0.199776337,1.047698021,0.084415071,-0.310081035,-0.683235407,0.000000000,-1.103650093,-0.000000000,20,1,0
879,14.666666985,2,0.201183245,1.042197943,0.084415071,-0.330006659,-0.679665446,0.000000000,-0.988396347,7.457702637,20,1,0
880,14.683334351,2,0.202590153,1.036365747,0.084415071,-0.349932313,-0.678735375,0.000000000,-0.789212525,11.264160156,20,1,0
881,14.700000763,2,0.203997061,1.030201435,0.084415071,-0.369857967,-0.678492963,0.000000000,-0.571704268,13.157640457,20,1,0
882,14.716667175,2,0.205403969,1.023705006,0.084415071,-0.389783591,-0.678430021,-0.000000000,-0.338672251,14.114070892,20,1,0
883,14.733334541,2,0.206810877,1.016876459,0.084415071,-0.409709215,-0.678413332,-0.000000000,-0.097911358,14.591609001,20,1,0
884,14.750000954,2,0.208217785,1.009715915,0.084415071,-0.429634869,-0.678409040,0.000000000,0.146676227,14.828408241,20,1,0
885,14.766667366,2,0.209624693,1.002223253,0.084415071,-0.449560493,-0.678407967,0.000000000,0.393022656,14.937322617,20,1,0
886,14.783333778,2,0.211031601,0.994398475,0.084415071,-0.469486147,-0.678407848,0.000000000,0.639919877,14.971435547,20,1,0
887,14.800001144,2,0.212438509,0.986241639,0.084415071,-0.489411771,-0.678407848,0.000000000,0.886576653,14.956540108,20,1,0
888,14.816667557,2,0.213845417,0.977752686,0.084415071,-0.509337425,-0.678407848,-0.000000000,0.749537587,0.000000000,20,1,0
889,14.833333969,2,0.215252325,0.968931675,0.084415071,-0.529263079,-0.678407848,0.000000000,0.696938396,-0.000000000,20,1,0
890,14.850000381,2,0.216659233,0.959778488,0.084415071,-0.549188733,-0.284793288,24.282512665,0.683235288,0.000000000,20,1,0
891,14.866667747,2,0.218066141,0.950293243,0.084415071,-0.569114327,0.275392860,35.682994843,0.679665446,0.000000000,20,1,0
892,14.883334160,2,0.219473049,0.940475941,0.084415071,-0.589039981,0.889458001,39.665325165,0.678735077,-0.000000000,20,1,0
893,14.900000572,2,0.220879957,0.930326581,0.084415071,-0.608965635,1.677504897,51.856082916,0.678492844,0.000000000,20,1,0
894,14.916666985,2,0.222286865,0.919844985,0.084415071,-0.628891289,1.418629408,-0.000000000,0.678430021,0.000000000,20,1,0
895,14.933334351,2,0.223693773,0.909031391,0.084415071,-0.648816943,1.319058180,0.000000000,0.678413630,-0.000000000,20,1,0
896,14.950000763,2,0.225100681,0.897885680,0.084415071,-0.668742537,1.009675503,-7.406807899,0.284799039,-24.282508850,20,1,0
897,14.966667175,2,0.226507589,0.886407852,0.084415071,-0.688668191,0.826173782,-11.079418182,-0.275386900,-35.682994843,20,1,0
898,14.983334541,2,0.227914497,0.874597907,0.084415071,-0.708593845,0.610004187,-13.075320244,-0.889452457,-39.665325165,20,1,0
899,15.000000954,2,0.229321405,0.862455964,0.084415071,-0.728519499,0.377693176,-14.069569588,-1.677496672,-51.856067657,20,1,0
900,15.016667366,2,0.230728313,0.849981904,0.084415071,-0.748445153,0.137326375,-14.567245483,-1.418622732,-0.000000000,20,1,0
901,15.033333778,2,0.232135221,0.837175667,0.084415071,-0.768370748,-0.107058510,-14.815858841,-1.319048405,0.000000000,20,1,0
902,15.050001144,2,0.233542129,0.824037373,0.084415071,-0.788296402,-0.353331089,-14.932746887,-1.009671926,7.406813622,20,1,0
903,15.066667557,2,0.234949037,0.810567021,0.084415071,-0.808221996,-0.600252688,-14.972967148,-0.826170206,11.079428673,20,1,0
904,15.083333969,2,0.236355945,0.796764493,0.084415071,-0.828147590,-0.847015023,-14.963080406,-0.610000312,13.075325966,20,1,0
905,15.100000381,2,0.237762854,0.782629967,0.084415071,-0.848073184,-0.729440033,-0.000000000,-0.377689093,14.069573402,20,1,0
906,15.116667747,2,0.239169762,0.768163323,0.084415071,-0.867998779,-0.691702604,0.000000000,-0.137322158,14.567247391,20,1,0
907,15.133334160,2,0.240576670,0.753364563,0.084415071,-0.887924373,-0.681871355,-0.000000000,0.107062690,14.815860748,20,1,0
908,15.150000572,2,0.241983578,0.738233685,0.084415071,-0.907849967,-0.679310024,0.000000000,0.353335351,14.932746887,20,1,0
909,15.166666985,2,0.243390486,0.722770810,0.084415071,-0.927775562,-0.678642869,0.000000000,0.600257039,14.972966194,20,1,0
910,15.183334351,2,0.244797394,0.706975758,0.084415071,-0.947701156,-0.678468883,0.000000000,0.847019374,14.963080406,20,1,0
911,15.200000763,2,0.246204302,0.690848649,0.084415071,-0.967626750,-0.678423464,0.000000000,0.729442477,0.000000000,20,1,0
912,15.216667175,2,0.247611210,0.674389422,0.084415071,-0.987552345,-0.678411841,0.000000000,0.691703260,-0.000000000,20,1,0
913,15.233334541,2,0.249018118,0.657598138,0.084415071,-1.007477999,-0.678408802,-0.000000000,0.681871653,0.000000000,20,1,0
914,15.250000954,2,0.250425041,0.640474677,0.084415071,-1.027403593,-0.678407967,-0.000000000,0.679309845,0.000000000,20,1,0
915,15.266667366,2,0.251831949,0.623019218,0.084415071,-1.047329187,-0.678407848,0.000000000,0.678642571,-0.000000000,20,1,0
916,15.283333778,2,0.253238857,0.605231643,0.084415071,-1.067254782,-0.678407848,0.000000000,0.678468764,-0.000000000,20,1,0
917,15.300001144,2,0.254645765,0.587111950,0.084415071,-1.087180376,-0.678407848,-0.000000000,0.678423464,0.000000000,20,1,0
918,15.316667557,2,0.256052673,0.568660140,0.084415071,-1.107105970,-0.678407848,0.000000000,0.678411841,-0.000000000,20,1,0
919,15.333333969,2,0.254757255,0.553300500,-0.714583278,-0.038777363,-0.678407848,-0.000000000,0.678408802,0.000000000,20,1,0
920,15.350000381,2,0.234271139,0.560898542,-1.229167342,0.455881059,-0.678407848,0.000000000,0.678407967,-0.000000000,20,1,0
921,15.366667747,2,0.213785022,0.568164468,-1.229167342,0.435955435,-0.678407848,-0.000000000,0.678407848,0.000000000,20,1,0
922,15.383334160,2,0.193298906,0.575098276,-1.229167342,0.416029781,-0.678407848,0.000000000,0.678407848,-0.000000000,20,1,0
923,15.400000572,2,0.172812775,0.581699967,-1.229167342,0.396104157,-0.678407848,-0.000000000,0.678407848,0.000000000,20,1,0
924,15.416667938,2,0.152326643,0.587969661,-1.229167342,0.376178503,-0.678407848,0.000000000,0.678407848,-0.000000000,20,1,0
925,15.433334351,2,0.131840512,0.593907177,-1.229167342,0.356252849,-0.678407848,-0.000000000,0.678407848,0.000000000,20,1,0
926,15.450000763,2,0.111354388,0.599512637,-1.229167342,0.336327225,-0.678407848,0.000000000,0.678407848,-0.000000000,20,1,0
927,15.466667175,2,0.090868264,0.604785979,-1.229167342,0.316401571,-0.678407848,-0.000000000,0.678407848,0.000000000,20,1,0
928,15.483334541,2,0.070382141,0.609727263,-1.229167342,0.296475947,-0.678407848,0.000000000,0.678407848,-0.000000000,20,1,0
929,15.500000954,2,0.049896020,0.614336371,-1.229167342,0.276550293,-0.678407848,-0.000000000,0.678407848,0.000000000,20,1,0
930,15.516667366,2,0.029409897,0.618613482,-1.229167342,0.256624639,-0.678407848,0.000000000,0.678407848,-0.000000000,20,1,0
931,15.533333778,2,0.031867065,0.623710513,0.688333690,0.337298095,-0.678407848,-0.000000000,0.678407848,0.000000000,20,1,0
932,15.550001144,2,0.043339290,0.629000068,0.688333690,0.317372471,-0.678407848,0.000000000,0.678407848,-0.000000000,20,1,0
933,15.566667557,2,0.054811519,0.633957505,0.688333690,0.297446817,-0.678407848,-0.000000000,0.678407848,0.000000000,20,1,0
934,15.583333969,2,0.066283748,0.638582826,0.688333690,0.277521193,-0.678407848,0.000000000,0.678407848,-0.000000000,20,1,0
935,15.600000381,2,0.077755980,0.642876089,0.688333690,0.257595539,-0.678407848,-0.000000000,0.678407848,0.000000000,20,1,0
936,15.616667747,2,0.089228213,0.646837294,0.688333690,0.237669900,-0.678407848,0.000000000,0.678407848,-0.000000000,20,1,0
937,15.633334160,2,0.100700438,0.650466323,0.688333690,0.217744261,-0.678407848,-0.000000000,0.678407848,0.000000000,20,1,0
938,15.650000572,2,0.112172663,0.653763354,0.688333690,0.197818607,-0.678407848,0.000000000,0.678407848,-0.000000000,20,1,0
939,15.666667938,2,0.123644888,0.656728208,0.688333690,0.177892968,-0.678407848,-0.000000000,0.678407848,0.000000000,20,1,0
940,15.683334351,2,0.135117114,0.659361005,0.688333690,0.157967329,-0.678407848,0.000000000,0.678407848,-0.000000000,20,1,0
941,15.700000763,2,0.146589339,0.661661744,0.688333690,0.138041690,-0.678407848,-0.000000000,0.678407848,0.000000000,20,1,0
942,15.716667175,2,0.158061564,0.663630366,0.688333690,0.118116044,-0.678407848,0.000000000,0.678407848,-0.000000000,20,1,0
943,15.733334541,2,0.169533789,0.665266871,0.688333690,0.098190404,-0.678407848,-0.000000000,0.678407848,0.000000000,20,1,0
944,15.750000954,2,0.181006014,0.666571259,0.688333690,0.078264758,-0.678407848,0.000000000,0.678407848,-0.000000000,20,1,0
945,15.766667366,2,0.192478240,0.667543590,0.688333690,0.058339119,-0.678407848,-0.000000000,0.678407848,0.000000000,20,1,0
946,15.783333778,2,0.203950480,0.668183804,0.688333690,0.038413476,-0.678407848,0.000000000,0.678407848,-0.000000000,20,1,0
947,15.800001144,2,0.215422705,0.668491960,0.688333690,0.018487837,-0.678407848,-0.000000000,0.678407848,0.000000000,20,1,0
948,15.816667557,2,0.226894930,0.668467939,0.688333690,-0.001437804,-0.678407848,0.000000000,0.678407848,-0.000000000,20,1,0
949,15.833333969,2,0.238367155,0.668111920,0.688333690,-0.021363445,-0.678407848,-0.000000000,0.678407848,0.000000000,20,1,0
950,15.850000381,2,0.249839380,0.667423725,0.688333690,-0.041289084,-0.678407848,0.000000000,0.678407848,-0.000000000,20,1,0
951,15.866667747,2,0.261311591,0.666403472,0.688333690,-0.061214726,-0.678407848,-0.000000000,0.678407848,0.000000000,20,1,0
952,15.883334160,2,0.272783816,0.665051103,0.688333690,-0.081140369,-0.678407848,0.000000000,0.678407848,-0.000000000,20,1,0
953,15.900000572,2,0.284256041,0.663366675,0.688333690,-0.101066008,-0.678407848,-0.000000000,0.678407848,0.000000000,20,1,0
954,15.916667938,2,0.295728266,0.661350131,0.688333690,-0.120991647,-0.678407848,0.000000000,0.678407848,-0.000000000,20,1,0
955,15.933334351,2,0.307200491,0.659001529,0.688333690,-0.140917286,-0.678407848,-0.000000000,0.678407848,0.000000000,20,1,0
956,15.950000763,2,0.318672717,0.656320810,0.688333690,-0.160842925,-0.284793347,24.282508850,0.678407848,-0.000000000,20,1,0
957,15.966667175,2,0.330144942,0.653308034,0.688333690,-0.180768579,0.275392801,35.682994843,0.678407848,0.000000000,20,1,0
958,15.983334541,2,0.341617167,0.649963081,0.688333690,-0.200694203,0.889458060,39.665328979,0.678407848,-0.000000000,20,1,0
959,16.000000000,2,0.353089392,0.646286130,0.688333690,-0.220619842,1.677504778,51.856075287,0.678407848,0.000000000,20,1,0
960,16.016668320,2,0.364561617,0.642277002,0.688333690,-0.240545481,1.418630958,0.000000000,0.678407848,-0.000000000,20,1,0
961,16.033334732,2,0.376033843,0.637935817,0.688333690,-0.260471135,1.319059134,0.000000000,0.678407848,0.000000000,20,1,0
962,16.050001144,2,0.387506068,0.633262515,0.688333690,-0.280396760,1.103648782,0.000000000,0.678407848,-0.000000000,20,1,0
963,16.066667557,2,0.398978293,0.628257155,0.688333690,-0.300322413,0.988394856,-7.457700253,0.678407848,0.000000000,20,1,0
964,16.083333969,2,0.410450548,0.622919679,0.688333690,-0.320248067,0.789211750,-11.264159203,0.678407848,-0.000000000,20,1,0
965,16.100000381,2,0.421922773,0.617250144,0.688333690,-0.340173692,0.571703315,-13.157641411,0.678407848,0.000000000,20,1,0
966,16.116666794,2,0.433394998,0.611248493,0.688333690,-0.360099345,0.338671327,-14.114070892,0.678407848,-0.000000000,20,1,0
967,16.133335114,2,0.444867224,0.604914784,0.688333690,-0.380024970,0.097910419,-14.591609001,0.678407848,0.000000000,20,1,0
968,16.150001526,2,0.456339449,0.598248899,0.688333690,-0.399950624,-0.146677166,-14.828408241,0.284793347,-24.282508850,20,1,0
969,16.166667938,2,0.467811674,0.591251016,0.688333690,-0.419876248,-0.393023610,-14.937321663,-0.275392860,-35.682994843,20,1,0
970,16.183334351,2,0.479283899,0.583920956,0.688333690,-0.439801872,-0.639920413,-14.971434593,-0.889458358,-39.665328979,20,1,0
971,16.200000763,2,0.490756124,0.576258838,0.688333690,-0.459727526,-0.886577129,-14.956541061,-1.677505255,-51.856098175,20,1,0
972,16.216667175,2,0.502228379,0.568264604,0.688333690,-0.479653180,-0.749537766,-0.000000000,-1.418632269,0.000000000,20,1,0
973,16.233333588,2,0.513700604,0.559938312,0.688333690,-0.499578804,-0.696938515,0.000000000,-1.319060922,-0.000000000,20,1,0
974,16.250000000,2,0.525172830,0.551279902,0.688333690,-0.519504428,-0.683235407,0.000000000,-1.103650093,-0.000000000,20,1,0
975,16.266668320,2,0.536645055,0.542289436,0.688333690,-0.539430082,-0.679665446,0.000000000,-0.988396347,7.457702637,20,1,0
976,16.283334732,2,0.548117280,0.532966852,0.688333690,-0.559355736,-0.678735375,0.000000000,-0.789212525,11.264160156,20,1,0
977,16.300001144,2,0.559589505,0.523312151,0.688333690,-0.579281390,-0.678492963,0.000000000,-0.571704268,13.157640457,20,1,0
978,16.316667557,2,0.571061730,0.513325334,0.688333690,-0.599207044,-0.678430021,-0.000000000,-0.338672251,14.114070892,20,1,0
979,16.333333969,2,0.582533956,0.503006458,0.688333690,-0.619132638,-0.678413332,-0.000000000,-0.097911358,14.591609001,20,1,0
980,16.350000381,2,0.594006181,0.492355496,0.688333690,-0.639058292,-0.678409040,0.000000000,0.146676227,14.828408241,20,1,0
981,16.366666794,2,0.605478406,0.481372416,0.688333690,-0.658983946,-0.678407967,0.000000000,0.393022656,14.937322617,20,1,0
982,16.383335114,2,0.616950631,0.470057249,0.688333690,-0.678909600,-0.678407848,0.000000000,0.639919877,14.971435547,20,1,0
983,16.400001526,2,0.628422856,0.458409965,0.688333690,-0.698835254,-0.678407848,0.000000000,0.886576653,14.956540108,20,1,0
984,16.416667938,2,0.620337486,0.458214045,-0.603183150,0.057788443,-0.678407848,-0.000000000,0.749537587,0.000000000,20,1,0
985,16.433334351,2,0.600029588,0.465321839,-1.218472242,0.426466465,-0.678407848,0.000000000,0.696938396,-0.000000000,25,1,0
986,16.450000763,2,0.579721749,0.472097486,-1.218472242,0.406540811,-0.284793288,24.282512665,0.683235288,0.000000000,25,1,0
987,16.466667175,2,0.559413850,0.478541076,-1.218472242,0.386615187,0.275392860,35.682994843,0.679665446,0.000000000,25,1,0
988,16.483333588,2,0.539106011,0.484652579,-1.218472242,0.366689533,0.889458001,39.665325165,0.678735077,-0.000000000,25,1,0
989,16.500000000,2,0.518798113,0.490431964,-1.218472242,0.346763909,1.677504897,51.856082916,0.678492844,0.000000000,25,1,0
990,16.516668320,2,0.498490244,0.495879263,-1.218472242,0.326838255,1.418629408,-0.000000000,0.678430021,0.000000000,25,1,0
991,16.533334732,2,0.478182375,0.500994503,-1.218472242,0.306912601,1.319058180,0.000000000,0.678413630,-0.000000000,25,1,0
992,16.550001144,2,0.457874477,0.505777597,-1.218472242,0.286986977,1.009675503,-7.406807899,0.284799039,-24.282508850,25,1,0
993,16.566667557,2,0.437566608,0.510228634,-1.218472242,0.267061323,0.826173782,-11.079418182,-0.275386900,-35.682994843,25,1,0
994,16.583333969,2,0.423091650,0.510249496,0.156965315,-0.663775086,0.610004187,-13.075320244,-0.889452457,-39.665325165,25,1,0
995,16.600000381,2,0.425707728,0.498854488,0.156965315,-0.683700740,0.377693176,-14.069569588,-1.677496672,-51.856067657,25,1,0
996,16.616666794,2,0.428323805,0.487127393,0.156965315,-0.703626394,0.137326375,-14.567245483,-1.418622732,-0.000000000,25,1,0
997,16.633335114,2,0.430939853,0.475068182,0.156965315,-0.723552048,-0.107058510,-14.815858841,-1.319048405,0.000000000,25,1,0
998,16.650001526,2,0.433555931,0.462676913,0.156965315,-0.743477702,-0.353331089,-14.932746887,-1.009671926,7.406813622,25,1,0
999,16.666667938,2,0.436172009,0.449953496,0.156965315,-0.763403296,-0.600252688,-14.972967148,-0.826170206,11.079428673,25,1,0
1000,16.683334351,2,0.438788086,0.436898053,0.156965315,-0.783328950,-0.847015023,-14.963080406,-0.610000312,13.075325966,25,1,0
1001,16.700000763,2,0.441404164,0.423510462,0.156965315,-0.803254604,-0.729440033,-0.000000000,-0.377689093,14.069573402,25,1,0
1002,16.716667175,2,0.444020212,0.409790814,0.156965315,-0.823180199,-0.691702604,0.000000000,-0.137322158,14.567247391,25,1,0
1003,16.733333588,2,0.446636289,0.395739019,0.156965315,-0.843105793,-0.681871355,-0.000000000,0.107062690,14.815860748,25,1,0
1004,16.750000000,2,0.449252367,0.381355166,0.156965315,-0.863031387,-0.679310024,0.000000000,0.353335351,14.932746887,25,1,0
1005,16.766668320,2,0.451868445,0.366639197,0.156965315,-0.882956982,-0.678642869,0.000000000,0.600257039,14.972966194,25,1,0
1006,16.783334732,2,0.454484522,0.351591170,0.156965315,-0.902882576,-0.678468883,0.000000000,0.847019374,14.963080406,25,1,0
1007,16.800001144,2,0.457100570,0.336211026,0.156965315,-0.922808170,-0.678423464,0.000000000,0.729442477,0.000000000,25,1,0
1008,16.816667557,2,0.459716648,0.320498765,0.156965315,-0.942733765,-0.678411841,0.000000000,0.691703260,-0.000000000,25,1,0
1009,16.833333969,2,0.462332726,0.304454446,0.156965315,-0.962659359,-0.678408802,-0.000000000,0.681871653,0.000000000,25,1,0
1010,16.850000381,2,0.464948803,0.288078010,0.156965315,-0.982584953,-0.678407967,-0.000000000,0.679309845,0.000000000,25,1,0
1011,16.866666794,2,0.467564881,0.271369517,0.156965315,-1.002510548,-0.678407848,0.000000000,0.678642571,-0.000000000,25,1,0
1012,16.883335114,2,0.470180929,0.254328907,0.156965315,-1.022436142,-0.678407848,0.000000000,0.678468764,-0.000000000,25,1,0
1013,16.900001526,2,0.472797006,0.236956194,0.156965315,-1.042361736,-0.678407848,-0.000000000,0.678423464,0.000000000,25,1,0
1014,16.916667938,2,0.475413084,0.219251394,0.156965315,-1.062287331,-0.678407848,0.000000000,0.678411841,-0.000000000,25,1,0
1015,16.933334351,2,0.478029162,0.201214507,0.156965315,-1.082212925,-0.678407848,-0.000000000,0.678408802,0.000000000,25,1,0
1016,16.950000763,2,0.479983568,0.186140418,-0.033199094,0.296297848,-0.678407848,0.000000000,0.667722940,-4.054826260,25,1,0
1017,16.966667175,2,0.479430258,0.190746620,-0.033199094,0.276372194,-0.678407848,-0.000000000,0.678997517,0.000000000,25,1,0
1018,16.983333588,2,0.478876919,0.195020720,-0.033199094,0.256446540,-0.678407848,0.000000000,0.678561270,-0.000000000,25,1,0
1019,17.000000000,2,0.478323609,0.198962733,-0.033199094,0.236520916,-0.678407848,-0.000000000,0.678447545,-0.000000000,25,1,0
1020,17.016668320,2,0.477770269,0.202572659,-0.033199094,0.216595262,-0.678407848,0.000000000,0.678417861,0.000000000,25,1,0
1021,17.033334732,2,0.477216959,0.205850482,-0.033199094,0.196669623,-0.678407848,-0.000000000,0.678410113,-0.000000000,25,1,0
1022,17.050001144,2,0.476663649,0.208796218,-0.033199094,0.176743984,-0.678407848,0.000000000,0.678408206,0.000000000,25,1,0
1023,17.066667557,2,0.476110309,0.211409852,-0.033199094,0.156818345,-0.678407848,-0.000000000,0.678407848,-0.000000000,25,1,0
1024,17.083333969,2,0.475556999,0.213691399,-0.033199094,0.136892706,-0.678407848,0.000000000,0.678407848,-0.000000000,25,1,0
1025,17.100000381,2,0.475003660,0.215640858,-0.033199094,0.116967060,-0.678407848,-0.000000000,0.678407848,-0.000000000,25,1,0
1026,17.116666794,2,0.474450350,0.217258215,-0.033199094,0.097041413,-0.678407848,0.000000000,0.678407848,0.000000000,25,1,0
1027,17.133335114,2,0.473897040,0.218543485,-0.033199094,0.077115774,-0.678407848,-0.000000000,0.678407848,-0.000000000,25,1,0
1028,17.150001526,2,0.473343700,0.219496652,-0.033199094,0.057190131,-0.678407848,0.000000000,0.678407848,0.000000000,25,1,0
1029,17.166667938,2,0.472790390,0.220117733,-0.033199094,0.037264489,-0.678407848,-0.000000000,0.678407848,-0.000000000,25,1,0
1030,17.183334351,2,0.472237051,0.220406726,-0.033199094,0.017338850,-0.678407848,0.000000000,0.678407848,0.000000000,25,1,0
1031,17.200000763,2,0.471683741,0.220363617,-0.033199094,-0.002586791,-0.678407848,-0.000000000,0.678407848,-0.000000000,25,1,0
1032,17.216667175,2,0.471130431,0.219988421,-0.033199094,-0.022512432,-0.678407848,0.000000000,0.678407848,0.000000000,25,1,0
1033,17.233333588,2,0.470577091,0.219281122,-0.033199094,-0.042438071,-0.678407848,-0.000000000,0.678407848,-0.000000000,25,1,0
1034,17.250000000,2,0.470023781,0.218241736,-0.033199094,-0.062363714,-0.678407848,0.000000000,0.678407848,0.000000000,25,1,0
1035,17.266668320,2,0.469470441,0.216870263,-0.033199094,-0.082289353,-0.678407848,-0.000000000,0.678407848,-0.000000000,25,1,0
1036,17.283334732,2,0.468917131,0.215166688,-0.033199094,-0.102214992,-0.678407848,0.000000000,0.678407848,0.000000000,25,1,0
1037,17.300001144,2,0.468363822,0.213130996,-0.033199094,-0.122140631,-0.678407848,-0.000000000,0.678407848,-0.000000000,25,1,0
1038,17.316667557,2,0.467810482,0.210763216,-0.033199094,-0.142066270,-0.678407848,0.000000000,0.678407848,0.000000000,25,1,0
1039,17.333333969,2,0.467257172,0.208063334,-0.033199094,-0.161991924,-0.678407848,-0.000000000,0.678407848,-0.000000000,25,1,0
1040,17.350000381,2,0.466703832,0.205031365,-0.033199094,-0.181917563,-0.678407848,0.000000000,0.678407848,0.000000000,25,1,0
1041,17.366666794,2,0.466150522,0.201667309,-0.033199094,-0.201843187,-0.678407848,-0.000000000,0.678407848,-0.000000000,25,1,0
1042,17.383335114,2,0.465597212,0.197971165,-0.033199094,-0.221768826,-0.678407848,0.000000000,0.678407848,0.000000000,25,1,0
1043,17.400001526,2,0.465043873,0.193942934,-0.033199094,-0.241694480,-0.678407848,-0.000000000,0.678407848,-0.000000000,25,1,0
1044,17.416667938,2,0.464490563,0.189582601,-0.033199094,-0.261620104,-0.678407848,0.000000000,0.678407848,0.000000000,25,1,0
1045,17.433334351,2,0.463937223,0.184890166,-0.033199094,-0.281545758,-0.678407848,-0.000000000,0.678407848,-0.000000000,25,1,0
1046,17.450000763,2,0.463383913,0.179865628,-0.033199094,-0.301471412,-0.678407848,0.000000000,0.678407848,0.000000000,25,1,0
1047,17.466667175,2,0.462830603,0.174509019,-0.033199094,-0.321397036,-0.678407848,-0.000000000,0.678407848,-0.000000000,25,1,0
1048,17.483333588,2,0.460675865,0.171248063,-0.175861090,-0.089485213,-0.678407848,0.000000000,0.670706749,-0.718132377,25,1,0
1049,17.500000000,2,0.457744837,0.169424564,-0.175861090,-0.109410845,-0.678407848,-0.000000000,0.679634511,0.000000000,25,1,0
1050,17.516668320,2,0.454813808,0.167268947,-0.175861090,-0.129336491,-0.678407848,0.000000000,0.678727210,-0.000000000,25,1,0
1051,17.533334732,2,0.451882780,0.164781243,-0.175861090,-0.149262130,-0.678407848,-0.000000000,0.678490937,-0.000000000,25,1,0
1052,17.550001144,2,0.448951781,0.161961436,-0.175861090,-0.169187769,-0.284793347,24.282508850,0.678429306,-0.000000000,25,1,0
1053,17.566667557,2,0.446020752,0.158809543,-0.175861090,-0.189113408,0.275392801,35.682994843,0.678413033,-0.000000000,25,1,0
1054,17.583333969,2,0.443089724,0.155325562,-0.175861090,-0.209039047,0.889458060,39.665328979,0.678409040,0.000000000,25,1,0
1055,17.600000381,2,0.440158695,0.151509479,-0.175861090,-0.228964686,1.677504778,51.856075287,0.678407967,-0.000000000,25,1,0
1056,17.616666794,2,0.436763853,0.148223728,-0.203690603,-0.197144881,1.418630958,0.000000000,0.678407967,0.000012614,25,1,0
1057,17.633335114,2,0.433251560,0.144824326,-0.210738063,-0.203964069,1.319059134,0.000000000,0.678407729,-0.000014337,25,1,0
1058,17.650001526,2,0.429621845,0.141311228,-0.217785209,-0.210785896,1.103648782,0.000000000,0.678407848,0.000000015,25,1,0
1059,17.666667938,2,0.425874621,0.137684435,-0.224832803,-0.217606977,0.988394856,-7.457700253,0.678407848,0.000000011,25,1,0
1060,17.683334351,2,0.422009945,0.133943975,-0.231880277,-0.224428177,0.789211750,-11.264159203,0.678407848,0.000000009,25,1,0
1061,17.700000763,2,0.418027818,0.130089819,-0.238927960,-0.231249124,0.571703315,-13.157641411,0.678407848,-0.000000022,25,1,0
1062,17.716667175,2,0.413928211,0.126121983,-0.245975807,-0.238069743,0.338671327,-14.114070892,0.678407848,0.000000006,25,1,0
1063,17.733333588,2,0.409711182,0.122040465,-0.253023118,-0.244891256,0.097910419,-14.591609001,0.678407848,-0.000000061,25,1,0
1064,17.750000000,2,0.379318237,0.147644922,-1.823575735,1.536267877,-0.146677166,-14.828408241,0.455345273,-13.499433517,25,1,0
1065,17.766668320,2,0.348925292,0.172917292,-1.823575735,1.516342282,-0.393023610,-14.937321663,-0.038070295,-30.971845627,25,1,0
1066,17.783334732,2,0.318532377,0.197857574,-1.823575735,1.496416688,-0.639920413,-14.971434593,-0.631917000,-38.149482727,25,1,0
1067,17.800001144,2,0.288139433,0.222465754,-1.823575735,1.476491094,-0.886577129,-14.956541061,-1.316175461,-50.133529663,25,1,0
1068,17.816667557,2,0.257746518,0.246741846,-1.823575735,1.456565499,-0.749537766,-0.000000000,-1.077799678,0.000000000,25,1,0
1069,17.833333969,2,0.227353573,0.270685852,-1.823575735,1.436639905,-0.696938515,0.000000000,-0.991841078,0.000000000,25,1,0
1070,17.850000381,2,0.196960643,0.294297755,-1.823575735,1.416714311,-0.683235407,0.000000000,-0.969923675,0.000000000,25,1,0
1071,17.866666794,2,0.182534918,0.322581351,-0.586227477,1.762896538,-0.679665446,0.000000000,-0.845475495,7.486793995,25,1,0
1072,17.883335114,2,0.183019280,0.358107597,0.029061604,2.131574631,-0.678735375,0.000000000,-0.658219397,11.303372383,30,1,0
1073,17.900001526,2,0.183503643,0.393301755,0.029061604,2.111649036,-0.678492963,0.000000000,-0.439820617,13.212392807,30,1,0
1074,17.916667938,2,0.183988005,0.428163826,0.029061604,2.091723204,-0.678430021,-0.000000000,-0.206105903,14.156204224,30,1,0
1075,17.933334351,2,0.184472352,0.462693781,0.029061604,2.071797609,-0.678413332,-0.000000000,0.035120632,14.620406151,30,1,0
1076,17.950000763,2,0.184956715,0.496891648,0.029061604,2.051871777,-0.678409040,0.000000000,0.279942334,14.842906952,30,1,0
1077,17.966667175,2,0.185441077,0.530757427,0.029061604,2.031946182,-0.678407967,0.000000000,0.526282489,14.936944962,30,1,0
1078,17.983333588,2,0.185925439,0.564291120,0.029061604,2.012020588,-0.678407848,0.000000000,0.772935867,14.956320763,30,1,0
1079,18.000000000,2,0.186409801,0.597492695,0.029061604,1.992094755,-0.678407848,0.000000000,0.702997506,0.000000000,30,1,0
1080,18.016668320,2,0.186894149,0.630362153,0.029061604,1.972169161,-0.678407848,-0.000000000,0.684813976,0.000000000,30,1,0
1081,18.033334732,2,0.187378511,0.662899613,0.029061604,1.952243447,-0.678407848,0.000000000,0.680076480,0.000000000,30,1,0
1082,18.050001144,2,0.187862873,0.695104897,0.029061604,1.932317734,-0.284793288,24.282512665,0.678842604,0.000000000,30,1,0
1083,18.066667557,2,0.188347235,0.726978123,0.029061604,1.912392020,0.275392860,35.682994843,0.678520977,0.000000000,30,1,0
1084,18.083333969,2,0.188831598,0.758519232,0.029061604,1.892466307,0.889458001,39.665325165,0.678437173,-0.000000000,30,1,0
1085,18.100000381,2,0.189315945,0.789728224,0.029061604,1.872540712,1.677504897,51.856082916,0.678415477,-0.000000000,30,1,0
1086,18.116666794,2,0.189800307,0.820605099,0.029061604,1.852614999,1.418629408,-0.000000000,0.678409755,-0.000000000,30,1,0
1087,18.133335114,2,0.190284669,0.851149917,0.029061604,1.832689285,1.319058180,0.000000000,0.678408206,-0.000000000,30,1,0
1088,18.150001526,2,0.190769032,0.881362617,0.029061604,1.812763572,1.009675503,-7.406807899,0.284793645,-24.282510757,30,1,0
1089,18.166667938,2,0.195827514,0.888524234,0.596618891,-0.955680847,0.826173782,-11.079418182,-0.275392592,-35.682994843,30,1,0
1090,18.183334351,2,0.205771163,0.872264087,0.596618891,-0.975606441,0.610004187,-13.075320244,-0.889458179,-39.665328979,30,1,0
1091,18.200000763,2,0.215714812,0.855671883,0.596618891,-0.995532036,0.377693176,-14.069569588,-1.677505255,-51.856094360,30,1,0
1092,18.216667175,2,0.225658461,0.838747621,0.596618891,-1.015457630,0.137326375,-14.567245483,-1.418632150,0.000000000,30,1,0
1093,18.233333588,2,0.235602111,0.821491241,0.596618891,-1.035383224,-0.107058510,-14.815858841,-1.319059968,-0.000000000,30,1,0
1094,18.250000000,2,0.245545775,0.803902745,0.596618891,-1.055308819,-0.353331089,-14.932746887,-1.009676099,7.406810760,30,1,0
1095,18.266668320,2,0.255489409,0.785982132,0.596618891,-1.075234413,-0.600252688,-14.972967148,-0.826174557,11.079417229,30,1,0
1096,18.283334732,2,0.265433073,0.767729461,0.596618891,-1.095160007,-0.847015023,-14.963080406,-0.610004783,13.075321198,30,1,0
1097,18.300001144,2,0.275376737,0.749144673,0.596618891,-1.115085602,-0.729440033,-0.000000000,-0.377693594,14.069569588,30,1,0
1098,18.316667557,2,0.285320371,0.730227828,0.596618891,-1.135011196,-0.691702604,0.000000000,-0.137326762,14.567244530,30,1,0
1099,18.333333969,2,0.295264035,0.710978866,0.596618891,-1.154936790,-0.681871355,-0.000000000,0.107058212,14.815858841,30,1,0
1100,18.350000381,2,0.305207670,0.691397846,0.596618891,-1.174862385,-0.679310024,0.000000000,0.353330791,14.932746887,30,1,0
1101,18.366666794,2,0.315151334,0.671484709,0.596618891,-1.194787979,-0.678642869,0.000000000,0.600252748,14.972966194,30,1,0
1102,18.383335114,2,0.325094998,0.651239514,0.596618891,-1.214713573,-0.678468883,0.000000000,0.847015023,14.963080406,30,1,0
1103,18.400001526,2,0.335038632,0.630662143,0.596618891,-1.234639168,-0.678423464,0.000000000,0.729440033,0.000000000,30,1,0
1104,18.416667938,2,0.320171297,0.634241164,-0.856980801,0.179680794,-0.678411841,0.000000000,0.691702545,0.000000000,30,1,0
1105,18.433334351,2,0.297311902,0.645480156,-1.371564865,0.674339175,-0.678408802,-0.000000000,0.681871533,0.000000000,30,1,0
1106,18.450000763,2,0.274452507,0.656387031,-1.371564865,0.654413581,-0.678407967,-0.000000000,0.679309845,0.000000000,30,1,0
1107,18.466667175,2,0.251593083,0.666961849,-1.371564865,0.634487927,-0.678407848,0.000000000,0.678642571,-0.000000000,30,1,0
1108,18.483333588,2,0.228733689,0.677204549,-1.371564865,0.614562273,-0.678407848,0.000000000,0.678468764,-0.000000000,30,1,0
1109,18.500001907,2,0.205874279,0.687115192,-1.371564865,0.594636619,-0.678407848,-0.000000000,0.678423464,0.000000000,30,1,0
1110,18.516668320,2,0.183014855,0.696693718,-1.371564865,0.574710965,-0.678407848,0.000000000,0.678411841,-0.000000000,30,1,0
1111,18.533334732,2,0.160155445,0.705940127,-1.371564865,0.554785371,-0.678407848,-0.000000000,0.678408802,0.000000000,30,1,0
1112,18.550001144,2,0.137296021,0.714854479,-1.371564865,0.534859717,-0.678407848,0.000000000,0.678407967,-0.000000000,30,1,0
1113,18.566667557,2,0.114436604,0.723436713,-1.371564865,0.514934063,-0.678407848,-0.000000000,0.678407848,0.000000000,30,1,0
1114,18.583333969,2,0.091577187,0.731686890,-1.371564865,0.495008409,-0.678407848,0.000000000,0.678407848,-0.000000000,30,1,0
1115,18.600000381,2,0.068717763,0.739604890,-1.371564865,0.475082785,-0.678407848,-0.000000000,0.678407848,0.000000000,30,1,0
1116,18.616666794,2,0.045858350,0.747190833,-1.371564865,0.455157131,-0.678407848,0.000000000,0.678407848,-0.000000000,30,1,0
1117,18.633335114,2,0.022998935,0.754444718,-1.371564865,0.435231507,-0.678407848,-0.000000000,0.678407848,0.000000000,30,1,0
1118,18.650001526,2,0.036785632,0.761733949,0.768076301,0.437355191,-0.678407848,0.000000000,0.678407848,-0.000000000,30,1,0
1119,18.666667938,2,0.049586903,0.768691123,0.768076301,0.417429537,-0.678407848,-0.000000000,0.678407848,0.000000000,30,1,0
1120,18.683334351,2,0.062388174,0.775316179,0.768076301,0.397503912,-0.678407848,0.000000000,0.678407848,-0.000000000,30,1,0
1121,18.700000763,2,0.075189449,0.781609178,0.768076301,0.377578259,-0.678407848,-0.000000000,0.678407848,0.000000000,30,1,0
1122,18.716667175,2,0.087990716,0.787570059,0.768076301,0.357652605,-0.678407848,0.000000000,0.678407848,-0.000000000,30,1,0
1123,18.733333588,2,0.100791991,0.793198824,0.768076301,0.337726980,-0.678407848,-0.000000000,0.678407848,0.000000000,30,1,0
1124,18.750001907,2,0.113593265,0.798495531,0.768076301,0.317801327,-0.678407848,0.000000000,0.678407848,-0.000000000,30,1,0
1125,18.766668320,2,0.126394540,0.803460121,0.768076301,0.297875702,-0.678407848,-0.000000000,0.678407848,0.000000000,30,1,0
1126,18.783334732,2,0.139195830,0.808092594,0.768076301,0.277950048,-0.678407848,0.000000000,0.678407848,-0.000000000,30,1,0
1127,18.800001144,2,0.151997104,0.812393010,0.768076301,0.258024395,-0.678407848,-0.000000000,0.678407848,0.000000000,30,1,0
1128,18.816667557,2,0.164798379,0.816361308,0.768076301,0.238098770,-0.678407848,0.000000000,0.678407848,-0.000000000,30,1,0
1129,18.833333969,2,0.177599654,0.819997609,0.768076301,0.218173116,-0.678407848,-0.000000000,0.678407848,0.000000000,30,1,0
1130,18.850000381,2,0.190400928,0.823301673,0.768076301,0.198247477,-0.678407848,0.000000000,0.678407848,-0.000000000,30,1,0
1131,18.866666794,2,0.203202203,0.826273739,0.768076301,0.178321838,-0.678407848,-0.000000000,0.678407848,0.000000000,30,1,0
1132,18.883335114,2,0.216003463,0.828913689,0.768076301,0.158396199,-0.678407848,0.000000000,0.678407848,-0.000000000,30,1,0
1133,18.900001526,2,0.228804737,0.831221461,0.768076301,0.138470560,-0.678407848,-0.000000000,0.678407848,0.000000000,30,1,0
1134,18.916667938,2,0.241605997,0.833197236,0.768076301,0.118544914,-0.678407848,0.000000000,0.678407848,-0.000000000,30,1,0
1135,18.933334351,2,0.254407257,0.834840894,0.768076301,0.098619267,-0.678407848,-0.000000000,0.678407848,0.000000000,30,1,0
1136,18.950000763,2,0.267208517,0.836152434,0.768076301,0.078693628,-0.678407848,0.000000000,0.678407848,-0.000000000,30,1,0
1137,18.966667175,2,0.280009806,0.837131858,0.768076301,0.058767986,-0.678407848,-0.000000000,0.678407848,0.000000000,30,1,0
1138,18.983333588,2,0.292811066,0.837779224,0.768076301,0.038842343,-0.678407848,0.000000000,0.678407848,-0.000000000,30,1,0
1139,19.000001907,2,0.305612326,0.838094532,0.768076301,0.018916704,-0.678407848,-0.000000000,0.678407848,0.000000000,30,1,0
1140,19.016668320,2,0.318413585,0.838077724,0.768076301,-0.001008937,-0.678407848,0.000000000,0.678407848,-0.000000000,30,1,0
1141,19.033334732,2,0.331214845,0.837728798,0.768076301,-0.020934578,-0.678407848,-0.000000000,0.678407848,0.000000000,30,1,0
1142,19.050001144,2,0.344016135,0.837047756,0.768076301,-0.040860217,-0.678407848,0.000000000,0.678407848,-0.000000000,30,1,0
1143,19.066667557,2,0.356817394,0.836034656,0.768076301,-0.060785860,-0.678407848,-0.000000000,0.678407848,0.000000000,30,1,0
1144,19.083333969,2,0.369618654,0.834689498,0.768076301,-0.080711499,-0.678407848,0.000000000,0.678407848,-0.000000000,30,1,0
1145,19.100000381,2,0.382419914,0.833012223,0.768076301,-0.100637138,-0.678407848,-0.000000000,0.678407848,0.000000000,30,1,0
1146,19.116666794,2,0.395221174,0.831002831,0.768076301,-0.120562777,-0.678407848,0.000000000,0.678407848,-0.000000000,30,1,0
1147,19.133335114,2,0.408022463,0.828661323,0.768076301,-0.140488416,-0.678407848,-0.000000000,0.678407848,0.000000000,30,1,0
1148,19.150001526,2,0.420823723,0.825987816,0.768076301,-0.160414070,-0.284793347,24.282508850,0.678407848,-0.000000000,30,1,0
1149,19.166667938,2,0.433624983,0.822982132,0.768076301,-0.180339709,0.275392801,35.682994843,0.678407848,0.000000000,30,1,0
1150,19.183334351,2,0.446426243,0.819644332,0.768076301,-0.200265333,0.889458060,39.665328979,0.678407848,-0.000000000,30,1,0
1151,19.200000763,2,0.459227502,0.815974534,0.768076301,-0.220190972,1.677504778,51.856075287,0.678407848,0.000000000,30,1,0
1152,19.216667175,2,0.472028792,0.811972618,0.768076301,-0.240116626,1.418630958,0.000000000,0.678407848,-0.000000000,30,1,0
1153,19.233333588,2,0.484830052,0.807638526,0.768076301,-0.260042250,1.319059134,0.000000000,0.678407848,0.000000000,30,1,0
1154,19.250001907,2,0.497631311,0.802972436,0.768076301,-0.279967904,1.103648782,0.000000000,0.678407848,-0.000000000,30,1,0
1155,19.266668320,2,0.510432601,0.797974229,0.768076301,-0.299893558,0.988394856,-7.457700253,0.678407848,0.000000000,30,1,0
1156,19.283334732,2,0.523233831,0.792643905,0.768076301,-0.319819182,0.789211750,-11.264159203,0.678407848,-0.000000000,30,1,0
1157,19.300001144,2,0.536035120,0.786981463,0.768076301,-0.339744836,0.571703315,-13.157641411,0.678407848,0.000000000,30,1,0
1158,19.316667557,2,0.548836350,0.780986965,0.768076301,-0.359670460,0.338671327,-14.114070892,0.678407848,-0.000000000,30,1,0
1159,19.333333969,2,0.561637640,0.774660408,0.768076301,-0.379596114,0.097910419,-14.591609001,0.678407848,0.000000000,30,1,0
1160,19.350000381,2,0.574438930,0.768001676,0.768076301,-0.399521768,-0.146677166,-14.828408241,0.284793347,-24.282508850,30,1,0
1161,19.366666794,2,0.587240160,0.761010945,0.768076301,-0.419447362,-0.393023610,-14.937321663,-0.275392860,-35.682994843,30,1,0
1162,19.383335114,2,0.600041449,0.753688037,0.768076301,-0.439373016,-0.639920413,-14.971434593,-0.889458358,-39.665328979,30,1,0
1163,19.400001526,2,0.612842679,0.746033072,0.768076301,-0.459298670,-0.886577129,-14.956541061,-1.677505255,-51.856098175,30,1,0
1164,19.416667938,2,0.625643969,0.738045990,0.768076301,-0.479224294,-0.749537766,-0.000000000,-1.418632269,0.000000000,30,1,0
1165,19.433334351,2,0.638445258,0.729726791,0.768076301,-0.499149948,-0.696938515,0.000000000,-1.319060922,-0.000000000,30,1,0
1166,19.450000763,2,0.651246488,0.721075535,0.768076301,-0.519075572,-0.683235407,0.000000000,-1.103650093,-0.000000000,30,1,0
1167,19.466667175,2,0.664047778,0.712092161,0.768076301,-0.539001226,-0.679665446,0.000000000,-0.988396347,7.457702637,30,1,0
1168,19.483333588,2,0.676849008,0.702776730,0.768076301,-0.558926880,-0.678735375,0.000000000,-0.789212525,11.264160156,30,1,0
1169,19.500001907,2,0.689650297,0.693129182,0.768076301,-0.578852534,-0.678492963,0.000000000,-0.571704268,13.157640457,30,1,0
1170,19.516668320,2,0.692962706,0.683500290,-0.430122763,-0.549358368,-0.678430021,-0.000000000,-0.338672251,14.114070892,30,1,0
1171,19.533334732,2,0.685793996,0.674012244,-0.430122763,-0.569284022,-0.678413332,-0.000000000,-0.097911358,14.591609001,30,1,0
1172,19.550001144,2,0.678625226,0.664192080,-0.430122763,-0.589209676,-0.678409040,0.000000000,0.146676227,14.828408241,30,1,0
1173,19.566667557,2,0.671456516,0.654039800,-0.430122763,-0.609135270,-0.678407967,0.000000000,0.393022656,14.937322617,30,1,0
1174,19.583333969,2,0.664287806,0.643555462,-0.430122763,-0.629060924,-0.678407848,0.000000000,0.639919877,14.971435547,30,1,0
1175,19.600000381,2,0.657119095,0.632739007,-0.430122763,-0.648986578,-0.678407848,0.000000000,0.886576653,14.956540108,30,1,0
1176,19.616666794,2,0.649950385,0.621590495,-0.430122763,-0.668912232,-0.678407848,-0.000000000,0.749537587,0.000000000,30,1,0
1177,19.633335114,2,0.642781615,0.610109866,-0.430122763,-0.688837886,-0.678407848,0.000000000,0.696938396,-0.000000000,30,1,0
1178,19.650001526,2,0.635612905,0.598297119,-0.430122763,-0.708763480,-0.284793288,24.282512665,0.683235288,0.000000000,30,1,0
1179,19.666667938,2,0.628444195,0.586152315,-0.430122763,-0.728689134,0.275392860,35.682994843,0.679665446,0.000000000,30,1,0
1180,19.683334351,2,0.621275485,0.573675394,-0.430122763,-0.748614788,0.889458001,39.665325165,0.678735077,-0.000000000,30,1,0
1181,19.700000763,2,0.614106774,0.560866416,-0.430122763,-0.768540442,1.677504897,51.856082916,0.678492844,0.000000000,30,1,0
1182,19.716667175,2,0.606938004,0.547725320,-0.430122763,-0.788466096,1.418629408,-0.000000000,0.678430021,0.000000000,30,1,0
1183,19.733333588,2,0.599769294,0.534252107,-0.430122763,-0.808391690,1.319058180,0.000000000,0.678413630,-0.000000000,30,1,0
1184,19.750001907,2,0.592600584,0.520446837,-0.430122763,-0.828317285,1.009675503,-7.406807899,0.284799039,-24.282508850,30,1,0
1185,19.766668320,2,0.585431874,0.506309450,-0.430122763,-0.848242879,0.826173782,-11.079418182,-0.275386900,-35.682994843,30,1,0
1186,19.783334732,2,0.578263164,0.491839975,-0.430122763,-0.868168473,0.610004187,-13.075320244,-0.889452457,-39.665325165,30,1,0
1187,19.800001144,2,0.571094394,0.477038443,-0.430122763,-0.888094068,0.377693176,-14.069569588,-1.677496672,-51.856067657,30,1,0
1188,19.816667557,2,0.563925683,0.461904764,-0.430122763,-0.908019662,0.137326375,-14.567245483,-1.418622732,-0.000000000,30,1,0
1189,19.833333969,2,0.556756973,0.446439028,-0.430122763,-0.927945256,-0.107058510,-14.815858841,-1.319048405,0.000000000,30,1,0
1190,19.850000381,2,0.549588263,0.430641174,-0.430122763,-0.947870851,-0.353331089,-14.932746887,-1.009671926,7.406813622,30,1,0
1191,19.866666794,2,0.542419553,0.414511263,-0.430122763,-0.967796445,-0.600252688,-14.972967148,-0.826170206,11.079428673,30,1,0
1192,19.883335114,2,0.535250783,0.398049206,-0.430122763,-0.987722039,-0.847015023,-14.963080406,-0.610000312,13.075325966,30,1,0
1193,19.900001526,2,0.528082073,0.381255090,-0.430122763,-1.007647634,-0.729440033,-0.000000000,-0.377689093,14.069573402,30,1,0
1194,19.916667938,2,0.520913363,0.364128858,-0.430122763,-1.027573228,-0.691702604,0.000000000,-0.137322158,14.567247391,30,1,0
1195,19.933334351,2,0.513744652,0.346670538,-0.430122763,-1.047498822,-0.681871355,-0.000000000,0.107062690,14.815860748,30,1,0
1196,19.950000763,2,0.506575942,0.328880131,-0.430122763,-1.067424417,-0.679310024,0.000000000,0.353335351,14.932746887,30,1,0
1197,19.966667175,2,0.499407202,0.310757607,-0.430122763,-1.087350011,-0.678642869,0.000000000,0.600257039,14.972966194,30,1,0
1198,19.983333588,2,0.492238462,0.292303026,-0.430122763,-1.107275605,-0.678468883,0.000000000,0.847019374,14.963080406,30,1,0
1199,20.000001907,2,0.485069752,0.273516327,-0.430122763,-1.127201200,-0.678423464,0.000000000,0.729442477,0.000000000,30,1,0
1200,20.016668320,2,0.477901042,0.254397541,-0.430122763,-1.147126794,-0.678411841,0.000000000,0.691703260,-0.000000000,30,1,0
1201,20.033334732,2,0.470732301,0.234946653,-0.430122763,-1.167052388,-0.678408802,-0.000000000,0.681871653,0.000000000,30,1,0
1202,20.050001144,2,0.463563591,0.215163678,-0.430122763,-1.186977983,-0.678407967,-0.000000000,0.679309845,0.000000000,30,1,0
1203,20.066667557,2,0.456394851,0.195048615,-0.430122763,-1.206903577,-0.678407848,0.000000000,0.678642571,-0.000000000,30,1,0
1204,20.083333969,2,0.449226141,0.174601465,-0.430122763,-1.226829171,-0.678407848,0.000000000,0.678468764,-0.000000000,30,1,0
1205,20.100000381,2,0.442057431,0.153822213,-0.430122763,-1.246754766,-0.678407848,-0.000000000,0.678423464,0.000000000,30,1,0
1206,20.116666794,2,0.428464353,0.143464983,-0.849760830,-0.538635135,-0.678407848,0.000000000,0.686303914,0.551536500,30,1,0
1207,20.133335114,2,0.414301693,0.134155631,-0.849760830,-0.558560729,-0.678407848,-0.000000000,0.691904664,0.000000000,30,1,0
1208,20.150001526,2,0.400139004,0.124514185,-0.849760830,-0.578486383,-0.678407848,0.000000000,0.681923985,-0.000000000,30,1,0
1209,20.166667938,2,0.385976315,0.114540651,-0.849760830,-0.598412037,-0.678407848,-0.000000000,0.679323912,-0.000000000,30,1,0
1210,20.183334351,2,0.371813625,0.104235016,-0.849760830,-0.618337691,-0.678407848,0.000000000,0.678646326,-0.000000000,30,1,0
1211,20.200000763,2,0.357650936,0.093597293,-0.849760830,-0.638263345,-0.678407848,-0.000000000,0.678469718,-0.000000000,30,1,0
1212,20.216667175,2,0.343488276,0.082627475,-0.849760830,-0.658188939,-0.678407848,0.000000000,0.678424060,0.000000000,30,1,0
1213,20.233333588,2,0.329325587,0.071325563,-0.849760830,-0.678114593,-0.678407848,-0.000000000,0.678411841,-0.000000000,30,1,0
1214,20.250001907,2,0.315162897,0.059691560,-0.849760830,-0.698040247,-0.678407848,0.000000000,0.678408802,-0.000000000,30,1,0
1215,20.266668320,2,0.301000208,0.047725461,-0.849760830,-0.717965901,-0.678407848,-0.000000000,0.678407967,-0.000000000,30,1,0
1216,20.283334732,2,0.286837518,0.035427269,-0.849760830,-0.737891555,-0.678407848,0.000000000,0.678407848,0.000000000,30,0,1
1217,20.300001144,2,0.272666276,0.024024980,-0.881660938,0.151563451,-0.678407848,-0.000000000,0.678407848,-0.000000000,30,0,1
1218,20.316667557,2,0.257971942,0.026218945,-0.881660938,0.131637812,-0.678407848,0.000000000,0.678407848,0.000000000,30,0,1
1219,20.333333969,2,0.243277580,0.028080815,-0.881660938,0.111712173,-0.678407848,-0.000000000,0.678407848,-0.000000000,30,0,1
1220,20.350000381,2,0.228583217,0.029610593,-0.881660938,0.091786526,-0.678407848,0.000000000,0.678407848,0.000000000,30,0,1
1221,20.366666794,2,0.213888854,0.030808274,-0.881660938,0.071860887,-0.678407848,-0.000000000,0.678407848,-0.000000000,30,0,1
1222,20.383335114,2,0.199194521,0.031673860,-0.881660938,0.051935244,-0.678407848,0.000000000,0.678407848,0.000000000,30,0,1
1223,20.400001526,2,0.184500173,0.032207355,-0.881660938,0.032009602,-0.678407848,-0.000000000,0.678407848,-0.000000000,30,0,1
1224,20.416667938,2,0.169805825,0.032408752,-0.881660938,0.012083961,-0.678407848,0.000000000,0.678407848,0.000000000,30,0,1
1225,20.433334351,2,0.155111477,0.032278057,-0.881660938,-0.007841679,-0.678407848,-0.000000000,0.678407848,-0.000000000,30,0,1
1226,20.450000763,2,0.140417129,0.031815268,-0.881660938,-0.027767319,-0.678407848,0.000000000,0.678407848,0.000000000,30,0,1
1227,20.466667175,2,0.125722796,0.031020388,-0.881660938,-0.047692962,-0.678407848,-0.000000000,0.678407848,-0.000000000,30,0,1
1228,20.483333588,3,0.735000014,0.033167906,0.000000000,-0.019925641,-0.678407848,0.000000000,0.678407848,0.000000000,30,0,0
1229,20.500001907,3,0.735000014,0.032503717,0.000000000,-0.039851282,-0.678407848,-0.000000000,0.678407848,-0.000000000,30,0,0
1230,20.516668320,3,0.735000014,0.031507432,0.000000000,-0.059776921,-0.678407848,0.000000000,0.678407848,0.000000000,30,0,0
1231,20.533334732,3,0.735000014,0.030179057,0.000000000,-0.079702564,-0.678407848,-0.000000000,0.678407848,-0.000000000,30,0,0
1232,20.550001144,3,0.735000014,0.028518587,0.000000000,-0.099628203,-0.678407848,0.000000000,0.678407848,0.000000000,30,0,0
1233,20.566667557,3,0.735000014,0.026526023,0.000000000,-0.119553842,-0.678407848,-0.000000000,0.678407848,-0.000000000,30,0,0
1234,20.583333969,3,0.735000014,0.024201363,0.000000000,-0.139479488,-0.678407848,0.000000000,0.678407848,0.000000000,30,0,0
1235,20.600000381,3,0.735000014,0.024732713,0.000000000,0.031881023,-0.678407848,-0.000000000,0.678407848,-0.000000000,30,0,0
1236,20.616666794,3,0.735000014,0.024931971,0.000000000,0.011955382,-0.678407848,0.000000000,0.678407848,0.000000000,30,0,0
1237,20.633335114,3,0.735000014,0.024799133,0.000000000,-0.007970259,-0.678407848,-0.000000000,0.678407848,-0.000000000,30,0,0
1238,20.650001526,3,0.735000014,0.024334202,0.000000000,-0.027895898,-0.678407848,0.000000000,0.678407848,0.000000000,30,0,0
1239,20.666667938,3,0.735000014,0.024334202,0.000000000,0.000000000,-0.678407848,-0.000000000,0.678407848,-0.000000000,30,0,0
1240,20.683334351,3,0.735000014,0.056702115,0.000000000,1.942074418,-0.678407848,0.000000000,0.678407848,0.000000000,30,1,0
1241,20.700000763,3,0.735000014,0.088737927,0.000000000,1.922148705,-0.678407848,-0.000000000,0.678407848,-0.000000000,30,1,0
1242,20.716667175,3,0.735000014,0.120441653,0.000000000,1.902222991,-0.678407848,0.000000000,0.678407848,0.000000000,30,1,0
1243,20.733333588,3,0.735000014,0.151813269,0.000000000,1.882297277,-0.678407848,-0.000000000,0.678407848,-0.000000000,30,1,0
1244,20.750001907,3,0.735000014,0.182852790,0.000000000,1.862371683,-0.678407848,0.000000000,0.678407848,0.000000000,30,1,0
1245,20.766668320,3,0.735000014,0.213560224,0.000000000,1.842445970,-0.678407848,-0.000000000,0.678407848,-0.000000000,30,1,0
1246,20.783334732,3,0.735000014,0.243935555,0.000000000,1.822520256,-0.678407848,0.000000000,0.678407848,0.000000000,30,1,0
1247,20.800001144,3,0.735000014,0.273978800,0.000000000,1.802594543,-0.678407848,-0.000000000,0.678407848,-0.000000000,30,1,0
1248,20.816667557,3,0.735000014,0.303689957,0.000000000,1.782668829,-0.678407848,0.000000000,0.678407848,0.000000000,30,1,0
1249,20.833333969,3,0.735000014,0.333069026,0.000000000,1.762743235,-0.678407848,-0.000000000,0.678407848,-0.000000000,30,1,0
1250,20.850000381,3,0.735000014,0.362115979,0.000000000,1.742817521,-0.678407848,0.000000000,0.678407848,0.000000000,30,1,0
1251,20.866668701,3,0.735000014,0.390830845,0.000000000,1.722891808,-0.678407848,-0.000000000,0.678407848,-0.000000000,30,1,0
1252,20.883335114,3,0.735000014,0.419213623,0.000000000,1.702966094,-0.678407848,0.000000000,0.678407848,0.000000000,30,1,0
1253,20.900001526,3,0.735000014,0.447264284,0.000000000,1.683040380,-0.678407848,-0.000000000,0.678407848,-0.000000000,30,1,0
1254,20.916667938,3,0.735000014,0.474982888,0.000000000,1.663114786,-0.678407848,0.000000000,0.678407848,0.000000000,30,1,0
1255,20.933334351,3,0.735000014,0.502369344,0.000000000,1.643189073,-0.678407848,-0.000000000,0.678407848,-0.000000000,30,1,0
1256,20.950000763,3,0.735000014,0.529423773,0.000000000,1.623263359,-0.678407848,0.000000000,0.678407848,0.000000000,30,1,0
1257,20.966667175,3,0.735000014,0.556146026,0.000000000,1.603337646,-0.678407848,-0.000000000,0.678407848,-0.000000000,30,1,0
1258,20.983333588,3,0.735000014,0.582536280,0.000000000,1.583412051,-0.678407848,0.000000000,0.678407848,0.000000000,30,1,0
1259,21.000001907,3,0.735000014,0.608594358,0.000000000,1.563486457,-0.678407848,-0.000000000,0.678407848,-0.000000000,30,1,0
1260,21.016668320,3,0.735000014,0.634320378,0.000000000,1.543560863,-0.678407848,0.000000000,0.678407848,0.000000000,30,1,0
1261,21.033334732,3,0.735000014,0.659714341,0.000000000,1.523635268,-0.678407848,-0.000000000,0.678407848,-0.000000000,30,1,0
1262,21.050001144,3,0.735000014,0.684776187,0.000000000,1.503709674,-0.678407848,0.000000000,0.678407848,0.000000000,30,1,0
1263,21.066667557,3,0.735000014,0.709505916,0.000000000,1.483784080,-0.678407848,-0.000000000,0.678407848,-0.000000000,30,1,0
1264,21.083333969,3,0.735000014,0.733903527,0.000000000,1.463858485,-0.678407848,0.000000000,0.678407848,0.000000000,30,1,0
1265,21.100000381,3,0.735000014,0.757969081,0.000000000,1.443932891,-0.678407848,-0.000000000,0.678407848,-0.000000000,30,1,0
1266,21.116668701,3,0.735000014,0.781702578,0.000000000,1.424007297,-0.678407848,0.000000000,0.678407848,0.000000000,30,1,0
1267,21.133335114,3,0.735000014,0.805103958,0.000000000,1.404081702,-0.678407848,-0.000000000,0.678407848,-0.000000000,30,1,0
1268,21.150001526,3,0.735000014,0.828173280,0.000000000,1.384156108,-0.678407848,0.000000000,0.678407848,0.000000000,30,1,0
1269,21.166667938,3,0.735000014,0.850910485,0.000000000,1.364230514,-0.678407848,-0.000000000,0.678407848,-0.000000000,30,1,0
1270,21.183334351,3,0.735000014,0.873315513,0.000000000,1.344304919,-0.678407848,0.000000000,0.678407848,0.000000000,30,1,0
1271,21.200000763,3,0.735000014,0.895388484,0.000000000,1.324379325,-0.678407848,-0.000000000,0.678407848,-0.000000000,30,1,0
1272,21.216667175,3,0.735000014,0.917129397,0.000000000,1.304453731,-0.678407848,0.000000000,0.678407848,0.000000000,30,1,0
1273,21.233333588,3,0.735000014,0.938538253,0.000000000,1.284528136,-0.678407848,-0.000000000,0.678407848,-0.000000000,30,1,0
1274,21.250001907,3,0.735000014,0.959614933,0.000000000,1.264602542,-0.678407848,0.000000000,0.678407848,0.000000000,30,1,0
1275,21.266668320,3,0.735000014,0.980359554,0.000000000,1.244676948,-0.678407848,-0.000000000,0.678407848,-0.000000000,30,1,0
1276,21.283334732,3,0.735000014,1.000772119,0.000000000,1.224751353,-0.678407848,0.000000000,0.678407848,0.000000000,30,1,0
1277,21.300001144,3,0.735000014,1.020852566,0.000000000,1.204825759,-0.678407848,-0.000000000,0.678407848,-0.000000000,30,1,0
1278,21.316667557,3,0.735000014,1.040600896,0.000000000,1.184900165,-0.678407848,0.000000000,0.678407848,0.000000000,30,1,0
1279,21.333333969,3,0.735000014,1.060017109,0.000000000,1.164974570,-0.678407848,-0.000000000,0.678407848,-0.000000000,30,1,0
1280,21.350000381,3,0.735000014,1.079101324,0.000000000,1.145048976,-0.678407848,0.000000000,0.678407848,0.000000000,30,1,0
1281,21.366668701,3,0.735000014,1.097853422,0.000000000,1.125123382,-0.678407848,-0.000000000,0.678407848,-0.000000000,30,1,0
1282,21.383335114,3,0.735000014,1.116273284,0.000000000,1.105197787,-0.284793347,24.282508850,0.678407848,0.000000000,30,1,0
1283,21.400001526,3,0.735000014,1.134361148,0.000000000,1.085272193,0.275392801,35.682994843,0.678407848,-0.000000000,30,1,0
1284,21.416667938,3,0.729734838,1.150022745,-0.253026664,0.946801484,0.889458060,39.665328979,0.678407848,0.000000000,30,1,0
1285,21.433334351,3,0.725517750,1.165470719,-0.253026664,0.926875889,1.677504778,51.856075287,0.678407848,-0.000000000,30,1,0
1286,21.450000763,3,0.721300662,1.180586576,-0.253026664,0.906950295,1.418630958,0.000000000,0.678407848,0.000000000,30,1,0
1287,21.466667175,3,0.717083573,1.195370317,-0.253026664,0.887024701,1.319059134,0.000000000,0.678407848,-0.000000000,30,1,0
1288,21.483333588,3,0.712866426,1.209821939,-0.253026664,0.867099106,1.103648782,0.000000000,0.678407848,0.000000000,30,1,0
1289,21.500001907,3,0.706063628,1.221723676,-0.408171982,0.714100242,0.988394856,-7.457700253,0.678407848,-0.000000000,30,1,0
1290,21.516668320,3,0.699260771,1.233293295,-0.408171982,0.694174647,0.789211750,-11.264159203,0.678407848,0.000000000,30,1,0
1291,21.533334732,3,0.692457914,1.244530797,-0.408171982,0.674248993,0.571703315,-13.157641411,0.678407848,-0.000000000,30,1,0
1292,21.550001144,3,0.685655057,1.255436182,-0.408171982,0.654323339,0.338671327,-14.114070892,0.678407848,0.000000000,30,1,0
1293,21.566667557,3,0.678852201,1.266009450,-0.408171982,0.634397686,0.097910419,-14.591609001,0.678407848,-0.000000000,30,1,0
1294,21.583333969,3,0.672049403,1.276250601,-0.408171982,0.614472032,-0.146677166,-14.828408241,0.284793288,-24.282512665,30,1,0
1295,21.600000381,3,0.664534211,1.285098195,-0.450910866,0.530853093,-0.393023610,-14.937321663,-0.275392950,-35.682994843,30,1,0
1296,21.616668701,3,0.656806350,1.293256402,-0.463668674,0.489490688,-0.639920413,-14.971434593,-0.889458418,-39.665325165,30,1,0
1297,21.633335114,3,0.648901403,1.300744295,-0.474298418,0.449279547,-0.886577129,-14.956541061,-1.677505255,-51.856094360,30,1,0
1298,21.650001526,3,0.640996456,1.307900190,-0.474298418,0.429353893,-0.749537766,-0.000000000,-1.418632269,0.000000000,30,1,0
1299,21.666667938,3,0.633055568,1.314645290,-0.476455837,0.404705584,-0.696938515,0.000000000,-1.319060922,0.000000000,30,1,0
1300,21.683334351,3,0.625000715,1.320768476,-0.483289063,0.367386848,-0.683235407,0.000000000,-1.103650093,-0.000000000,30,1,0
1301,21.700000763,3,0.616945863,1.326559424,-0.483289063,0.347461164,-0.679665446,0.000000000,-0.988396406,7.457700729,30,1,0
1302,21.716667175,3,0.608891070,1.332018375,-0.483289063,0.327535540,-0.678735375,0.000000000,-0.789212584,11.264159203,30,1,0
1303,21.733333588,3,0.600770593,1.336904287,-0.487227350,0.293155730,-0.678492963,0.000000000,-0.571704328,13.157640457,30,1,0
1304,21.750001907,3,0.592650175,1.341458082,-0.487227350,0.273230106,-0.678430021,-0.000000000,-0.338672280,14.114070892,30,1,0
1305,21.766668320,3,0.584529757,1.345679879,-0.487227350,0.253304452,-0.678413332,-0.000000000,-0.097911365,14.591609001,30,1,0
1306,21.783334732,3,0.576409280,1.349569559,-0.487227350,0.233378813,-0.678409040,0.000000000,0.146676227,14.828408241,30,1,0
1307,21.800001144,3,0.568288863,1.353127122,-0.487227350,0.213453174,-0.678407967,0.000000000,0.393022656,14.937322617,30,1,0
1308,21.816667557,3,0.560168386,1.356352568,-0.487227350,0.193527535,-0.678407848,0.000000000,0.639919877,14.971434593,30,1,0
1309,21.833333969,3,0.552047968,1.359245896,-0.487227350,0.173601896,-0.678407848,0.000000000,0.886576653,14.956540108,30,1,0
1310,21.850000381,3,0.543927550,1.361807108,-0.487227350,0.153676242,-0.678407848,-0.000000000,0.749537587,0.000000000,30,1,0
1311,21.866668701,3,0.535807073,1.364036322,-0.487227350,0.133750603,-0.678407848,0.000000000,0.696938396,-0.000000000,30,1,0
1312,21.883335114,3,0.527686656,1.365933418,-0.487227350,0.113824964,-0.284793288,24.282512665,0.683235288,0.000000000,30,1,0
1313,21.900001526,3,0.519566178,1.367498398,-0.487227350,0.093899325,0.275392860,35.682994843,0.679665446,0.000000000,30,1,0
1314,21.916667938,3,0.511445761,1.368731260,-0.487227350,0.073973678,0.889458001,39.665325165,0.678735077,-0.000000000,30,1,0
1315,21.933334351,3,0.503325343,1.369632125,-0.487227350,0.054048039,1.677504897,51.856082916,0.678492844,0.000000000,30,1,0
1316,21.950000763,3,0.495204866,1.370200872,-0.487227350,0.034122396,1.418629408,-0.000000000,0.678430021,0.000000000,30,1,0
1317,21.966667175,3,0.487084448,1.370437384,-0.487227350,0.014196755,1.319058180,0.000000000,0.678413630,-0.000000000,30,1,0
1318,21.983333588,3,0.478964001,1.370342016,-0.487227350,-0.005728886,1.009675503,-7.406807899,0.284799039,-24.282508850,30,1,0
1319,22.000001907,3,0.470843554,1.369914412,-0.487227350,-0.025654525,0.826173782,-11.079418182,-0.275386900,-35.682994843,30,1,0
1320,22.016668320,3,0.462723106,1.369154692,-0.487227350,-0.045580167,0.610004187,-13.075320244,-0.889452457,-39.665325165,30,1,0
1321,22.033334732,3,0.454602659,1.368062973,-0.487227350,-0.065505810,0.377693176,-14.069569588,-1.677496672,-51.856067657,30,1,0
1322,22.050001144,3,0.446482241,1.366639137,-0.487227350,-0.085431449,0.137326375,-14.567245483,-1.418622732,-0.000000000,30,1,0
1323,22.066667557,3,0.438361794,1.364883184,-0.487227350,-0.105357088,-0.107058510,-14.815858841,-1.319048405,0.000000000,30,1,0
1324,22.083333969,3,0.430241346,1.362795115,-0.487227350,-0.125282735,-0.353331089,-14.932746887,-1.009671926,7.406813622,30,1,0
1325,22.100000381,3,0.422120899,1.360375047,-0.487227350,-0.145208374,-0.600252688,-14.972967148,-0.826170206,11.079428673,30,1,0
1326,22.116668701,3,0.414000452,1.357622862,-0.487227350,-0.165134013,-0.847015023,-14.963080406,-0.610000312,13.075325966,30,1,0
1327,22.133335114,3,0.405880034,1.354538441,-0.487227350,-0.185059652,-0.729440033,-0.000000000,-0.377689093,14.069573402,30,1,0
1328,22.150001526,3,0.397759557,1.351122022,-0.487227350,-0.204985291,-0.691702604,0.000000000,-0.137322158,14.567247391,30,1,0
1329,22.166667938,3,0.389639080,1.347373486,-0.487227350,-0.224910930,-0.681871355,-0.000000000,0.107062690,14.815860748,30,1,0
1330,22.183334351,3,0.381518632,1.343292952,-0.487227350,-0.244836569,-0.679310024,0.000000000,0.353335351,14.932746887,30,1,0
1331,22.200000763,3,0.373398155,1.338880181,-0.487227350,-0.264762223,-0.678642869,0.000000000,0.600257039,14.972966194,30,1,0
1332,22.216667175,3,0.365277708,1.334135294,-0.487227350,-0.284687847,-0.678468883,0.000000000,0.847019374,14.963080406,30,1,0
1333,22.233333588,3,0.357157230,1.329058409,-0.487227350,-0.304613501,-0.678423464,0.000000000,0.729442477,0.000000000,30,1,0
1334,22.250001907,3,0.349036753,1.323649526,-0.487227350,-0.324539125,-0.678411841,0.000000000,0.691703260,-0.000000000,30,1,0
1335,22.266668320,3,0.340916306,1.317908406,-0.487227350,-0.344464779,-0.678408802,-0.000000000,0.681871653,0.000000000,30,1,0
1336,22.283334732,3,0.332795829,1.311835170,-0.487227350,-0.364390433,-0.678407967,-0.000000000,0.679309845,0.000000000,30,1,0
1337,22.300001144,3,0.324675381,1.305429935,-0.487227350,-0.384316057,-0.678407848,0.000000000,0.678642571,-0.000000000,30,1,0
1338,22.316667557,3,0.316554904,1.298692584,-0.487227350,-0.404241711,-0.678407848,0.000000000,0.678468764,-0.000000000,30,1,0
1339,22.333333969,3,0.308434427,1.291623116,-0.487227350,-0.424167335,-0.678407848,-0.000000000,0.678423464,0.000000000,30,1,0
1340,22.350000381,3,0.300313979,1.284221530,-0.487227350,-0.444092989,-0.678407848,0.000000000,0.678411841,-0.000000000,30,1,0
1341,22.366668701,3,0.292193502,1.276487947,-0.487227350,-0.464018643,-0.678407848,-0.000000000,0.678408802,0.000000000,30,1,0
1342,22.383335114,3,0.284073055,1.268422246,-0.487227350,-0.483944267,-0.678407848,0.000000000,0.678407967,-0.000000000,30,1,0
1343,22.400001526,3,0.275952578,1.260024309,-0.487227350,-0.503869891,-0.678407848,-0.000000000,0.678407848,0.000000000,30,1,0
1344,22.416667938,3,0.267832100,1.251294374,-0.487227350,-0.523795545,-0.678407848,0.000000000,0.678407848,-0.000000000,30,1,0
1345,22.433334351,3,0.259711653,1.242232442,-0.487227350,-0.543721199,-0.678407848,-0.000000000,0.678407848,0.000000000,30,1,0
1346,22.450000763,3,0.251591176,1.232838392,-0.487227350,-0.563646853,-0.678407848,0.000000000,0.678407848,-0.000000000,30,1,0
1347,22.466667175,3,0.243470713,1.223112106,-0.487227350,-0.583572507,-0.678407848,-0.000000000,0.678407848,0.000000000,30,1,0
1348,22.483333588,3,0.235350251,1.213053823,-0.487227350,-0.603498101,-0.678407848,0.000000000,0.678407848,-0.000000000,30,1,0
1349,22.500001907,3,0.227229789,1.202663422,-0.487227350,-0.623423755,-0.678407848,-0.000000000,0.678407848,0.000000000,30,1,0
1350,22.516668320,3,0.219109327,1.191941023,-0.487227350,-0.643349409,-0.678407848,0.000000000,0.678407848,-0.000000000,30,1,0
1351,22.533334732,3,0.210988849,1.180886388,-0.487227350,-0.663275063,-0.678407848,-0.000000000,0.678407848,0.000000000,30,1,0
1352,22.550001144,3,0.202868387,1.169499636,-0.487227350,-0.683200717,-0.678407848,0.000000000,0.678407848,-0.000000000,30,1,0
1353,22.566667557,3,0.194747940,1.157780886,-0.487227350,-0.703126311,-0.678407848,-0.000000000,0.678407848,0.000000000,30,1,0
1354,22.583333969,3,0.186627477,1.145730019,-0.487227350,-0.723051965,-0.678407848,0.000000000,0.678407848,-0.000000000,30,1,0
1355,22.600000381,3,0.178507030,1.133347034,-0.487227350,-0.742977619,-0.678407848,-0.000000000,0.678407848,0.000000000,30,1,0
1356,22.616668701,3,0.170386583,1.120631933,-0.487227350,-0.762903273,-0.678407848,0.000000000,0.678407848,-0.000000000,30,1,0
1357,22.633335114,3,0.162266120,1.107584834,-0.487227350,-0.782828927,-0.678407848,-0.000000000,0.678407848,0.000000000,30,1,0
1358,22.650001526,3,0.154145673,1.094205618,-0.487227350,-0.802754521,-0.678407848,0.000000000,0.678407848,-0.000000000,30,1,0
1359,22.666667938,3,0.146025211,1.080494165,-0.487227350,-0.822680116,-0.678407848,-0.000000000,0.678407848,0.000000000,30,1,0
1360,22.683334351,3,0.137904763,1.066450834,-0.487227350,-0.842605710,-0.678407848,0.000000000,0.678407848,-0.000000000,30,1,0
1361,22.700000763,3,0.135121211,1.055080771,0.625701189,-0.222687155,-0.678407848,-0.000000000,0.678407848,0.000000000,30,1,0
1362,22.716667175,3,0.145549566,1.051037192,0.625701189,-0.242612794,-0.678407848,0.000000000,0.678407848,-0.000000000,30,1,0
1363,22.733333588,3,0.155977935,1.046661615,0.625701189,-0.262538433,-0.678407848,-0.000000000,0.678407848,0.000000000,30,1,0
1364,22.750001907,3,0.166406289,1.041953802,0.625701189,-0.282464087,-0.678407848,0.000000000,0.678407848,-0.000000000,30,1,0
1365,22.766668320,3,0.176834643,1.036914110,0.625701189,-0.302389711,-0.678407848,-0.000000000,0.678407848,0.000000000,30,1,0
1366,22.783334732,3,0.187262997,1.031542063,0.625701189,-0.322315365,-0.678407848,0.000000000,0.678407848,-0.000000000,30,1,0
1367,22.800001144,3,0.197691351,1.025838137,0.625701189,-0.342240989,-0.678407848,-0.000000000,0.678407848,0.000000000,30,1,0
1368,22.816667557,3,0.208119705,1.019801974,0.625701189,-0.362166643,-0.678407848,0.000000000,0.678407848,-0.000000000,30,1,0
1369,22.833333969,3,0.218548059,1.013433814,0.625701189,-0.382092297,-0.678407848,-0.000000000,0.678407848,0.000000000,30,1,0
1370,22.850000381,3,0.228976414,1.006733537,0.625701189,-0.402017921,-0.678407848,0.000000000,0.678407848,-0.000000000,30,1,0
1371,22.866668701,3,0.239404768,0.999701142,0.625701189,-0.421943575,-0.678407848,-0.000000000,0.678407848,0.000000000,30,1,0
1372,22.883335114,3,0.249833137,0.992336631,0.625701189,-0.441869199,-0.678407848,0.000000000,0.678407848,-0.000000000,30,1,0
1373,22.900001526,3,0.260261476,0.984640002,0.625701189,-0.461794853,-0.678407848,-0.000000000,0.678407848,0.000000000,30,1,0
1374,22.916667938,3,0.270689845,0.976611316,0.625701189,-0.481720507,-0.678407848,0.000000000,0.678407848,-0.000000000,30,1,0
1375,22.933334351,3,0.281118214,0.968250573,0.625701189,-0.501646161,-0.678407848,-0.000000000,0.678407848,0.000000000,30,1,0
1376,22.950000763,3,0.291546553,0.959557712,0.625701189,-0.521571755,-0.678407848,0.000000000,0.678407848,-0.000000000,30,1,0
1377,22.966667175,3,0.301974922,0.950532734,0.625701189,-0.541497409,-0.678407848,-0.000000000,0.678407848,0.000000000,30,1,0
1378,22.983333588,3,0.312403262,0.941175640,0.625701189,-0.561423063,-0.284793347,24.282508850,0.678407848,-0.000000000,30,1,0
1379,23.000001907,3,0.322831631,0.931486487,0.625701189,-0.581348717,0.275392801,35.682994843,0.678407848,0.000000000,30,1,0
1380,23.016668320,3,0.333260000,0.921465278,0.625701189,-0.601274371,0.889458060,39.665328979,0.678407848,-0.000000000,30,1,0
1381,23.033334732,3,0.343688339,0.911111951,0.625701189,-0.621199965,1.677504778,51.856075287,0.678407848,0.000000000,30,1,0
1382,23.050001144,3,0.354116708,0.900426507,0.625701189,-0.641125619,1.418630958,0.000000000,0.678407848,-0.000000000,30,1,0
1383,23.066667557,3,0.364545047,0.889408946,0.625701189,-0.661051273,1.319059134,0.000000000,0.678407848,0.000000000,30,1,0
1384,23.083333969,3,0.374973416,0.878059387,0.625701189,-0.680976927,1.103648782,0.000000000,0.678407848,-0.000000000,30,1,0
1385,23.100000381,3,0.385401785,0.866377652,0.625701189,-0.700902581,0.988394856,-7.457700253,0.678407848,0.000000000,30,1,0
1386,23.116668701,3,0.395830125,0.854363799,0.625701189,-0.720828176,0.789211750,-11.264159203,0.678407848,-0.000000000,30,1,0
1387,23.133335114,3,0.406258494,0.842017949,0.625701189,-0.740753829,0.571703315,-13.157641411,0.678407848,0.000000000,30,1,0
1388,23.150001526,3,0.416686833,0.829339981,0.625701189,-0.760679483,0.338671327,-14.114070892,0.678407848,-0.000000000,30,1,0
1389,23.166667938,3,0.427115142,0.816329837,0.625701189,-0.780605137,0.097910419,-14.591609001,0.678407848,0.000000000,30,1,0
1390,23.183334351,3,0.437543482,0.802987695,0.625701189,-0.800530732,-0.146677166,-14.828408241,0.284793347,-24.282508850,30,1,0
1391,23.200000763,3,0.447971821,0.789313436,0.625701189,-0.820456326,-0.393023610,-14.937321663,-0.275392860,-35.682994843,30,1,0
1392,23.216667175,3,0.458400160,0.775307059,0.625701189,-0.840381920,-0.639920413,-14.971434593,-0.889458358,-39.665328979,30,1,0
1393,23.233335495,3,0.468828499,0.760968566,0.625701189,-0.860307515,-0.886577129,-14.956541061,-1.677505255,-51.856098175,30,1,0
1394,23.250001907,3,0.479256809,0.746298015,0.625701189,-0.880233109,-0.749537766,-0.000000000,-1.418632269,0.000000000,30,1,0
1395,23.266668320,3,0.489685148,0.731295407,0.625701189,-0.900158703,-0.696938515,0.000000000,-1.319060922,-0.000000000,30,1,0
1396,23.283334732,3,0.500113487,0.715960622,0.625701189,-0.920084298,-0.683235407,0.000000000,-1.103650093,-0.000000000,30,1,0
1397,23.300001144,3,0.510541797,0.700293839,0.625701189,-0.940009892,-0.679665446,0.000000000,-0.988396347,7.457702637,30,1,0
1398,23.316667557,3,0.520970166,0.684294879,0.625701189,-0.959935486,-0.678735375,0.000000000,-0.789212525,11.264160156,30,1,0
1399,23.333333969,3,0.531398475,0.667963862,0.625701189,-0.979861081,-0.678492963,0.000000000,-0.571704268,13.157640457,30,1,0
1400,23.350000381,3,0.541826844,0.651300788,0.625701189,-0.999786675,-0.678430021,-0.000000000,-0.338672251,14.114070892,30,1,0
1401,23.366668701,3,0.552255154,0.634305596,0.625701189,-1.019712210,-0.678413332,-0.000000000,-0.097911358,14.591609001,30,1,0
1402,23.383335114,3,0.562683463,0.616978288,0.625701189,-1.039637804,-0.678409040,0.000000000,0.146676227,14.828408241,30,1,0
1403,23.400001526,3,0.573111832,0.599318862,0.625701189,-1.059563398,-0.678407967,0.000000000,0.393022656,14.937322617,30,1,0
1404,23.416667938,3,0.583540142,0.581327379,0.625701189,-1.079488993,-0.678407848,0.000000000,0.639919877,14.971435547,30,1,0
1405,23.433334351,3,0.593968511,0.563003838,0.625701189,-1.099414587,-0.678407848,0.000000000,0.886576653,14.956540108,30,1,0
1406,23.450000763,3,0.604396820,0.544348121,0.625701189,-1.119340181,-0.678407848,-0.000000000,0.749537587,0.000000000,30,1,0
1407,23.466667175,3,0.614825130,0.525360405,0.625701189,-1.139265776,-0.678407848,0.000000000,0.696938396,-0.000000000,30,1,0
1408,23.483335495,3,0.625253499,0.506040514,0.625701189,-1.159191370,-0.284793288,24.282512665,0.683235288,0.000000000,30,1,0
1409,23.500001907,3,0.635681808,0.486388594,0.625701189,-1.179116964,0.275392860,35.682994843,0.679665446,0.000000000,30,1,0
1410,23.516668320,3,0.643333554,0.474654824,-0.032984499,0.795821965,0.889458001,39.665325165,0.678735077,-0.000000000,30,1,0
1411,23.533334732,3,0.632529020,0.494063139,-0.648273528,1.164499998,1.677504897,51.856082916,0.678492844,0.000000000,35,1,0
1412,23.550001144,3,0.621724486,0.513139367,-0.648273528,1.144574404,1.418629408,-0.000000000,0.678430021,0.000000000,35,1,0
1413,23.566667557,3,0.610919893,0.531883538,-0.648273528,1.124648809,1.319058180,0.000000000,0.678413630,-0.000000000,35,1,0
1414,23.583333969,3,0.600115359,0.550295591,-0.648273528,1.104723215,1.009675503,-7.406807899,0.284799039,-24.282508850,35,1,0
1415,23.600000381,3,0.589310765,0.568375528,-0.648273528,1.084797621,0.826173782,-11.079418182,-0.275386900,-35.682994843,35,1,0
1416,23.616668701,3,0.578506231,0.586123407,-0.648273528,1.064872026,0.610004187,-13.075320244,-0.889452457,-39.665325165,35,1,0
1417,23.633335114,3,0.567701697,0.603539169,-0.648273528,1.044946432,0.377693176,-14.069569588,-1.677496672,-51.856067657,35,1,0
1418,23.650001526,3,0.556897104,0.620622873,-0.648273528,1.025020838,0.137326375,-14.567245483,-1.418622732,-0.000000000,35,1,0
1419,23.666667938,3,0.546092570,0.637374461,-0.648273528,1.005095243,-0.107058510,-14.815858841,-1.319048405,0.000000000,35,1,0
1420,23.683334351,3,0.535287976,0.653793931,-0.648273528,0.985169590,-0.353331089,-14.932746887,-1.009671926,7.406813622,35,1,0
1421,23.700000763,3,0.524483442,0.669881344,-0.648273528,0.965243995,-0.600252688,-14.972967148,-0.826170206,11.079428673,35,1,0
1422,23.716667175,3,0.513678908,0.685636640,-0.648273528,0.945318401,-0.847015023,-14.963080406,-0.610000312,13.075325966,35,1,0
1423,23.733335495,3,0.502874315,0.701059878,-0.648273528,0.925392807,-0.729440033,-0.000000000,-0.377689093,14.069573402,35,1,0
1424,23.750001907,3,0.492069781,0.716150999,-0.648273528,0.905467212,-0.691702604,0.000000000,-0.137322158,14.567247391,35,1,0
1425,23.766668320,3,0.481265217,0.730910003,-0.648273528,0.885541618,-0.681871355,-0.000000000,0.107062690,14.815860748,35,1,0
1426,23.783334732,3,0.470460653,0.745336950,-0.648273528,0.865616024,-0.679310024,0.000000000,0.353335351,14.932746887,35,1,0
1427,23.800001144,3,0.459656090,0.759431779,-0.648273528,0.845690429,-0.678642869,0.000000000,0.600257039,14.972966194,35,1,0
1428,23.816667557,3,0.448851526,0.773194551,-0.648273528,0.825764835,-0.678468883,0.000000000,0.847019374,14.963080406,35,1,0
1429,23.833333969,3,0.438046992,0.786625206,-0.648273528,0.805839241,-0.678423464,0.000000000,0.729442477,0.000000000,35,1,0
1430,23.850000381,3,0.427242428,0.799723744,-0.648273528,0.785913587,-0.678411841,0.000000000,0.691703260,-0.000000000,35,1,0
1431,23.866668701,3,0.416437864,0.812490284,-0.648273528,0.765987992,-0.678408802,-0.000000000,0.681871653,0.000000000,35,1,0
1432,23.883335114,3,0.405633301,0.824924648,-0.648273528,0.746062338,-0.678407967,-0.000000000,0.679309845,0.000000000,35,1,0
1433,23.900001526,3,0.394828737,0.837026954,-0.648273528,0.726136684,-0.678407848,0.000000000,0.678642571,-0.000000000,35,1,0
1434,23.916667938,3,0.384024203,0.848797143,-0.648273528,0.706211030,-0.678407848,0.000000000,0.678468764,-0.000000000,35,1,0
1435,23.933334351,3,0.373219639,0.860235214,-0.648273528,0.686285377,-0.678407848,-0.000000000,0.678423464,0.000000000,35,1,0
1436,23.950000763,3,0.362415075,0.871341228,-0.648273528,0.666359782,-0.678407848,0.000000000,0.678411841,-0.000000000,35,1,0
1437,23.966667175,3,0.351610512,0.882115185,-0.648273528,0.646434128,-0.678407848,-0.000000000,0.678408802,0.000000000,35,1,0
1438,23.983335495,3,0.340805948,0.892556965,-0.648273528,0.626508474,-0.678407848,0.000000000,0.678407967,-0.000000000,35,1,0
1439,24.000001907,3,0.330001414,0.902666688,-0.648273528,0.606582820,-0.678407848,-0.000000000,0.678407848,0.000000000,35,1,0
1440,24.016668320,3,0.319196850,0.912444293,-0.648273528,0.586657166,-0.678407848,0.000000000,0.678407848,-0.000000000,35,1,0
1441,24.033334732,3,0.308392286,0.921889901,-0.648273528,0.566731572,-0.678407848,-0.000000000,0.678407848,0.000000000,35,1,0
1442,24.050001144,3,0.297587723,0.931003273,-0.648273528,0.546805918,-0.678407848,0.000000000,0.678407848,-0.000000000,35,1,0
1443,24.066667557,3,0.286783159,0.939784646,-0.648273528,0.526880264,-0.678407848,-0.000000000,0.678407848,0.000000000,35,1,0
1444,24.083333969,3,0.275978625,0.948233902,-0.648273528,0.506954610,-0.678407848,0.000000000,0.678407848,-0.000000000,35,1,0
1445,24.100000381,3,0.265174061,0.956350982,-0.648273528,0.487028986,-0.678407848,-0.000000000,0.678407848,0.000000000,35,1,0
1446,24.116668701,3,0.254369497,0.964136004,-0.648273528,0.467103332,-0.678407848,0.000000000,0.678407848,-0.000000000,35,1,0
1447,24.133335114,3,0.243564934,0.971588969,-0.648273528,0.447177708,-0.678407848,-0.000000000,0.678407848,0.000000000,35,1,0
1448,24.150001526,3,0.232760385,0.978709877,-0.648273528,0.427252054,-0.678407848,0.000000000,0.678407848,-0.000000000,35,1,0
1449,24.166667938,3,0.221955821,0.985498607,-0.648273528,0.407326400,-0.678407848,-0.000000000,0.678407848,0.000000000,35,1,0
1450,24.183334351,3,0.211151272,0.991955280,-0.648273528,0.387400776,-0.678407848,0.000000000,0.678407848,-0.000000000,35,1,0
1451,24.200000763,3,0.200346708,0.998079896,-0.648273528,0.367475122,-0.678407848,-0.000000000,0.678407848,0.000000000,35,1,0
1452,24.216667175,3,0.189542145,1.003872395,-0.648273528,0.347549498,-0.678407848,0.000000000,0.678407848,-0.000000000,35,1,0
1453,24.233335495,3,0.178737596,1.009332776,-0.648273528,0.327623844,-0.678407848,-0.000000000,0.678407848,0.000000000,35,1,0
1454,24.250001907,3,0.167933032,1.014461040,-0.648273528,0.307698190,-0.678407848,0.000000000,0.678407848,-0.000000000,35,1,0
1455,24.266668320,3,0.157128483,1.019257307,-0.648273528,0.287772566,-0.678407848,-0.000000000,0.678407848,0.000000000,35,1,0
1456,24.283334732,3,0.149127215,1.024527431,0.084415071,0.407242060,-0.678407848,0.000000000,0.678407848,-0.000000000,35,1,0
1457,24.300001144,3,0.150534138,1.030982733,0.084415071,0.387316406,-0.678407848,-0.000000000,0.678407848,0.000000000,35,1,0
1458,24.316667557,3,0.151941061,1.037105799,0.084415071,0.367390782,-0.678407848,0.000000000,0.678407848,-0.000000000,35,1,0
1459,24.333333969,3,0.153347984,1.042896986,0.084415071,0.347465128,-0.678407848,-0.000000000,0.678407848,0.000000000,35,1,0
1460,24.350000381,3,0.154754907,1.048355937,0.084415071,0.327539504,-0.678407848,0.000000000,0.678407848,-0.000000000,35,1,0
1461,24.366668701,3,0.156161815,1.053482771,0.084415071,0.307613850,-0.678407848,-0.000000000,0.678407848,0.000000000,35,1,0
1462,24.383335114,3,0.157568738,1.058277607,0.084415071,0.287688196,-0.678407848,0.000000000,0.678407848,-0.000000000,35,1,0
1463,24.400001526,3,0.158975661,1.062740326,0.084415071,0.267762572,-0.678407848,-0.000000000,0.678407848,0.000000000,35,1,0
1464,24.416667938,3,0.160382584,1.066870928,0.084415071,0.247836918,-0.678407848,0.000000000,0.678407848,-0.000000000,35,1,0
1465,24.433334351,3,0.161789507,1.070669413,0.084415071,0.227911279,-0.678407848,-0.000000000,0.678407848,0.000000000,35,1,0
1466,24.450000763,3,0.163196415,1.074135900,0.084415071,0.207985640,-0.678407848,0.000000000,0.678407848,-0.000000000,35,1,0
1467,24.466667175,3,0.164603338,1.077270269,0.084415071,0.188060001,-0.678407848,-0.000000000,0.678407848,0.000000000,35,1,0
1468,24.483335495,3,0.166010261,1.080072522,0.084415071,0.168134362,-0.678407848,0.000000000,0.678407848,-0.000000000,35,1,0
1469,24.500001907,3,0.167417184,1.082542658,0.084415071,0.148208708,-0.678407848,-0.000000000,0.678407848,0.000000000,35,1,0
1470,24.516668320,3,0.168824106,1.084680676,0.084415071,0.128283069,-0.678407848,0.000000000,0.678407848,-0.000000000,35,1,0
1471,24.533334732,3,0.170231014,1.086486578,0.084415071,0.108357430,-0.678407848,-0.000000000,0.678407848,0.000000000,35,1,0
1472,24.550001144,3,0.171637937,1.087960482,0.084415071,0.088431790,-0.678407848,0.000000000,0.678407848,-0.000000000,35,1,0
1473,24.566667557,3,0.173044860,1.089102268,0.084415071,0.068506144,-0.678407848,-0.000000000,0.678407848,0.000000000,35,1,0
1474,24.583333969,3,0.174451783,1.089911938,0.084415071,0.048580505,-0.284793347,24.282508850,0.678407848,-0.000000000,35,1,0
1475,24.600000381,3,0.175858706,1.090389490,0.084415071,0.028654862,0.275392801,35.682994843,0.678407848,0.000000000,35,1,0
1476,24.616668701,3,0.177265614,1.090535045,0.084415071,0.008729221,0.889458060,39.665328979,0.678407848,-0.000000000,35,1,0
1477,24.633335114,3,0.178672537,1.090348482,0.084415071,-0.011196420,1.677504778,51.856075287,0.678407848,0.000000000,35,1,0
1478,24.650001526,3,0.180079460,1.089829683,0.084415071,-0.031122059,1.418630958,0.000000000,0.678407848,-0.000000000,35,1,0
1479,24.666667938,3,0.181486383,1.088979006,0.084415071,-0.051047701,1.319059134,0.000000000,0.678407848,0.000000000,35,1,0
1480,24.683334351,3,0.182893306,1.087796092,0.084415071,-0.070973344,1.103648782,0.000000000,0.678407848,-0.000000000,35,1,0
1481,24.700000763,3,0.184300214,1.086281061,0.084415071,-0.090898983,0.988394856,-7.457700253,0.678407848,0.000000000,35,1,0
1482,24.716667175,3,0.185707137,1.084434032,0.084415071,-0.110824622,0.789211750,-11.264159203,0.678407848,-0.000000000,35,1,0
1483,24.733335495,3,0.187114060,1.082254887,0.084415071,-0.130750269,0.571703315,-13.157641411,0.678407848,0.000000000,35,1,0
1484,24.750001907,3,0.188520983,1.079743624,0.084415071,-0.150675908,0.338671327,-14.114070892,0.678407848,-0.000000000,35,1,0
1485,24.766668320,3,0.189927906,1.076900244,0.084415071,-0.170601547,0.097910419,-14.591609001,0.678407848,0.000000000,35,1,0
1486,24.783334732,3,0.191334814,1.073724747,0.084415071,-0.190527186,-0.146677166,-14.828408241,0.284793347,-24.282508850,35,1,0
1487,24.800001144,3,0.192741737,1.070217252,0.084415071,-0.210452825,-0.393023610,-14.937321663,-0.275392860,-35.682994843,35,1,0
1488,24.816667557,3,0.194148660,1.066377521,0.084415071,-0.230378464,-0.639920413,-14.971434593,-0.889458358,-39.665328979,35,1,0
1489,24.833333969,3,0.195555583,1.062205791,0.084415071,-0.250304103,-0.886577129,-14.956541061,-1.677505255,-51.856098175,35,1,0
1490,24.850000381,3,0.196962506,1.057701945,0.084415071,-0.270229757,-0.749537766,-0.000000000,-1.418632269,0.000000000,35,1,0
1491,24.866668701,3,0.198369414,1.052866101,0.084415071,-0.290155381,-0.696938515,0.000000000,-1.319060922,-0.000000000,35,1,0
1492,24.883335114,3,0.199776337,1.047698021,0.084415071,-0.310081035,-0.683235407,0.000000000,-1.103650093,-0.000000000,35,1,0
1493,24.900001526,3,0.201183245,1.042197943,0.084415071,-0.330006659,-0.679665446,0.000000000,-0.988396347,7.457702637,35,1,0
1494,24.916667938,3,0.202590153,1.036365747,0.084415071,-0.349932313,-0.678735375,0.000000000,-0.789212525,11.264160156,35,1,0
1495,24.933334351,3,0.203997061,1.030201435,0.084415071,-0.369857967,-0.678492963,0.000000000,-0.571704268,13.157640457,35,1,0
1496,24.950000763,3,0.205403969,1.023705006,0.084415071,-0.389783591,-0.678430021,-0.000000000,-0.338672251,14.114070892,35,1,0
1497,24.966667175,3,0.206810877,1.016876459,0.084415071,-0.409709215,-0.678413332,-0.000000000,-0.097911358,14.591609001,35,1,0
1498,24.983335495,3,0.208217785,1.009715915,0.084415071,-0.429634869,-0.678409040,0.000000000,0.146676227,14.828408241,35,1,0
1499,25.000001907,3,0.209624693,1.002223253,0.084415071,-0.449560493,-0.678407967,0.000000000,0.393022656,14.937322617,35,1,0
1500,25.016668320,3,0.211031601,0.994398475,0.084415071,-0.469486147,-0.678407848,0.000000000,0.639919877,14.971435547,35,1,0
1501,25.033334732,3,0.212438509,0.986241639,0.084415071,-0.489411771,-0.678407848,0.000000000,0.886576653,14.956540108,35,1,0
1502,25.050001144,3,0.213845417,0.977752686,0.084415071,-0.509337425,-0.678407848,-0.000000000,0.749537587,0.000000000,35,1,0
1503,25.066667557,3,0.215252325,0.968931675,0.084415071,-0.529263079,-0.678407848,0.000000000,0.696938396,-0.000000000,35,1,0
1504,25.083333969,3,0.216659233,0.959778488,0.084415071,-0.549188733,-0.284793288,24.282512665,0.683235288,0.000000000,35,1,0
1505,25.100000381,3,0.218066141,0.950293243,0.084415071,-0.569114327,0.275392860,35.682994843,0.679665446,0.000000000,35,1,0
1506,25.116668701,3,0.219473049,0.940475941,0.084415071,-0.589039981,0.889458001,39.665325165,0.678735077,-0.000000000,35,1,0
1507,25.133335114,3,0.220879957,0.930326581,0.084415071,-0.608965635,1.677504897,51.856082916,0.678492844,0.000000000,35,1,0
1508,25.150001526,3,0.222286865,0.919844985,0.084415071,-0.628891289,1.418629408,-0.000000000,0.678430021,0.000000000,35,1,0
1509,25.166667938,3,0.223693773,0.909031391,0.084415071,-0.648816943,1.319058180,0.000000000,0.678413630,-0.000000000,35,1,0
1510,25.183334351,3,0.225100681,0.897885680,0.084415071,-0.668742537,1.009675503,-7.406807899,0.284799039,-24.282508850,35,1,0
1511,25.200000763,3,0.226507589,0.886407852,0.084415071,-0.688668191,0.826173782,-11.079418182,-0.275386900,-35.682994843,35,1,0
1512,25.216667175,3,0.227914497,0.874597907,0.084415071,-0.708593845,0.610004187,-13.075320244,-0.889452457,-39.665325165,35,1,0
1513,25.233335495,3,0.229321405,0.862455964,0.084415071,-0.728519499,0.377693176,-14.069569588,-1.677496672,-51.856067657,35,1,0
1514,25.250001907,3,0.230728313,0.849981904,0.084415071,-0.748445153,0.137326375,-14.567245483,-1.418622732,-0.000000000,35,1,0
1515,25.266668320,3,0.232135221,0.837175667,0.084415071,-0.768370748,-0.107058510,-14.815858841,-1.319048405,0.000000000,35,1,0
1516,25.283334732,3,0.233542129,0.824037373,0.084415071,-0.788296402,-0.353331089,-14.932746887,-1.009671926,7.406813622,35,1,0
1517,25.300001144,3,0.234949037,0.810567021,0.084415071,-0.808221996,-0.600252688,-14.972967148,-0.826170206,11.079428673,35,1,0
1518,25.316667557,3,0.236355945,0.796764493,0.084415071,-0.828147590,-0.847015023,-14.963080406,-0.610000312,13.075325966,35,1,0
1519,25.333333969,3,0.237762854,0.782629967,0.084415071,-0.848073184,-0.729440033,-0.000000000,-0.377689093,14.069573402,35,1,0
1520,25.350000381,3,0.239169762,0.768163323,0.084415071,-0.867998779,-0.691702604,0.000000000,-0.137322158,14.567247391,35,1,0
1521,25.366668701,3,0.240576670,0.753364563,0.084415071,-0.887924373,-0.681871355,-0.000000000,0.107062690,14.815860748,35,1,0
1522,25.383335114,3,0.241983578,0.738233685,0.084415071,-0.907849967,-0.679310024,0.000000000,0.353335351,14.932746887,35,1,0
1523,25.400001526,3,0.243390486,0.722770810,0.084415071,-0.927775562,-0.678642869,0.000000000,0.600257039,14.972966194,35,1,0
1524,25.416667938,3,0.244797394,0.706975758,0.084415071,-0.947701156,-0.678468883,0.000000000,0.847019374,14.963080406,35,1,0
1525,25.433334351,3,0.246204302,0.690848649,0.084415071,-0.967626750,-0.678423464,0.000000000,0.729442477,0.000000000,35,1,0
1526,25.450000763,3,0.247611210,0.674389422,0.084415071,-0.987552345,-0.678411841,0.000000000,0.691703260,-0.000000000,35,1,0
1527,25.466667175,3,0.249018118,0.657598138,0.084415071,-1.007477999,-0.678408802,-0.000000000,0.681871653,0.000000000,35,1,0
1528,25.483335495,3,0.250425041,0.640474677,0.084415071,-1.027403593,-0.678407967,-0.000000000,0.679309845,0.000000000,35,1,0
1529,25.500001907,3,0.251831949,0.623019218,0.084415071,-1.047329187,-0.678407848,0.000000000,0.678642571,-0.000000000,35,1,0
1530,25.516668320,3,0.253238857,0.605231643,0.084415071,-1.067254782,-0.678407848,0.000000000,0.678468764,-0.000000000,35,1,0
1531,25.533334732,3,0.254645765,0.587111950,0.084415071,-1.087180376,-0.678407848,-0.000000000,0.678423464,0.000000000,35,1,0
1532,25.550001144,3,0.256052673,0.568660140,0.084415071,-1.107105970,-0.678407848,0.000000000,0.678411841,-0.000000000,35,1,0
1533,25.566667557,3,0.254757255,0.553300500,-0.714583278,-0.038777363,-0.678407848,-0.000000000,0.678408802,0.000000000,35,1,0
1534,25.583333969,3,0.234271139,0.560898542,-1.229167342,0.455881059,-0.678407848,0.000000000,0.678407967,-0.000000000,35,1,0
1535,25.600002289,3,0.213785022,0.568164468,-1.229167342,0.435955435,-0.678407848,-0.000000000,0.678407848,0.000000000,35,1,0
1536,25.616668701,3,0.193298906,0.575098276,-1.229167342,0.416029781,-0.678407848,0.000000000,0.678407848,-0.000000000,35,1,0
1537,25.633335114,3,0.172812775,0.581699967,-1.229167342,0.396104157,-0.678407848,-0.000000000,0.678407848,0.000000000,35,1,0
1538,25.650001526,3,0.152326643,0.587969661,-1.229167342,0.376178503,-0.678407848,0.000000000,0.678407848,-0.000000000,35,1,0
1539,25.666667938,3,0.131840512,0.593907177,-1.229167342,0.356252849,-0.678407848,-0.000000000,0.678407848,0.000000000,35,1,0
1540,25.683334351,3,0.111354388,0.599512637,-1.229167342,0.336327225,-0.678407848,0.000000000,0.678407848,-0.000000000,35,1,0
1541,25.700000763,3,0.090868264,0.604785979,-1.229167342,0.316401571,-0.678407848,-0.000000000,0.678407848,0.000000000,35,1,0
1542,25.716667175,3,0.070382141,0.609727263,-1.229167342,0.296475947,-0.678407848,0.000000000,0.678407848,-0.000000000,35,1,0
1543,25.733335495,3,0.049896020,0.614336371,-1.229167342,0.276550293,-0.678407848,-0.000000000,0.678407848,0.000000000,35,1,0
1544,25.750001907,3,0.029409897,0.618613482,-1.229167342,0.256624639,-0.678407848,0.000000000,0.678407848,-0.000000000,35,1,0
1545,25.766668320,3,0.031867065,0.623710513,0.688333690,0.337298095,-0.678407848,-0.000000000,0.678407848,0.000000000,35,1,0
1546,25.783334732,3,0.043339290,0.629000068,0.688333690,0.317372471,-0.678407848,0.000000000,0.678407848,-0.000000000,35,1,0
1547,25.800001144,3,0.054811519,0.633957505,0.688333690,0.297446817,-0.678407848,-0.000000000,0.678407848,0.000000000,35,1,0
1548,25.816667557,3,0.066283748,0.638582826,0.688333690,0.277521193,-0.678407848,0.000000000,0.678407848,-0.000000000,35,1,0
1549,25.833333969,3,0.077755980,0.642876089,0.688333690,0.257595539,-0.678407848,-0.000000000,0.678407848,0.000000000,35,1,0
1550,25.850002289,3,0.089228213,0.646837294,0.688333690,0.237669900,-0.678407848,0.000000000,0.678407848,-0.000000000,35,1,0
1551,25.866668701,3,0.100700438,0.650466323,0.688333690,0.217744261,-0.678407848,-0.000000000,0.678407848,0.000000000,35,1,0
1552,25.883335114,3,0.112172663,0.653763354,0.688333690,0.197818607,-0.678407848,0.000000000,0.678407848,-0.000000000,35,1,0
1553,25.900001526,3,0.123644888,0.656728208,0.688333690,0.177892968,-0.678407848,-0.000000000,0.678407848,0.000000000,35,1,0
1554,25.916667938,3,0.135117114,0.659361005,0.688333690,0.157967329,-0.678407848,0.000000000,0.678407848,-0.000000000,35,1,0
1555,25.933334351,3,0.146589339,0.661661744,0.688333690,0.138041690,-0.678407848,-0.000000000,0.678407848,0.000000000,35,1,0
1556,25.950000763,3,0.158061564,0.663630366,0.688333690,0.118116044,-0.678407848,0.000000000,0.678407848,-0.000000000,35,1,0
1557,25.966667175,3,0.169533789,0.665266871,0.688333690,0.098190404,-0.678407848,-0.000000000,0.678407848,0.000000000,35,1,0
1558,25.983335495,3,0.181006014,0.666571259,0.688333690,0.078264758,-0.678407848,0.000000000,0.678407848,-0.000000000,35,1,0
1559,26.000001907,3,0.192478240,0.667543590,0.688333690,0.058339119,-0.678407848,-0.000000000,0.678407848,0.000000000,35,1,0
1560,26.016668320,3,0.203950480,0.668183804,0.688333690,0.038413476,-0.678407848,0.000000000,0.678407848,-0.000000000,35,1,0
1561,26.033334732,3,0.215422705,0.668491960,0.688333690,0.018487837,-0.678407848,-0.000000000,0.678407848,0.000000000,35,1,0
1562,26.050001144,3,0.226894930,0.668467939,0.688333690,-0.001437804,-0.678407848,0.000000000,0.678407848,-0.000000000,35,1,0
1563,26.066667557,3,0.238367155,0.668111920,0.688333690,-0.021363445,-0.678407848,-0.000000000,0.678407848,0.000000000,35,1,0
1564,26.083333969,3,0.249839380,0.667423725,0.688333690,-0.041289084,-0.678407848,0.000000000,0.678407848,-0.000000000,35,1,0
1565,26.100002289,3,0.261311591,0.666403472,0.688333690,-0.061214726,-0.678407848,-0.000000000,0.678407848,0.000000000,35,1,0
1566,26.116668701,3,0.272783816,0.665051103,0.688333690,-0.081140369,-0.678407848,0.000000000,0.678407848,-0.000000000,35,1,0
1567,26.133335114,3,0.284256041,0.663366675,0.688333690,-0.101066008,-0.678407848,-0.000000000,0.678407848,0.000000000,35,1,0
1568,26.150001526,3,0.295728266,0.661350131,0.688333690,-0.120991647,-0.678407848,0.000000000,0.678407848,-0.000000000,35,1,0
1569,26.166667938,3,0.307200491,0.659001529,0.688333690,-0.140917286,-0.678407848,-0.000000000,0.678407848,0.000000000,35,1,0
1570,26.183334351,3,0.318672717,0.656320810,0.688333690,-0.160842925,-0.284793347,24.282508850,0.678407848,-0.000000000,35,1,0
1571,26.200000763,3,0.330144942,0.653308034,0.688333690,-0.180768579,0.275392801,35.682994843,0.678407848,0.000000000,35,1,0
1572,26.216667175,3,0.341617167,0.649963081,0.688333690,-0.200694203,0.889458060,39.665328979,0.678407848,-0.000000000,35,1,0
1573,26.233335495,3,0.353089392,0.646286130,0.688333690,-0.220619842,1.677504778,51.856075287,0.678407848,0.000000000,35,1,0
1574,26.250001907,3,0.364561617,0.642277002,0.688333690,-0.240545481,1.418630958,0.000000000,0.678407848,-0.000000000,35,1,0
1575,26.266668320,3,0.376033843,0.637935817,0.688333690,-0.260471135,1.319059134,0.000000000,0.678407848,0.000000000,35,1,0
1576,26.283334732,3,0.387506068,0.633262515,0.688333690,-0.280396760,1.103648782,0.000000000,0.678407848,-0.000000000,35,1,0
1577,26.300001144,3,0.398978293,0.628257155,0.688333690,-0.300322413,0.988394856,-7.457700253,0.678407848,0.000000000,35,1,0
1578,26.316667557,3,0.410450548,0.622919679,0.688333690,-0.320248067,0.789211750,-11.264159203,0.678407848,-0.000000000,35,1,0
1579,26.333333969,3,0.421922773,0.617250144,0.688333690,-0.340173692,0.571703315,-13.157641411,0.678407848,0.000000000,35,1,0
1580,26.350002289,3,0.433394998,0.611248493,0.688333690,-0.360099345,0.338671327,-14.114070892,0.678407848,-0.000000000,35,1,0
1581,26.366668701,3,0.444867224,0.604914784,0.688333690,-0.380024970,0.097910419,-14.591609001,0.678407848,0.000000000,35,1,0
1582,26.383335114,3,0.456339449,0.598248899,0.688333690,-0.399950624,-0.146677166,-14.828408241,0.284793347,-24.282508850,35,1,0
1583,26.400001526,3,0.467811674,0.591251016,0.688333690,-0.419876248,-0.393023610,-14.937321663,-0.275392860,-35.682994843,35,1,0
1584,26.416667938,3,0.479283899,0.583920956,0.688333690,-0.439801872,-0.639920413,-14.971434593,-0.889458358,-39.665328979,35,1,0
1585,26.433334351,3,0.490756124,0.576258838,0.688333690,-0.459727526,-0.886577129,-14.956541061,-1.677505255,-51.856098175,35,1,0
1586,26.450000763,3,0.502228379,0.568264604,0.688333690,-0.479653180,-0.749537766,-0.000000000,-1.418632269,0.000000000,35,1,0
1587,26.466667175,3,0.513700604,0.559938312,0.688333690,-0.499578804,-0.696938515,0.000000000,-1.319060922,-0.000000000,35,1,0
1588,26.483335495,3,0.525172830,0.551279902,0.688333690,-0.519504428,-0.683235407,0.000000000,-1.103650093,-0.000000000,35,1,0
1589,26.500001907,3,0.536645055,0.542289436,0.688333690,-0.539430082,-0.679665446,0.000000000,-0.988396347,7.457702637,35,1,0
1590,26.516668320,3,0.548117280,0.532966852,0.688333690,-0.559355736,-0.678735375,0.000000000,-0.789212525,11.264160156,35,1,0
1591,26.533334732,3,0.559589505,0.523312151,0.688333690,-0.579281390,-0.678492963,0.000000000,-0.571704268,13.157640457,35,1,0
1592,26.550001144,3,0.571061730,0.513325334,0.688333690,-0.599207044,-0.678430021,-0.000000000,-0.338672251,14.114070892,35,1,0
1593,26.566667557,3,0.582533956,0.503006458,0.688333690,-0.619132638,-0.678413332,-0.000000000,-0.097911358,14.591609001,35,1,0
1594,26.583333969,3,0.594006181,0.492355496,0.688333690,-0.639058292,-0.678409040,0.000000000,0.146676227,14.828408241,35,1,0
1595,26.600002289,3,0.605478406,0.481372416,0.688333690,-0.658983946,-0.678407967,0.000000000,0.393022656,14.937322617,35,1,0
1596,26.616668701,3,0.616950631,0.470057249,0.688333690,-0.678909600,-0.678407848,0.000000000,0.639919877,14.971435547,35,1,0
1597,26.633335114,3,0.628422856,0.458409965,0.688333690,-0.698835254,-0.678407848,0.000000000,0.886576653,14.956540108,35,1,0
1598,26.650001526,3,0.620337486,0.458214045,-0.603183150,0.057788443,-0.678407848,-0.000000000,0.749537587,0.000000000,35,1,0
1599,26.666667938,3,0.600029588,0.465321839,-1.218472242,0.426466465,-0.678407848,0.000000000,0.696938396,-0.000000000,40,1,0
1600,26.683334351,3,0.579721749,0.472097486,-1.218472242,0.406540811,-0.284793288,24.282512665,0.683235288,0.000000000,40,1,0
1601,26.700000763,3,0.559413850,0.478541076,-1.218472242,0.386615187,0.275392860,35.682994843,0.679665446,0.000000000,40,1,0
1602,26.716667175,3,0.539106011,0.484652579,-1.218472242,0.366689533,0.889458001,39.665325165,0.678735077,-0.000000000,40,1,0
1603,26.733335495,3,0.518798113,0.490431964,-1.218472242,0.346763909,1.677504897,51.856082916,0.678492844,0.000000000,40,1,0
1604,26.750001907,3,0.498490244,0.495879263,-1.218472242,0.326838255,1.418629408,-0.000000000,0.678430021,0.000000000,40,1,0
1605,26.766668320,3,0.478182375,0.500994503,-1.218472242,0.306912601,1.319058180,0.000000000,0.678413630,-0.000000000,40,1,0
1606,26.783334732,3,0.457874477,0.505777597,-1.218472242,0.286986977,1.009675503,-7.406807899,0.284799039,-24.282508850,40,1,0
1607,26.800001144,3,0.437566608,0.510228634,-1.218472242,0.267061323,0.826173782,-11.079418182,-0.275386900,-35.682994843,40,1,0
1608,26.816667557,3,0.423091650,0.510249496,0.156965315,-0.663775086,0.610004187,-13.075320244,-0.889452457,-39.665325165,40,1,0
1609,26.833333969,3,0.425707728,0.498854488,0.156965315,-0.683700740,0.377693176,-14.069569588,-1.677496672,-51.856067657,40,1,0
1610,26.850002289,3,0.428323805,0.487127393,0.156965315,-0.703626394,0.137326375,-14.567245483,-1.418622732,-0.000000000,40,1,0
1611,26.866668701,3,0.430939853,0.475068182,0.156965315,-0.723552048,-0.107058510,-14.815858841,-1.319048405,0.000000000,40,1,0
1612,26.883335114,3,0.433555931,0.462676913,0.156965315,-0.743477702,-0.353331089,-14.932746887,-1.009671926,7.406813622,40,1,0
1613,26.900001526,3,0.436172009,0.449953496,0.156965315,-0.763403296,-0.600252688,-14.972967148,-0.826170206,11.079428673,40,1,0
1614,26.916667938,3,0.438788086,0.436898053,0.156965315,-0.783328950,-0.847015023,-14.963080406,-0.610000312,13.075325966,40,1,0
1615,26.933334351,3,0.441404164,0.423510462,0.156965315,-0.803254604,-0.729440033,-0.000000000,-0.377689093,14.069573402,40,1,0
1616,26.950000763,3,0.444020212,0.409790814,0.156965315,-0.823180199,-0.691702604,0.000000000,-0.137322158,14.567247391,40,1,0
1617,26.966667175,3,0.446636289,0.395739019,0.156965315,-0.843105793,-0.681871355,-0.000000000,0.107062690,14.815860748,40,1,0
1618,26.983335495,3,0.449252367,0.381355166,0.156965315,-0.863031387,-0.679310024,0.000000000,0.353335351,14.932746887,40,1,0
1619,27.000001907,3,0.451868445,0.366639197,0.156965315,-0.882956982,-0.678642869,0.000000000,0.600257039,14.972966194,40,1,0
1620,27.016668320,3,0.454484522,0.351591170,0.156965315,-0.902882576,-0.678468883,0.000000000,0.847019374,14.963080406,40,1,0
1621,27.033334732,3,0.457100570,0.336211026,0.156965315,-0.922808170,-0.678423464,0.000000000,0.729442477,0.000000000,40,1,0
1622,27.050001144,3,0.459716648,0.320498765,0.156965315,-0.942733765,-0.678411841,0.000000000,0.691703260,-0.000000000,40,1,0
1623,27.066667557,3,0.462332726,0.304454446,0.156965315,-0.962659359,-0.678408802,-0.000000000,0.681871653,0.000000000,40,1,0
1624,27.083333969,3,0.464948803,0.288078010,0.156965315,-0.982584953,-0.678407967,-0.000000000,0.679309845,0.000000000,40,1,0
1625,27.100002289,3,0.467564881,0.271369517,0.156965315,-1.002510548,-0.678407848,0.000000000,0.678642571,-0.000000000,40,1,0
1626,27.116668701,3,0.470180929,0.254328907,0.156965315,-1.022436142,-0.678407848,0.000000000,0.678468764,-0.000000000,40,1,0
1627,27.133335114,3,0.472797006,0.236956194,0.156965315,-1.042361736,-0.678407848,-0.000000000,0.678423464,0.000000000,40,1,0
1628,27.150001526,3,0.475413084,0.219251394,0.156965315,-1.062287331,-0.678407848,0.000000000,0.678411841,-0.000000000,40,1,0
1629,27.166667938,3,0.478029162,0.201214507,0.156965315,-1.082212925,-0.678407848,-0.000000000,0.678408802,0.000000000,40,1,0
1630,27.183334351,3,0.479983568,0.186140418,-0.033199094,0.296297848,-0.678407848,0.000000000,0.667722940,-4.054826260,40,1,0
1631,27.200000763,3,0.479430258,0.190746620,-0.033199094,0.276372194,-0.678407848,-0.000000000,0.678997517,0.000000000,40,1,0
1632,27.216667175,3,0.478876919,0.195020720,-0.033199094,0.256446540,-0.678407848,0.000000000,0.678561270,-0.000000000,40,1,0
1633,27.233335495,3,0.478323609,0.198962733,-0.033199094,0.236520916,-0.678407848,-0.000000000,0.678447545,-0.000000000,40,1,0
1634,27.250001907,3,0.477770269,0.202572659,-0.033199094,0.216595262,-0.678407848,0.000000000,0.678417861,0.000000000,40,1,0
1635,27.266668320,3,0.477216959,0.205850482,-0.033199094,0.196669623,-0.678407848,-0.000000000,0.678410113,-0.000000000,40,1,0
1636,27.283334732,3,0.476663649,0.208796218,-0.033199094,0.176743984,-0.678407848,0.000000000,0.678408206,0.000000000,40,1,0
1637,27.300001144,3,0.476110309,0.211409852,-0.033199094,0.156818345,-0.678407848,-0.000000000,0.678407848,-0.000000000,40,1,0
1638,27.316667557,3,0.475556999,0.213691399,-0.033199094,0.136892706,-0.678407848,0.000000000,0.678407848,-0.000000000,40,1,0
1639,27.333333969,3,0.475003660,0.215640858,-0.033199094,0.116967060,-0.678407848,-0.000000000,0.678407848,-0.000000000,40,1,0
1640,27.350002289,3,0.474450350,0.217258215,-0.033199094,0.097041413,-0.678407848,0.000000000,0.678407848,0.000000000,40,1,0
1641,27.366668701,3,0.473897040,0.218543485,-0.033199094,0.077115774,-0.678407848,-0.000000000,0.678407848,-0.000000000,40,1,0
1642,27.383335114,3,0.473343700,0.219496652,-0.033199094,0.057190131,-0.678407848,0.000000000,0.678407848,0.000000000,40,1,0
1643,27.400001526,3,0.472790390,0.220117733,-0.033199094,0.037264489,-0.678407848,-0.000000000,0.678407848,-0.000000000,40,1,0
1644,27.416667938,3,0.472237051,0.220406726,-0.033199094,0.017338850,-0.678407848,0.000000000,0.678407848,0.000000000,40,1,0
1645,27.433334351,3,0.471683741,0.220363617,-0.033199094,-0.002586791,-0.678407848,-0.000000000,0.678407848,-0.000000000,40,1,0
1646,27.450000763,3,0.471130431,0.219988421,-0.033199094,-0.022512432,-0.678407848,0.000000000,0.678407848,0.000000000,40,1,0
1647,27.466667175,3,0.470577091,0.219281122,-0.033199094,-0.042438071,-0.678407848,-0.000000000,0.678407848,-0.000000000,40,1,0
1648,27.483335495,3,0.470023781,0.218241736,-0.033199094,-0.062363714,-0.678407848,0.000000000,0.678407848,0.000000000,40,1,0
1649,27.500001907,3,0.469470441,0.216870263,-0.033199094,-0.082289353,-0.678407848,-0.000000000,0.678407848,-0.000000000,40,1,0
1650,27.516668320,3,0.468917131,0.215166688,-0.033199094,-0.102214992,-0.678407848,0.000000000,0.678407848,0.000000000,40,1,0
1651,27.533334732,3,0.468363822,0.213130996,-0.033199094,-0.122140631,-0.678407848,-0.000000000,0.678407848,-0.000000000,40,1,0
1652,27.550001144,3,0.467810482,0.210763216,-0.033199094,-0.142066270,-0.678407848,0.000000000,0.678407848,0.000000000,40,1,0
1653,27.566667557,3,0.467257172,0.208063334,-0.033199094,-0.161991924,-0.678407848,-0.000000000,0.678407848,-0.000000000,40,1,0
1654,27.583333969,3,0.466703832,0.205031365,-0.033199094,-0.181917563,-0.678407848,0.000000000,0.678407848,0.000000000,40,1,0
1655,27.600002289,3,0.466150522,0.201667309,-0.033199094,-0.201843187,-0.678407848,-0.000000000,0.678407848,-0.000000000,40,1,0
1656,27.616668701,3,0.465597212,0.197971165,-0.033199094,-0.221768826,-0.678407848,0.000000000,0.678407848,0.000000000,40,1,0
1657,27.633335114,3,0.465043873,0.193942934,-0.033199094,-0.241694480,-0.678407848,-0.000000000,0.678407848,-0.000000000,40,1,0
1658,27.650001526,3,0.464490563,0.189582601,-0.033199094,-0.261620104,-0.678407848,0.000000000,0.678407848,0.000000000,40,1,0
1659,27.666667938,3,0.463937223,0.184890166,-0.033199094,-0.281545758,-0.678407848,-0.000000000,0.678407848,-0.000000000,40,1,0
1660,27.683334351,3,0.463383913,0.179865628,-0.033199094,-0.301471412,-0.678407848,0.000000000,0.678407848,0.000000000,40,1,0
1661,27.700000763,3,0.462830603,0.174509019,-0.033199094,-0.321397036,-0.678407848,-0.000000000,0.678407848,-0.000000000,40,1,0
1662,27.716667175,3,0.460675865,0.171248063,-0.175861090,-0.089485213,-0.678407848,0.000000000,0.670706749,-0.718132377,40,1,0
1663,27.733335495,3,0.457744837,0.169424564,-0.175861090,-0.109410845,-0.678407848,-0.000000000,0.679634511,0.000000000,40,1,0
1664,27.750001907,3,0.454813808,0.167268947,-0.175861090,-0.129336491,-0.678407848,0.000000000,0.678727210,-0.000000000,40,1,0
1665,27.766668320,3,0.451882780,0.164781243,-0.175861090,-0.149262130,-0.678407848,-0.000000000,0.678490937,-0.000000000,40,1,0
1666,27.783334732,3,0.448951781,0.161961436,-0.175861090,-0.169187769,-0.284793347,24.282508850,0.678429306,-0.000000000,40,1,0
1667,27.800001144,3,0.446020752,0.158809543,-0.175861090,-0.189113408,0.275392801,35.682994843,0.678413033,-0.000000000,40,1,0
1668,27.816667557,3,0.443089724,0.155325562,-0.175861090,-0.209039047,0.889458060,39.665328979,0.678409040,0.000000000,40,1,0
1669,27.833333969,3,0.440158695,0.151509479,-0.175861090,-0.228964686,1.677504778,51.856075287,0.678407967,-0.000000000,40,1,0
1670,27.850002289,3,0.436763853,0.148223728,-0.203690603,-0.197144881,1.418630958,0.000000000,0.678407967,0.000012614,40,1,0
1671,27.866668701,3,0.433251560,0.144824326,-0.210738063,-0.203964069,1.319059134,0.000000000,0.678407729,-0.000014337,40,1,0
1672,27.883335114,3,0.429621845,0.141311228,-0.217785209,-0.210785896,1.103648782,0.000000000,0.678407848,0.000000015,40,1,0
1673,27.900001526,3,0.425874621,0.137684435,-0.224832803,-0.217606977,0.988394856,-7.457700253,0.678407848,0.000000011,40,1,0
1674,27.916667938,3,0.422009945,0.133943975,-0.231880277,-0.224428177,0.789211750,-11.264159203,0.678407848,0.000000009,40,1,0
1675,27.933334351,3,0.418027818,0.130089819,-0.238927960,-0.231249124,0.571703315,-13.157641411,0.678407848,-0.000000022,40,1,0
1676,27.950000763,3,0.413928211,0.126121983,-0.245975807,-0.238069743,0.338671327,-14.114070892,0.678407848,0.000000006,40,1,0
1677,27.966667175,3,0.409711182,0.122040465,-0.253023118,-0.244891256,0.097910419,-14.591609001,0.678407848,-0.000000061,40,1,0
1678,27.983335495,3,0.379318237,0.147644922,-1.823575735,1.536267877,-0.146677166,-14.828408241,0.455345273,-13.499433517,40,1,0
1679,28.000001907,3,0.348925292,0.172917292,-1.823575735,1.516342282,-0.393023610,-14.937321663,-0.038070295,-30.971845627,40,1,0
1680,28.016668320,3,0.318532377,0.197857574,-1.823575735,1.496416688,-0.639920413,-14.971434593,-0.631917000,-38.149482727,40,1,0
1681,28.033334732,3,0.288139433,0.222465754,-1.823575735,1.476491094,-0.886577129,-14.956541061,-1.316175461,-50.133529663,40,1,0
1682,28.050001144,3,0.257746518,0.246741846,-1.823575735,1.456565499,-0.749537766,-0.000000000,-1.077799678,0.000000000,40,1,0
1683,28.066667557,3,0.227353573,0.270685852,-1.823575735,1.436639905,-0.696938515,0.000000000,-0.991841078,0.000000000,40,1,0
1684,28.083333969,3,0.196960643,0.294297755,-1.823575735,1.416714311,-0.683235407,0.000000000,-0.969923675,0.000000000,40,1,0
1685,28.100002289,3,0.182534918,0.322581351,-0.586227477,1.762896538,-0.679665446,0.000000000,-0.845475495,7.486793995,40,1,0
1686,28.116668701,3,0.183019280,0.358107597,0.029061604,2.131574631,-0.678735375,0.000000000,-0.658219397,11.303372383,45,1,0
1687,28.133335114,3,0.183503643,0.393301755,0.029061604,2.111649036,-0.678492963,0.000000000,-0.439820617,13.212392807,45,1,0
1688,28.150001526,3,0.183988005,0.428163826,0.029061604,2.091723204,-0.678430021,-0.000000000,-0.206105903,14.156204224,45,1,0
1689,28.166667938,3,0.184472352,0.462693781,0.029061604,2.071797609,-0.678413332,-0.000000000,0.035120632,14.620406151,45,1,0
1690,28.183334351,3,0.184956715,0.496891648,0.029061604,2.051871777,-0.678409040,0.000000000,0.279942334,14.842906952,45,1,0
1691,28.200000763,3,0.185441077,0.530757427,0.029061604,2.031946182,-0.678407967,0.000000000,0.526282489,14.936944962,45,1,0
1692,28.216669083,3,0.185925439,0.564291120,0.029061604,2.012020588,-0.678407848,0.000000000,0.772935867,14.956320763,45,1,0
1693,28.233335495,3,0.186409801,0.597492695,0.029061604,1.992094755,-0.678407848,0.000000000,0.702997506,0.000000000,45,1,0
1694,28.250001907,3,0.186894149,0.630362153,0.029061604,1.972169161,-0.678407848,-0.000000000,0.684813976,0.000000000,45,1,0
1695,28.266668320,3,0.187378511,0.662899613,0.029061604,1.952243447,-0.678407848,0.000000000,0.680076480,0.000000000,45,1,0
1696,28.283334732,3,0.187862873,0.695104897,0.029061604,1.932317734,-0.284793288,24.282512665,0.678842604,0.000000000,45,1,0
1697,28.300001144,3,0.188347235,0.726978123,0.029061604,1.912392020,0.275392860,35.682994843,0.678520977,0.000000000,45,1,0
1698,28.316667557,3,0.188831598,0.758519232,0.029061604,1.892466307,0.889458001,39.665325165,0.678437173,-0.000000000,45,1,0
1699,28.333333969,3,0.189315945,0.789728224,0.029061604,1.872540712,1.677504897,51.856082916,0.678415477,-0.000000000,45,1,0
1700,28.350002289,3,0.189800307,0.820605099,0.029061604,1.852614999,1.418629408,-0.000000000,0.678409755,-0.000000000,45,1,0
1701,28.366668701,3,0.190284669,0.851149917,0.029061604,1.832689285,1.319058180,0.000000000,0.678408206,-0.000000000,45,1,0
1702,28.383335114,3,0.190769032,0.881362617,0.029061604,1.812763572,1.009675503,-7.406807899,0.284793645,-24.282510757,45,1,0
1703,28.400001526,3,0.195827514,0.888524234,0.596618891,-0.955680847,0.826173782,-11.079418182,-0.275392592,-35.682994843,45,1,0
1704,28.416667938,3,0.205771163,0.872264087,0.596618891,-0.975606441,0.610004187,-13.075320244,-0.889458179,-39.665328979,45,1,0
1705,28.433334351,3,0.215714812,0.855671883,0.596618891,-0.995532036,0.377693176,-14.069569588,-1.677505255,-51.856094360,45,1,0
1706,28.450000763,3,0.225658461,0.838747621,0.596618891,-1.015457630,0.137326375,-14.567245483,-1.418632150,0.000000000,45,1,0
1707,28.466669083,3,0.235602111,0.821491241,0.596618891,-1.035383224,-0.107058510,-14.815858841,-1.319059968,-0.000000000,45,1,0
1708,28.483335495,3,0.245545775,0.803902745,0.596618891,-1.055308819,-0.353331089,-14.932746887,-1.009676099,7.406810760,45,1,0
1709,28.500001907,3,0.255489409,0.785982132,0.596618891,-1.075234413,-0.600252688,-14.972967148,-0.826174557,11.079417229,45,1,0
1710,28.516668320,3,0.265433073,0.767729461,0.596618891,-1.095160007,-0.847015023,-14.963080406,-0.610004783,13.075321198,45,1,0
1711,28.533334732,3,0.275376737,0.749144673,0.596618891,-1.115085602,-0.729440033,-0.000000000,-0.377693594,14.069569588,45,1,0
1712,28.550001144,3,0.285320371,0.730227828,0.596618891,-1.135011196,-0.691702604,0.000000000,-0.137326762,14.567244530,45,1,0
1713,28.566667557,3,0.295264035,0.710978866,0.596618891,-1.154936790,-0.681871355,-0.000000000,0.107058212,14.815858841,45,1,0
1714,28.583333969,3,0.305207670,0.691397846,0.596618891,-1.174862385,-0.679310024,0.000000000,0.353330791,14.932746887,45,1,0
1715,28.600002289,3,0.315151334,0.671484709,0.596618891,-1.194787979,-0.678642869,0.000000000,0.600252748,14.972966194,45,1,0
1716,28.616668701,3,0.325094998,0.651239514,0.596618891,-1.214713573,-0.678468883,0.000000000,0.847015023,14.963080406,45,1,0
1717,28.633335114,3,0.335038632,0.630662143,0.596618891,-1.234639168,-0.678423464,0.000000000,0.729440033,0.000000000,45,1,0
1718,28.650001526,3,0.320171297,0.634241164,-0.856980801,0.179680794,-0.678411841,0.000000000,0.691702545,0.000000000,45,1,0
1719,28.666667938,3,0.297311902,0.645480156,-1.371564865,0.674339175,-0.678408802,-0.000000000,0.681871533,0.000000000,45,1,0
1720,28.683334351,3,0.274452507,0.656387031,-1.371564865,0.654413581,-0.678407967,-0.000000000,0.679309845,0.000000000,45,1,0
1721,28.700000763,3,0.251593083,0.666961849,-1.371564865,0.634487927,-0.678407848,0.000000000,0.678642571,-0.000000000,45,1,0
1722,28.716669083,3,0.228733689,0.677204549,-1.371564865,0.614562273,-0.678407848,0.000000000,0.678468764,-0.000000000,45,1,0
1723,28.733335495,3,0.205874279,0.687115192,-1.371564865,0.594636619,-0.678407848,-0.000000000,0.678423464,0.000000000,45,1,0
1724,28.750001907,3,0.183014855,0.696693718,-1.371564865,0.574710965,-0.678407848,0.000000000,0.678411841,-0.000000000,45,1,0
1725,28.766668320,3,0.160155445,0.705940127,-1.371564865,0.554785371,-0.678407848,-0.000000000,0.678408802,0.000000000,45,1,0
1726,28.783334732,3,0.137296021,0.714854479,-1.371564865,0.534859717,-0.678407848,0.000000000,0.678407967,-0.000000000,45,1,0
1727,28.800001144,3,0.114436604,0.723436713,-1.371564865,0.514934063,-0.678407848,-0.000000000,0.678407848,0.000000000,45,1,0
1728,28.816667557,3,0.091577187,0.731686890,-1.371564865,0.495008409,-0.678407848,0.000000000,0.678407848,-0.000000000,45,1,0
1729,28.833333969,3,0.068717763,0.739604890,-1.371564865,0.475082785,-0.678407848,-0.000000000,0.678407848,0.000000000,45,1,0
1730,28.850002289,3,0.045858350,0.747190833,-1.371564865,0.455157131,-0.678407848,0.000000000,0.678407848,-0.000000000,45,1,0
1731,28.866668701,3,0.022998935,0.754444718,-1.371564865,0.435231507,-0.678407848,-0.000000000,0.678407848,0.000000000,45,1,0
1732,28.883335114,3,0.036785632,0.761733949,0.768076301,0.437355191,-0.678407848,0.000000000,0.678407848,-0.000000000,45,1,0
1733,28.900001526,3,0.049586903,0.768691123,0.768076301,0.417429537,-0.678407848,-0.000000000,0.678407848,0.000000000,45,1,0
1734,28.916667938,3,0.062388174,0.775316179,0.768076301,0.397503912,-0.678407848,0.000000000,0.678407848,-0.000000000,45,1,0
1735,28.933334351,3,0.075189449,0.781609178,0.768076301,0.377578259,-0.678407848,-0.000000000,0.678407848,0.000000000,45,1,0
1736,28.950000763,3,0.087990716,0.787570059,0.768076301,0.357652605,-0.678407848,0.000000000,0.678407848,-0.000000000,45,1,0
1737,28.966669083,3,0.100791991,0.793198824,0.768076301,0.337726980,-0.678407848,-0.000000000,0.678407848,0.000000000,45,1,0
1738,28.983335495,3,0.113593265,0.798495531,0.768076301,0.317801327,-0.678407848,0.000000000,0.678407848,-0.000000000,45,1,0
1739,29.000001907,3,0.126394540,0.803460121,0.768076301,0.297875702,-0.678407848,-0.000000000,0.678407848,0.000000000,45,1,0
1740,29.016668320,3,0.139195830,0.808092594,0.768076301,0.277950048,-0.678407848,0.000000000,0.678407848,-0.000000000,45,1,0
1741,29.033334732,3,0.151997104,0.812393010,0.768076301,0.258024395,-0.678407848,-0.000000000,0.678407848,0.000000000,45,1,0
1742,29.050001144,3,0.164798379,0.816361308,0.768076301,0.238098770,-0.678407848,0.000000000,0.678407848,-0.000000000,45,1,0
1743,29.066667557,3,0.177599654,0.819997609,0.768076301,0.218173116,-0.678407848,-0.000000000,0.678407848,0.000000000,45,1,0
1744,29.083333969,3,0.190400928,0.823301673,0.768076301,0.198247477,-0.678407848,0.000000000,0.678407848,-0.000000000,45,1,0
1745,29.100002289,3,0.203202203,0.826273739,0.768076301,0.178321838,-0.678407848,-0.000000000,0.678407848,0.000000000,45,1,0
1746,29.116668701,3,0.216003463,0.828913689,0.768076301,0.158396199,-0.678407848,0.000000000,0.678407848,-0.000000000,45,1,0
1747,29.133335114,3,0.228804737,0.831221461,0.768076301,0.138470560,-0.678407848,-0.000000000,0.678407848,0.000000000,45,1,0
1748,29.150001526,3,0.241605997,0.833197236,0.768076301,0.118544914,-0.678407848,0.000000000,0.678407848,-0.000000000,45,1,0
1749,29.166667938,3,0.254407257,0.834840894,0.768076301,0.098619267,-0.678407848,-0.000000000,0.678407848,0.000000000,45,1,0
1750,29.183334351,3,0.267208517,0.836152434,0.768076301,0.078693628,-0.678407848,0.000000000,0.678407848,-0.000000000,45,1,0
1751,29.200000763,3,0.280009806,0.837131858,0.768076301,0.058767986,-0.678407848,-0.000000000,0.678407848,0.000000000,45,1,0
1752,29.216669083,3,0.292811066,0.837779224,0.768076301,0.038842343,-0.678407848,0.000000000,0.678407848,-0.000000000,45,1,0
1753,29.233335495,3,0.305612326,0.838094532,0.768076301,0.018916704,-0.678407848,-0.000000000,0.678407848,0.000000000,45,1,0
1754,29.250001907,3,0.318413585,0.838077724,0.768076301,-0.001008937,-0.678407848,0.000000000,0.678407848,-0.000000000,45,1,0
1755,29.266668320,3,0.331214845,0.837728798,0.768076301,-0.020934578,-0.678407848,-0.000000000,0.678407848,0.000000000,45,1,0
1756,29.283334732,3,0.344016135,0.837047756,0.768076301,-0.040860217,-0.678407848,0.000000000,0.678407848,-0.000000000,45,1,0
1757,29.300001144,3,0.356817394,0.836034656,0.768076301,-0.060785860,-0.678407848,-0.000000000,0.678407848,0.000000000,45,1,0
1758,29.316667557,3,0.369618654,0.834689498,0.768076301,-0.080711499,-0.678407848,0.000000000,0.678407848,-0.000000000,45,1,0
1759,29.333333969,3,0.382419914,0.833012223,0.768076301,-0.100637138,-0.678407848,-0.000000000,0.678407848,0.000000000,45,1,0
1760,29.350002289,3,0.395221174,0.831002831,0.768076301,-0.120562777,-0.678407848,0.000000000,0.678407848,-0.000000000,45,1,0
1761,29.366668701,3,0.408022463,0.828661323,0.768076301,-0.140488416,-0.678407848,-0.000000000,0.678407848,0.000000000,45,1,0
1762,29.383335114,3,0.420823723,0.825987816,0.768076301,-0.160414070,-0.284793347,24.282508850,0.678407848,-0.000000000,45,1,0
1763,29.400001526,3,0.433624983,0.822982132,0.768076301,-0.180339709,0.275392801,35.682994843,0.678407848,0.000000000,45,1,0
1764,29.416667938,3,0.446426243,0.819644332,0.768076301,-0.200265333,0.889458060,39.665328979,0.678407848,-0.000000000,45,1,0
1765,29.433334351,3,0.459227502,0.815974534,0.768076301,-0.220190972,1.677504778,51.856075287,0.678407848,0.000000000,45,1,0
1766,29.450000763,3,0.472028792,0.811972618,0.768076301,-0.240116626,1.418630958,0.000000000,0.678407848,-0.000000000,45,1,0
1767,29.466669083,3,0.484830052,0.807638526,0.768076301,-0.260042250,1.319059134,0.000000000,0.678407848,0.000000000,45,1,0
1768,29.483335495,3,0.497631311,0.802972436,0.768076301,-0.279967904,1.103648782,0.000000000,0.678407848,-0.000000000,45,1,0
1769,29.500001907,3,0.510432601,0.797974229,0.768076301,-0.299893558,0.988394856,-7.457700253,0.678407848,0.000000000,45,1,0
1770,29.516668320,3,0.523233831,0.792643905,0.768076301,-0.319819182,0.789211750,-11.264159203,0.678407848,-0.000000000,45,1,0
1771,29.533334732,3,0.536035120,0.786981463,0.768076301,-0.339744836,0.571703315,-13.157641411,0.678407848,0.000000000,45,1,0
1772,29.550001144,3,0.548836350,0.780986965,0.768076301,-0.359670460,0.338671327,-14.114070892,0.678407848,-0.000000000,45,1,0
1773,29.566667557,3,0.561637640,0.774660408,0.768076301,-0.379596114,0.097910419,-14.591609001,0.678407848,0.000000000,45,1,0
1774,29.583333969,3,0.574438930,0.768001676,0.768076301,-0.399521768,-0.146677166,-14.828408241,0.284793347,-24.282508850,45,1,0
1775,29.600002289,3,0.587240160,0.761010945,0.768076301,-0.419447362,-0.393023610,-14.937321663,-0.275392860,-35.682994843,45,1,0
1776,29.616668701,3,0.600041449,0.753688037,0.768076301,-0.439373016,-0.639920413,-14.971434593,-0.889458358,-39.665328979,45,1,0
1777,29.633335114,3,0.612842679,0.746033072,0.768076301,-0.459298670,-0.886577129,-14.956541061,-1.677505255,-51.856098175,45,1,0
1778,29.650001526,3,0.625643969,0.738045990,0.768076301,-0.479224294,-0.749537766,-0.000000000,-1.418632269,0.000000000,45,1,0
1779,29.666667938,3,0.638445258,0.729726791,0.768076301,-0.499149948,-0.696938515,0.000000000,-1.319060922,-0.000000000,45,1,0
1780,29.683334351,3,0.651246488,0.721075535,0.768076301,-0.519075572,-0.683235407,0.000000000,-1.103650093,-0.000000000,45,1,0
1781,29.700000763,3,0.664047778,0.712092161,0.768076301,-0.539001226,-0.679665446,0.000000000,-0.988396347,7.457702637,45,1,0
1782,29.716669083,3,0.676849008,0.702776730,0.768076301,-0.558926880,-0.678735375,0.000000000,-0.789212525,11.264160156,45,1,0
1783,29.733335495,3,0.689650297,0.693129182,0.768076301,-0.578852534,-0.678492963,0.000000000,-0.571704268,13.157640457,45,1,0
1784,29.750001907,3,0.692962706,0.683500290,-0.430122763,-0.549358368,-0.678430021,-0.000000000,-0.338672251,14.114070892,45,1,0
1785,29.766668320,3,0.685793996,0.674012244,-0.430122763,-0.569284022,-0.678413332,-0.000000000,-0.097911358,14.591609001,45,1,0
1786,29.783334732,3,0.678625226,0.664192080,-0.430122763,-0.589209676,-0.678409040,0.000000000,0.146676227,14.828408241,45,1,0
1787,29.800001144,3,0.671456516,0.654039800,-0.430122763,-0.609135270,-0.678407967,0.000000000,0.393022656,14.937322617,45,1,0
1788,29.816667557,3,0.664287806,0.643555462,-0.430122763,-0.629060924,-0.678407848,0.000000000,0.639919877,14.971435547,45,1,0
1789,29.833333969,3,0.657119095,0.632739007,-0.430122763,-0.648986578,-0.678407848,0.000000000,0.886576653,14.956540108,45,1,0
1790,29.850002289,3,0.649950385,0.621590495,-0.430122763,-0.668912232,-0.678407848,-0.000000000,0.749537587,0.000000000,45,1,0
1791,29.866668701,3,0.642781615,0.610109866,-0.430122763,-0.688837886,-0.678407848,0.000000000,0.696938396,-0.000000000,45,1,0
1792,29.883335114,3,0.635612905,0.598297119,-0.430122763,-0.708763480,-0.284793288,24.282512665,0.683235288,0.000000000,45,1,0
1793,29.900001526,3,0.628444195,0.586152315,-0.430122763,-0.728689134,0.275392860,35.682994843,0.679665446,0.000000000,45,1,0
1794,29.916667938,3,0.621275485,0.573675394,-0.430122763,-0.748614788,0.889458001,39.665325165,0.678735077,-0.000000000,45,1,0
1795,29.933334351,3,0.614106774,0.560866416,-0.430122763,-0.768540442,1.677504897,51.856082916,0.678492844,0.000000000,45,1,0
1796,29.950000763,3,0.606938004,0.547725320,-0.430122763,-0.788466096,1.418629408,-0.000000000,0.678430021,0.000000000,45,1,0
1797,29.966669083,3,0.599769294,0.534252107,-0.430122763,-0.808391690,1.319058180,0.000000000,0.678413630,-0.000000000,45,1,0
1798,29.983335495,3,0.592600584,0.520446837,-0.430122763,-0.828317285,1.009675503,-7.406807899,0.284799039,-24.282508850,45,1,0
1799,30.000001907,3,0.585431874,0.506309450,-0.430122763,-0.848242879,0.826173782,-11.079418182,-0.275386900,-35.682994843,45,1,0
1800,30.016668320,3,0.578263164,0.491839975,-0.430122763,-0.868168473,0.610004187,-13.075320244,-0.889452457,-39.665325165,45,1,0
1801,30.033334732,3,0.571094394,0.477038443,-0.430122763,-0.888094068,0.377693176,-14.069569588,-1.677496672,-51.856067657,45,1,0
1802,30.050001144,3,0.563925683,0.461904764,-0.430122763,-0.908019662,0.137326375,-14.567245483,-1.418622732,-0.000000000,45,1,0
1803,30.066667557,3,0.556756973,0.446439028,-0.430122763,-0.927945256,-0.107058510,-14.815858841,-1.319048405,0.000000000,45,1,0
1804,30.083333969,3,0.549588263,0.430641174,-0.430122763,-0.947870851,-0.353331089,-14.932746887,-1.009671926,7.406813622,45,1,0
1805,30.100002289,3,0.542419553,0.414511263,-0.430122763,-0.967796445,-0.600252688,-14.972967148,-0.826170206,11.079428673,45,1,0
1806,30.116668701,3,0.535250783,0.398049206,-0.430122763,-0.987722039,-0.847015023,-14.963080406,-0.610000312,13.075325966,45,1,0
1807,30.133335114,3,0.528082073,0.381255090,-0.430122763,-1.007647634,-0.729440033,-0.000000000,-0.377689093,14.069573402,45,1,0
1808,30.150001526,3,0.520913363,0.364128858,-0.430122763,-1.027573228,-0.691702604,0.000000000,-0.137322158,14.567247391,45,1,0
1809,30.166667938,3,0.513744652,0.346670538,-0.430122763,-1.047498822,-0.681871355,-0.000000000,0.107062690,14.815860748,45,1,0
1810,30.183334351,3,0.506575942,0.328880131,-0.430122763,-1.067424417,-0.679310024,0.000000000,0.353335351,14.932746887,45,1,0
1811,30.200000763,3,0.499407202,0.310757607,-0.430122763,-1.087350011,-0.678642869,0.000000000,0.600257039,14.972966194,45,1,0
1812,30.216669083,3,0.492238462,0.292303026,-0.430122763,-1.107275605,-0.678468883,0.000000000,0.847019374,14.963080406,45,1,0
1813,30.233335495,3,0.485069752,0.273516327,-0.430122763,-1.127201200,-0.678423464,0.000000000,0.729442477,0.000000000,45,1,0
1814,30.250001907,3,0.477901042,0.254397541,-0.430122763,-1.147126794,-0.678411841,0.000000000,0.691703260,-0.000000000,45,1,0
1815,30.266668320,3,0.470732301,0.234946653,-0.430122763,-1.167052388,-0.678408802,-0.000000000,0.681871653,0.000000000,45,1,0
1816,30.283334732,3,0.463563591,0.215163678,-0.430122763,-1.186977983,-0.678407967,-0.000000000,0.679309845,0.000000000,45,1,0
1817,30.300001144,3,0.456394851,0.195048615,-0.430122763,-1.206903577,-0.678407848,0.000000000,0.678642571,-0.000000000,45,1,0
1818,30.316667557,3,0.449226141,0.174601465,-0.430122763,-1.226829171,-0.678407848,0.000000000,0.678468764,-0.000000000,45,1,0
1819,30.333333969,3,0.442057431,0.153822213,-0.430122763,-1.246754766,-0.678407848,-0.000000000,0.678423464,0.000000000,45,1,0
1820,30.350002289,3,0.428464353,0.143464983,-0.849760830,-0.538635135,-0.678407848,0.000000000,0.686303914,0.551536500,45,1,0
1821,30.366668701,3,0.414301693,0.134155631,-0.849760830,-0.558560729,-0.678407848,-0.000000000,0.691904664,0.000000000,45,1,0
1822,30.383335114,3,0.400139004,0.124514185,-0.849760830,-0.578486383,-0.678407848,0.000000000,0.681923985,-0.000000000,45,1,0
1823,30.400001526,3,0.385976315,0.114540651,-0.849760830,-0.598412037,-0.678407848,-0.000000000,0.679323912,-0.000000000,45,1,0
1824,30.416667938,3,0.371813625,0.104235016,-0.849760830,-0.618337691,-0.678407848,0.000000000,0.678646326,-0.000000000,45,1,0
1825,30.433334351,3,0.357650936,0.093597293,-0.849760830,-0.638263345,-0.678407848,-0.000000000,0.678469718,-0.000000000,45,1,0
1826,30.450000763,3,0.343488276,0.082627475,-0.849760830,-0.658188939,-0.678407848,0.000000000,0.678424060,0.000000000,45,1,0
1827,30.466669083,3,0.329325587,0.071325563,-0.849760830,-0.678114593,-0.678407848,-0.000000000,0.678411841,-0.000000000,45,1,0
1828,30.483335495,3,0.315162897,0.059691560,-0.849760830,-0.698040247,-0.678407848,0.000000000,0.678408802,-0.000000000,45,1,0
1829,30.500001907,3,0.301000208,0.047725461,-0.849760830,-0.717965901,-0.678407848,-0.000000000,0.678407967,-0.000000000,45,1,0
1830,30.516668320,3,0.286837518,0.035427269,-0.849760830,-0.737891555,-0.678407848,0.000000000,0.678407848,0.000000000,45,0,1
1831,30.533334732,3,0.272666276,0.024024980,-0.881660938,0.151563451,-0.678407848,-0.000000000,0.678407848,-0.000000000,45,0,1
1832,30.550001144,3,0.257971942,0.026218945,-0.881660938,0.131637812,-0.678407848,0.000000000,0.678407848,0.000000000,45,0,1
1833,30.566667557,3,0.243277580,0.028080815,-0.881660938,0.111712173,-0.678407848,-0.000000000,0.678407848,-0.000000000,45,0,1
1834,30.583335876,3,0.228583217,0.029610593,-0.881660938,0.091786526,-0.678407848,0.000000000,0.678407848,0.000000000,45,0,1
1835,30.600002289,3,0.213888854,0.030808274,-0.881660938,0.071860887,-0.678407848,-0.000000000,0.678407848,-0.000000000,45,0,1
1836,30.616668701,3,0.199194521,0.031673860,-0.881660938,0.051935244,-0.678407848,0.000000000,0.678407848,0.000000000,45,0,1
1837,30.633335114,3,0.184500173,0.032207355,-0.881660938,0.032009602,-0.678407848,-0.000000000,0.678407848,-0.000000000,45,0,1
1838,30.650001526,3,0.169805825,0.032408752,-0.881660938,0.012083961,-0.678407848,0.000000000,0.678407848,0.000000000,45,0,1
1839,30.666667938,3,0.155111477,0.032278057,-0.881660938,-0.007841679,-0.678407848,-0.000000000,0.678407848,-0.000000000,45,0,1
1840,30.683334351,3,0.140417129,0.031815268,-0.881660938,-0.027767319,-0.678407848,0.000000000,0.678407848,0.000000000,45,0,1
1841,30.700000763,3,0.125722796,0.031020388,-0.881660938,-0.047692962,-0.678407848,-0.000000000,0.678407848,-0.000000000,45,0,1
